Codigo de caso,Cantidad de gimnasios,Cantidad de paradas,Capacidad de la mochila,Tiempo,Distancia del camino,Cantidad de cambios
1, 1, 100, 20, 18, 39.2324, 2
1, 1, 100, 20, 20, 39.2324, 2
1, 1, 100, 20, 7, 39.2324, 2
1, 1, 100, 20, 6, 39.2324, 2
1, 1, 100, 20, 6, 39.2324, 2
1, 1, 100, 20, 7, 39.2324, 2
1, 1, 100, 20, 12, 39.2324, 2
1, 1, 100, 20, 9, 39.2324, 2
1, 1, 100, 20, 8, 39.2324, 2
1, 1, 100, 20, 7, 39.2324, 2
1, 1, 100, 20, 7, 39.2324, 2
1, 1, 100, 20, 10, 39.2324, 2
1, 1, 100, 20, 9, 39.2324, 2
1, 1, 100, 20, 7, 39.2324, 2
1, 1, 100, 20, 9, 39.2324, 2
1, 1, 100, 20, 8, 39.2324, 2
1, 1, 100, 20, 8, 39.2324, 2
1, 1, 100, 20, 7, 39.2324, 2
1, 1, 100, 20, 21, 39.2324, 2
1, 1, 100, 20, 19, 39.2324, 2
1, 1, 100, 20, 8, 39.2324, 2
1, 1, 100, 20, 8, 39.2324, 2
1, 1, 100, 20, 21, 39.2324, 2
1, 1, 100, 20, 6, 39.2324, 2
1, 1, 100, 20, 19, 39.2324, 2
1, 1, 100, 20, 6, 39.2324, 2
1, 1, 100, 20, 7, 39.2324, 2
1, 1, 100, 20, 12, 39.2324, 2
1, 1, 100, 20, 8, 39.2324, 2
1, 1, 100, 20, 7, 39.2324, 2
1, 1, 100, 20, 7, 39.2324, 2
1, 1, 100, 20, 7, 39.2324, 2
1, 1, 100, 20, 15, 39.2324, 2
1, 1, 100, 20, 8, 39.2324, 2
1, 1, 100, 20, 10, 39.2324, 2
1, 1, 100, 20, 8, 39.2324, 2
1, 1, 100, 20, 9, 39.2324, 2
1, 1, 100, 20, 9, 39.2324, 2
1, 1, 100, 20, 7, 39.2324, 2
1, 1, 100, 20, 6, 39.2324, 2
1, 1, 100, 20, 12, 39.2324, 2
1, 1, 100, 20, 10, 39.2324, 2
1, 1, 100, 20, 6, 39.2324, 2
1, 1, 100, 20, 12, 39.2324, 2
1, 1, 100, 20, 8, 39.2324, 2
1, 1, 100, 20, 9, 39.2324, 2
1, 1, 100, 20, 16, 39.2324, 2
1, 1, 100, 20, 11, 39.2324, 2
1, 1, 100, 20, 7, 39.2324, 2
1, 1, 100, 20, 7, 39.2324, 2
1, 1, 100, 20, 8, 39.2324, 2
1, 1, 100, 20, 13, 39.2324, 2
1, 1, 100, 20, 13, 39.2324, 2
1, 1, 100, 20, 7, 39.2324, 2
1, 1, 100, 20, 7, 39.2324, 2
1, 1, 100, 20, 22, 39.2324, 2
1, 1, 100, 20, 11, 39.2324, 2
1, 1, 100, 20, 9, 39.2324, 2
1, 1, 100, 20, 12, 39.2324, 2
1, 1, 100, 20, 8, 39.2324, 2
1, 1, 100, 20, 13, 39.2324, 2
1, 1, 100, 20, 8, 39.2324, 2
1, 1, 100, 20, 8, 39.2324, 2
1, 1, 100, 20, 7, 39.2324, 2
1, 1, 100, 20, 15, 39.2324, 2
1, 1, 100, 20, 8, 39.2324, 2
1, 1, 100, 20, 8, 39.2324, 2
1, 1, 100, 20, 18, 39.2324, 2
1, 1, 100, 20, 19, 39.2324, 2
1, 1, 100, 20, 14, 39.2324, 2
1, 1, 100, 20, 10, 39.2324, 2
1, 1, 100, 20, 6, 39.2324, 2
1, 1, 100, 20, 9, 39.2324, 2
1, 1, 100, 20, 10, 39.2324, 2
1, 1, 100, 20, 9, 39.2324, 2
1, 1, 100, 20, 49, 39.2324, 2
1, 1, 100, 20, 10, 39.2324, 2
1, 1, 100, 20, 6, 39.2324, 2
1, 1, 100, 20, 7, 39.2324, 2
1, 1, 100, 20, 14, 39.2324, 2
101, 101, 100, 20, 4382, -1, 2
101, 101, 100, 20, 4693, -1, 2
101, 101, 100, 20, 5326, -1, 2
101, 101, 100, 20, 4956, -1, 2
101, 101, 100, 20, 4923, -1, 2
101, 101, 100, 20, 4613, -1, 2
101, 101, 100, 20, 5180, -1, 2
101, 101, 100, 20, 4612, -1, 2
101, 101, 100, 20, 4736, -1, 2
101, 101, 100, 20, 4519, -1, 2
101, 101, 100, 20, 4355, -1, 2
101, 101, 100, 20, 5449, -1, 2
101, 101, 100, 20, 4410, -1, 2
101, 101, 100, 20, 4807, -1, 2
101, 101, 100, 20, 4433, -1, 2
101, 101, 100, 20, 4392, -1, 2
101, 101, 100, 20, 4401, -1, 2
101, 101, 100, 20, 4385, -1, 2
101, 101, 100, 20, 5328, -1, 2
101, 101, 100, 20, 5692, -1, 2
101, 101, 100, 20, 4769, -1, 2
101, 101, 100, 20, 4417, -1, 2
101, 101, 100, 20, 5973, -1, 2
101, 101, 100, 20, 4417, -1, 2
101, 101, 100, 20, 4738, -1, 2
101, 101, 100, 20, 4450, -1, 2
101, 101, 100, 20, 4714, -1, 2
101, 101, 100, 20, 5338, -1, 2
101, 101, 100, 20, 4732, -1, 2
101, 101, 100, 20, 4411, -1, 2
101, 101, 100, 20, 4409, -1, 2
101, 101, 100, 20, 4510, -1, 2
101, 101, 100, 20, 5890, -1, 2
101, 101, 100, 20, 4443, -1, 2
101, 101, 100, 20, 4385, -1, 2
101, 101, 100, 20, 4531, -1, 2
101, 101, 100, 20, 4435, -1, 2
101, 101, 100, 20, 4464, -1, 2
101, 101, 100, 20, 4360, -1, 2
101, 101, 100, 20, 4385, -1, 2
101, 101, 100, 20, 4648, -1, 2
101, 101, 100, 20, 4428, -1, 2
101, 101, 100, 20, 4355, -1, 2
101, 101, 100, 20, 4439, -1, 2
101, 101, 100, 20, 4413, -1, 2
101, 101, 100, 20, 4384, -1, 2
101, 101, 100, 20, 4595, -1, 2
101, 101, 100, 20, 4376, -1, 2
101, 101, 100, 20, 5766, -1, 2
101, 101, 100, 20, 5300, -1, 2
101, 101, 100, 20, 4405, -1, 2
101, 101, 100, 20, 5292, -1, 2
101, 101, 100, 20, 5485, -1, 2
101, 101, 100, 20, 4433, -1, 2
101, 101, 100, 20, 4945, -1, 2
101, 101, 100, 20, 4394, -1, 2
101, 101, 100, 20, 5013, -1, 2
101, 101, 100, 20, 4575, -1, 2
101, 101, 100, 20, 4918, -1, 2
101, 101, 100, 20, 4819, -1, 2
101, 101, 100, 20, 4370, -1, 2
101, 101, 100, 20, 4622, -1, 2
101, 101, 100, 20, 5911, -1, 2
101, 101, 100, 20, 5452, -1, 2
101, 101, 100, 20, 8717, -1, 2
101, 101, 100, 20, 4605, -1, 2
101, 101, 100, 20, 4389, -1, 2
101, 101, 100, 20, 4452, -1, 2
101, 101, 100, 20, 4365, -1, 2
101, 101, 100, 20, 4444, -1, 2
101, 101, 100, 20, 4381, -1, 2
101, 101, 100, 20, 5576, -1, 2
101, 101, 100, 20, 5715, -1, 2
101, 101, 100, 20, 4434, -1, 2
101, 101, 100, 20, 4638, -1, 2
101, 101, 100, 20, 4639, -1, 2
101, 101, 100, 20, 4370, -1, 2
101, 101, 100, 20, 4395, -1, 2
101, 101, 100, 20, 4547, -1, 2
101, 101, 100, 20, 4400, -1, 2
201, 201, 100, 20, 13616, 27665.1, 2
201, 201, 100, 20, 13467, 27665.1, 2
201, 201, 100, 20, 14144, 27665.1, 2
201, 201, 100, 20, 16123, 27665.1, 2
201, 201, 100, 20, 14102, 27665.1, 2
201, 201, 100, 20, 13989, 27665.1, 2
201, 201, 100, 20, 14115, 27665.1, 2
201, 201, 100, 20, 14391, 27665.1, 2
201, 201, 100, 20, 14056, 27665.1, 2
201, 201, 100, 20, 13408, 27665.1, 2
201, 201, 100, 20, 14082, 27665.1, 2
201, 201, 100, 20, 14112, 27665.1, 2
201, 201, 100, 20, 13989, 27665.1, 2
201, 201, 100, 20, 14034, 27665.1, 2
201, 201, 100, 20, 14003, 27665.1, 2
201, 201, 100, 20, 17044, 27665.1, 2
201, 201, 100, 20, 15476, 27665.1, 2
201, 201, 100, 20, 16401, 27665.1, 2
201, 201, 100, 20, 13313, 27665.1, 2
201, 201, 100, 20, 14071, 27665.1, 2
201, 201, 100, 20, 16262, 27665.1, 2
201, 201, 100, 20, 14239, 27665.1, 2
201, 201, 100, 20, 13745, 27665.1, 2
201, 201, 100, 20, 13947, 27665.1, 2
201, 201, 100, 20, 14172, 27665.1, 2
201, 201, 100, 20, 14395, 27665.1, 2
201, 201, 100, 20, 14243, 27665.1, 2
201, 201, 100, 20, 13612, 27665.1, 2
201, 201, 100, 20, 13255, 27665.1, 2
201, 201, 100, 20, 13332, 27665.1, 2
201, 201, 100, 20, 14184, 27665.1, 2
201, 201, 100, 20, 14188, 27665.1, 2
201, 201, 100, 20, 14176, 27665.1, 2
201, 201, 100, 20, 14171, 27665.1, 2
201, 201, 100, 20, 13876, 27665.1, 2
201, 201, 100, 20, 14852, 27665.1, 2
201, 201, 100, 20, 13566, 27665.1, 2
201, 201, 100, 20, 14340, 27665.1, 2
201, 201, 100, 20, 14463, 27665.1, 2
201, 201, 100, 20, 13844, 27665.1, 2
201, 201, 100, 20, 13200, 27665.1, 2
201, 201, 100, 20, 13340, 27665.1, 2
201, 201, 100, 20, 13665, 27665.1, 2
201, 201, 100, 20, 13599, 27665.1, 2
201, 201, 100, 20, 18580, 27665.1, 2
201, 201, 100, 20, 13481, 27665.1, 2
201, 201, 100, 20, 14003, 27665.1, 2
201, 201, 100, 20, 14119, 27665.1, 2
201, 201, 100, 20, 13328, 27665.1, 2
201, 201, 100, 20, 13339, 27665.1, 2
201, 201, 100, 20, 18075, 27665.1, 2
201, 201, 100, 20, 13773, 27665.1, 2
201, 201, 100, 20, 14102, 27665.1, 2
201, 201, 100, 20, 14115, 27665.1, 2
201, 201, 100, 20, 15315, 27665.1, 2
201, 201, 100, 20, 13315, 27665.1, 2
201, 201, 100, 20, 14107, 27665.1, 2
201, 201, 100, 20, 13931, 27665.1, 2
201, 201, 100, 20, 14140, 27665.1, 2
201, 201, 100, 20, 14527, 27665.1, 2
201, 201, 100, 20, 13327, 27665.1, 2
201, 201, 100, 20, 13513, 27665.1, 2
201, 201, 100, 20, 13812, 27665.1, 2
201, 201, 100, 20, 13990, 27665.1, 2
201, 201, 100, 20, 15024, 27665.1, 2
201, 201, 100, 20, 13445, 27665.1, 2
201, 201, 100, 20, 13839, 27665.1, 2
201, 201, 100, 20, 13290, 27665.1, 2
201, 201, 100, 20, 16096, 27665.1, 2
201, 201, 100, 20, 15211, 27665.1, 2
201, 201, 100, 20, 15041, 27665.1, 2
201, 201, 100, 20, 13383, 27665.1, 2
201, 201, 100, 20, 15407, 27665.1, 2
201, 201, 100, 20, 13897, 27665.1, 2
201, 201, 100, 20, 13940, 27665.1, 2
201, 201, 100, 20, 13966, 27665.1, 2
201, 201, 100, 20, 14279, 27665.1, 2
201, 201, 100, 20, 13743, 27665.1, 2
201, 201, 100, 20, 14279, 27665.1, 2
201, 201, 100, 20, 15820, 27665.1, 2
16592, 301, 100, 20, 0, -1, 2
16592, 301, 100, 20, 0, -1, 2
16592, 301, 100, 20, 0, -1, 2
16592, 301, 100, 20, 0, -1, 2
16592, 301, 100, 20, 1, -1, 2
16592, 301, 100, 20, 0, -1, 2
16592, 301, 100, 20, 1, -1, 2
16592, 301, 100, 20, 1, -1, 2
16592, 301, 100, 20, 1, -1, 2
16592, 301, 100, 20, 0, -1, 2
16592, 301, 100, 20, 0, -1, 2
16592, 301, 100, 20, 0, -1, 2
16592, 301, 100, 20, 0, -1, 2
16592, 301, 100, 20, 1, -1, 2
16592, 301, 100, 20, 0, -1, 2
16592, 301, 100, 20, 0, -1, 2
16592, 301, 100, 20, 0, -1, 2
16592, 301, 100, 20, 0, -1, 2
16592, 301, 100, 20, 0, -1, 2
16592, 301, 100, 20, 0, -1, 2
16592, 301, 100, 20, 0, -1, 2
16592, 301, 100, 20, 0, -1, 2
16592, 301, 100, 20, 0, -1, 2
16592, 301, 100, 20, 0, -1, 2
16592, 301, 100, 20, 0, -1, 2
16592, 301, 100, 20, 0, -1, 2
16592, 301, 100, 20, 0, -1, 2
16592, 301, 100, 20, 0, -1, 2
16592, 301, 100, 20, 0, -1, 2
16592, 301, 100, 20, 0, -1, 2
16592, 301, 100, 20, 0, -1, 2
16592, 301, 100, 20, 1, -1, 2
16592, 301, 100, 20, 0, -1, 2
16592, 301, 100, 20, 0, -1, 2
16592, 301, 100, 20, 0, -1, 2
16592, 301, 100, 20, 0, -1, 2
16592, 301, 100, 20, 1, -1, 2
16592, 301, 100, 20, 0, -1, 2
16592, 301, 100, 20, 0, -1, 2
16592, 301, 100, 20, 1, -1, 2
16592, 301, 100, 20, 0, -1, 2
16592, 301, 100, 20, 0, -1, 2
16592, 301, 100, 20, 0, -1, 2
16592, 301, 100, 20, 1, -1, 2
16592, 301, 100, 20, 1, -1, 2
16592, 301, 100, 20, 0, -1, 2
16592, 301, 100, 20, 0, -1, 2
16592, 301, 100, 20, 0, -1, 2
16592, 301, 100, 20, 1, -1, 2
16592, 301, 100, 20, 1, -1, 2
16592, 301, 100, 20, 1, -1, 2
16592, 301, 100, 20, 1, -1, 2
16592, 301, 100, 20, 0, -1, 2
16592, 301, 100, 20, 0, -1, 2
16592, 301, 100, 20, 1, -1, 2
16592, 301, 100, 20, 1, -1, 2
16592, 301, 100, 20, 0, -1, 2
16592, 301, 100, 20, 1, -1, 2
16592, 301, 100, 20, 0, -1, 2
16592, 301, 100, 20, 0, -1, 2
16592, 301, 100, 20, 1, -1, 2
16592, 301, 100, 20, 0, -1, 2
16592, 301, 100, 20, 0, -1, 2
16592, 301, 100, 20, 0, -1, 2
16592, 301, 100, 20, 1, -1, 2
16592, 301, 100, 20, 0, -1, 2
16592, 301, 100, 20, 1, -1, 2
16592, 301, 100, 20, 0, -1, 2
16592, 301, 100, 20, 0, -1, 2
16592, 301, 100, 20, 1, -1, 2
16592, 301, 100, 20, 0, -1, 2
16592, 301, 100, 20, 0, -1, 2
16592, 301, 100, 20, 1, -1, 2
16592, 301, 100, 20, 0, -1, 2
16592, 301, 100, 20, 1, -1, 2
16592, 301, 100, 20, 0, -1, 2
16592, 301, 100, 20, 0, -1, 2
16592, 301, 100, 20, 0, -1, 2
16592, 301, 100, 20, 1, -1, 2
16592, 301, 100, 20, 1, -1, 2
101, 101, 10000, 20, 435512, 483467, 2
101, 101, 10000, 20, 404827, 483467, 2
101, 101, 10000, 20, 387877, 483467, 2
101, 101, 10000, 20, 391222, 483467, 2
101, 101, 10000, 20, 395976, 483467, 2
101, 101, 10000, 20, 408099, 483467, 2
101, 101, 10000, 20, 412450, 483467, 2
101, 101, 10000, 20, 396123, 483467, 2
101, 101, 10000, 20, 394045, 483467, 2
101, 101, 10000, 20, 394775, 483467, 2
101, 101, 10000, 20, 388608, 483467, 2
101, 101, 10000, 20, 392632, 483467, 2
101, 101, 10000, 20, 408923, 483467, 2
101, 101, 10000, 20, 387488, 483467, 2
101, 101, 10000, 20, 386155, 483467, 2
101, 101, 10000, 20, 397310, 483467, 2
101, 101, 10000, 20, 401416, 483467, 2
101, 101, 10000, 20, 391769, 483467, 2
101, 101, 10000, 20, 409575, 483467, 2
101, 101, 10000, 20, 387626, 483467, 2
101, 101, 10000, 20, 390179, 483467, 2
101, 101, 10000, 20, 390640, 483467, 2
101, 101, 10000, 20, 384941, 483467, 2
101, 101, 10000, 20, 390643, 483467, 2
101, 101, 10000, 20, 405044, 483467, 2
101, 101, 10000, 20, 393550, 483467, 2
101, 101, 10000, 20, 392293, 483467, 2
101, 101, 10000, 20, 393186, 483467, 2
101, 101, 10000, 20, 397908, 483467, 2
101, 101, 10000, 20, 392569, 483467, 2
101, 101, 10000, 20, 400513, 483467, 2
101, 101, 10000, 20, 412081, 483467, 2
101, 101, 10000, 20, 398072, 483467, 2
101, 101, 10000, 20, 393951, 483467, 2
101, 101, 10000, 20, 392486, 483467, 2
101, 101, 10000, 20, 390576, 483467, 2
101, 101, 10000, 20, 390113, 483467, 2
101, 101, 10000, 20, 392214, 483467, 2
101, 101, 10000, 20, 406263, 483467, 2
101, 101, 10000, 20, 389439, 483467, 2
101, 101, 10000, 20, 398109, 483467, 2
101, 101, 10000, 20, 387899, 483467, 2
101, 101, 10000, 20, 390555, 483467, 2
101, 101, 10000, 20, 388719, 483467, 2
101, 101, 10000, 20, 389205, 483467, 2
101, 101, 10000, 20, 411222, 483467, 2
101, 101, 10000, 20, 396907, 483467, 2
101, 101, 10000, 20, 395236, 483467, 2
101, 101, 10000, 20, 393661, 483467, 2
101, 101, 10000, 20, 397305, 483467, 2
101, 101, 10000, 20, 392143, 483467, 2
101, 101, 10000, 20, 393089, 483467, 2
101, 101, 10000, 20, 408468, 483467, 2
101, 101, 10000, 20, 392477, 483467, 2
101, 101, 10000, 20, 390473, 483467, 2
101, 101, 10000, 20, 394188, 483467, 2
101, 101, 10000, 20, 390002, 483467, 2
101, 101, 10000, 20, 396988, 483467, 2
101, 101, 10000, 20, 429054, 483467, 2
101, 101, 10000, 20, 388103, 483467, 2
101, 101, 10000, 20, 387053, 483467, 2
101, 101, 10000, 20, 392053, 483467, 2
101, 101, 10000, 20, 394451, 483467, 2
101, 101, 10000, 20, 392391, 483467, 2
101, 101, 10000, 20, 404206, 483467, 2
101, 101, 10000, 20, 411782, 483467, 2
101, 101, 10000, 20, 393703, 483467, 2
101, 101, 10000, 20, 396535, 483467, 2
101, 101, 10000, 20, 389772, 483467, 2
101, 101, 10000, 20, 391646, 483467, 2
101, 101, 10000, 20, 398967, 483467, 2
101, 101, 10000, 20, 411272, 483467, 2
101, 101, 10000, 20, 399753, 483467, 2
101, 101, 10000, 20, 397619, 483467, 2
101, 101, 10000, 20, 383290, 483467, 2
101, 101, 10000, 20, 392559, 483467, 2
101, 101, 10000, 20, 393937, 483467, 2
101, 101, 10000, 20, 395970, 483467, 2
101, 101, 10000, 20, 406711, 483467, 2
101, 101, 10000, 20, 398940, 483467, 2
201, 201, 10000, 20, 817823, 1.09931e+06, 2
201, 201, 10000, 20, 807233, 1.09931e+06, 2
201, 201, 10000, 20, 832572, 1.09931e+06, 2
201, 201, 10000, 20, 822919, 1.09931e+06, 2
201, 201, 10000, 20, 814609, 1.09931e+06, 2
201, 201, 10000, 20, 808039, 1.09931e+06, 2
201, 201, 10000, 20, 827782, 1.09931e+06, 2
201, 201, 10000, 20, 816667, 1.09931e+06, 2
201, 201, 10000, 20, 808827, 1.09931e+06, 2
201, 201, 10000, 20, 803095, 1.09931e+06, 2
201, 201, 10000, 20, 836272, 1.09931e+06, 2
201, 201, 10000, 20, 815278, 1.09931e+06, 2
201, 201, 10000, 20, 814513, 1.09931e+06, 2
201, 201, 10000, 20, 806376, 1.09931e+06, 2
201, 201, 10000, 20, 836335, 1.09931e+06, 2
201, 201, 10000, 20, 806543, 1.09931e+06, 2
201, 201, 10000, 20, 823285, 1.09931e+06, 2
201, 201, 10000, 20, 813375, 1.09931e+06, 2
201, 201, 10000, 20, 836098, 1.09931e+06, 2
201, 201, 10000, 20, 942689, 1.09931e+06, 2
201, 201, 10000, 20, 1.16283e+06, 1.09931e+06, 2
201, 201, 10000, 20, 824798, 1.09931e+06, 2
201, 201, 10000, 20, 968394, 1.09931e+06, 2
201, 201, 10000, 20, 950545, 1.09931e+06, 2
201, 201, 10000, 20, 1.10142e+06, 1.09931e+06, 2
201, 201, 10000, 20, 918136, 1.09931e+06, 2
201, 201, 10000, 20, 877388, 1.09931e+06, 2
201, 201, 10000, 20, 964298, 1.09931e+06, 2
201, 201, 10000, 20, 855170, 1.09931e+06, 2
201, 201, 10000, 20, 822969, 1.09931e+06, 2
201, 201, 10000, 20, 834497, 1.09931e+06, 2
201, 201, 10000, 20, 868316, 1.09931e+06, 2
201, 201, 10000, 20, 998545, 1.09931e+06, 2
201, 201, 10000, 20, 837913, 1.09931e+06, 2
201, 201, 10000, 20, 890445, 1.09931e+06, 2
201, 201, 10000, 20, 929914, 1.09931e+06, 2
201, 201, 10000, 20, 1.35604e+06, 1.09931e+06, 2
201, 201, 10000, 20, 997095, 1.09931e+06, 2
201, 201, 10000, 20, 1.20204e+06, 1.09931e+06, 2
201, 201, 10000, 20, 1.27372e+06, 1.09931e+06, 2
201, 201, 10000, 20, 962279, 1.09931e+06, 2
201, 201, 10000, 20, 1.18319e+06, 1.09931e+06, 2
201, 201, 10000, 20, 1.14325e+06, 1.09931e+06, 2
201, 201, 10000, 20, 1.10735e+06, 1.09931e+06, 2
201, 201, 10000, 20, 1.27913e+06, 1.09931e+06, 2
201, 201, 10000, 20, 835462, 1.09931e+06, 2
201, 201, 10000, 20, 905938, 1.09931e+06, 2
201, 201, 10000, 20, 957814, 1.09931e+06, 2
201, 201, 10000, 20, 990208, 1.09931e+06, 2
201, 201, 10000, 20, 970463, 1.09931e+06, 2
201, 201, 10000, 20, 1.05994e+06, 1.09931e+06, 2
201, 201, 10000, 20, 975496, 1.09931e+06, 2
201, 201, 10000, 20, 835214, 1.09931e+06, 2
201, 201, 10000, 20, 1.11134e+06, 1.09931e+06, 2
201, 201, 10000, 20, 818841, 1.09931e+06, 2
201, 201, 10000, 20, 808296, 1.09931e+06, 2
201, 201, 10000, 20, 937003, 1.09931e+06, 2
201, 201, 10000, 20, 806147, 1.09931e+06, 2
201, 201, 10000, 20, 869675, 1.09931e+06, 2
201, 201, 10000, 20, 840563, 1.09931e+06, 2
201, 201, 10000, 20, 839677, 1.09931e+06, 2
201, 201, 10000, 20, 838987, 1.09931e+06, 2
201, 201, 10000, 20, 1.05607e+06, 1.09931e+06, 2
201, 201, 10000, 20, 1.23722e+06, 1.09931e+06, 2
201, 201, 10000, 20, 977169, 1.09931e+06, 2
201, 201, 10000, 20, 915349, 1.09931e+06, 2
201, 201, 10000, 20, 856383, 1.09931e+06, 2
201, 201, 10000, 20, 952219, 1.09931e+06, 2
201, 201, 10000, 20, 898707, 1.09931e+06, 2
201, 201, 10000, 20, 1.111e+06, 1.09931e+06, 2
201, 201, 10000, 20, 1.05334e+06, 1.09931e+06, 2
201, 201, 10000, 20, 864031, 1.09931e+06, 2
201, 201, 10000, 20, 872103, 1.09931e+06, 2
201, 201, 10000, 20, 839568, 1.09931e+06, 2
201, 201, 10000, 20, 951600, 1.09931e+06, 2
201, 201, 10000, 20, 1.1033e+06, 1.09931e+06, 2
201, 201, 10000, 20, 923236, 1.09931e+06, 2
201, 201, 10000, 20, 836670, 1.09931e+06, 2
201, 201, 10000, 20, 976573, 1.09931e+06, 2
201, 201, 10000, 20, 817276, 1.09931e+06, 2
301, 301, 10000, 20, 1.7777e+06, 2.01468e+06, 2
301, 301, 10000, 20, 1.91493e+06, 2.01468e+06, 2
301, 301, 10000, 20, 1.89153e+06, 2.01468e+06, 2
301, 301, 10000, 20, 1.66389e+06, 2.01468e+06, 2
301, 301, 10000, 20, 1.76664e+06, 2.01468e+06, 2
301, 301, 10000, 20, 1.74314e+06, 2.01468e+06, 2
301, 301, 10000, 20, 1.63821e+06, 2.01468e+06, 2
301, 301, 10000, 20, 1.54056e+06, 2.01468e+06, 2
301, 301, 10000, 20, 1.55883e+06, 2.01468e+06, 2
301, 301, 10000, 20, 1.54231e+06, 2.01468e+06, 2
301, 301, 10000, 20, 1.538e+06, 2.01468e+06, 2
301, 301, 10000, 20, 1.58439e+06, 2.01468e+06, 2
301, 301, 10000, 20, 1.63575e+06, 2.01468e+06, 2
301, 301, 10000, 20, 1.54466e+06, 2.01468e+06, 2
301, 301, 10000, 20, 1.53822e+06, 2.01468e+06, 2
301, 301, 10000, 20, 1.73524e+06, 2.01468e+06, 2
301, 301, 10000, 20, 1.55569e+06, 2.01468e+06, 2
301, 301, 10000, 20, 1.67276e+06, 2.01468e+06, 2
301, 301, 10000, 20, 1.54742e+06, 2.01468e+06, 2
301, 301, 10000, 20, 1.5486e+06, 2.01468e+06, 2
301, 301, 10000, 20, 1.73564e+06, 2.01468e+06, 2
301, 301, 10000, 20, 1.62933e+06, 2.01468e+06, 2
301, 301, 10000, 20, 1.74481e+06, 2.01468e+06, 2
301, 301, 10000, 20, 1.55244e+06, 2.01468e+06, 2
301, 301, 10000, 20, 1.54772e+06, 2.01468e+06, 2
301, 301, 10000, 20, 1.56508e+06, 2.01468e+06, 2
301, 301, 10000, 20, 1.7165e+06, 2.01468e+06, 2
301, 301, 10000, 20, 1.57878e+06, 2.01468e+06, 2
301, 301, 10000, 20, 1.54165e+06, 2.01468e+06, 2
301, 301, 10000, 20, 1.93963e+06, 2.01468e+06, 2
301, 301, 10000, 20, 1.598e+06, 2.01468e+06, 2
301, 301, 10000, 20, 1.59447e+06, 2.01468e+06, 2
301, 301, 10000, 20, 1.66061e+06, 2.01468e+06, 2
301, 301, 10000, 20, 1.54651e+06, 2.01468e+06, 2
301, 301, 10000, 20, 1.64776e+06, 2.01468e+06, 2
301, 301, 10000, 20, 1.76159e+06, 2.01468e+06, 2
301, 301, 10000, 20, 1.82436e+06, 2.01468e+06, 2
301, 301, 10000, 20, 1.73871e+06, 2.01468e+06, 2
301, 301, 10000, 20, 1.76146e+06, 2.01468e+06, 2
301, 301, 10000, 20, 1.8287e+06, 2.01468e+06, 2
301, 301, 10000, 20, 1.77471e+06, 2.01468e+06, 2
301, 301, 10000, 20, 1.85001e+06, 2.01468e+06, 2
301, 301, 10000, 20, 1.83096e+06, 2.01468e+06, 2
301, 301, 10000, 20, 1.7954e+06, 2.01468e+06, 2
301, 301, 10000, 20, 1.90012e+06, 2.01468e+06, 2
301, 301, 10000, 20, 1.8476e+06, 2.01468e+06, 2
301, 301, 10000, 20, 2.06367e+06, 2.01468e+06, 2
301, 301, 10000, 20, 1.79635e+06, 2.01468e+06, 2
301, 301, 10000, 20, 1.56414e+06, 2.01468e+06, 2
301, 301, 10000, 20, 1.82927e+06, 2.01468e+06, 2
301, 301, 10000, 20, 1.81912e+06, 2.01468e+06, 2
301, 301, 10000, 20, 1.87758e+06, 2.01468e+06, 2
301, 301, 10000, 20, 1.73691e+06, 2.01468e+06, 2
301, 301, 10000, 20, 1.91783e+06, 2.01468e+06, 2
301, 301, 10000, 20, 1.67201e+06, 2.01468e+06, 2
301, 301, 10000, 20, 1.99398e+06, 2.01468e+06, 2
301, 301, 10000, 20, 1.71035e+06, 2.01468e+06, 2
301, 301, 10000, 20, 1.94442e+06, 2.01468e+06, 2
301, 301, 10000, 20, 2.13116e+06, 2.01468e+06, 2
301, 301, 10000, 20, 1.93604e+06, 2.01468e+06, 2
301, 301, 10000, 20, 1.68448e+06, 2.01468e+06, 2
301, 301, 10000, 20, 2.09021e+06, 2.01468e+06, 2
301, 301, 10000, 20, 1.60674e+06, 2.01468e+06, 2
301, 301, 10000, 20, 1.54467e+06, 2.01468e+06, 2
301, 301, 10000, 20, 1.53428e+06, 2.01468e+06, 2
301, 301, 10000, 20, 1.53392e+06, 2.01468e+06, 2
301, 301, 10000, 20, 1.57547e+06, 2.01468e+06, 2
301, 301, 10000, 20, 1.55635e+06, 2.01468e+06, 2
301, 301, 10000, 20, 1.52781e+06, 2.01468e+06, 2
301, 301, 10000, 20, 1.52771e+06, 2.01468e+06, 2
301, 301, 10000, 20, 1.52907e+06, 2.01468e+06, 2
301, 301, 10000, 20, 1.57564e+06, 2.01468e+06, 2
301, 301, 10000, 20, 1.56935e+06, 2.01468e+06, 2
301, 301, 10000, 20, 1.52744e+06, 2.01468e+06, 2
301, 301, 10000, 20, 1.53083e+06, 2.01468e+06, 2
301, 301, 10000, 20, 1.53916e+06, 2.01468e+06, 2
301, 301, 10000, 20, 1.57201e+06, 2.01468e+06, 2
301, 301, 10000, 20, 1.5647e+06, 2.01468e+06, 2
301, 301, 10000, 20, 1.53245e+06, 2.01468e+06, 2
301, 301, 10000, 20, 1.58652e+06, 2.01468e+06, 2
401, 401, 10000, 20, 2.60716e+06, 3.16812e+06, 2
401, 401, 10000, 20, 2.57354e+06, 3.16812e+06, 2
401, 401, 10000, 20, 2.5931e+06, 3.16812e+06, 2
401, 401, 10000, 20, 2.55754e+06, 3.16812e+06, 2
401, 401, 10000, 20, 2.55951e+06, 3.16812e+06, 2
401, 401, 10000, 20, 2.61322e+06, 3.16812e+06, 2
401, 401, 10000, 20, 2.57164e+06, 3.16812e+06, 2
401, 401, 10000, 20, 2.58886e+06, 3.16812e+06, 2
401, 401, 10000, 20, 2.56816e+06, 3.16812e+06, 2
401, 401, 10000, 20, 2.56621e+06, 3.16812e+06, 2
401, 401, 10000, 20, 2.59706e+06, 3.16812e+06, 2
401, 401, 10000, 20, 2.5572e+06, 3.16812e+06, 2
401, 401, 10000, 20, 2.57788e+06, 3.16812e+06, 2
401, 401, 10000, 20, 2.57125e+06, 3.16812e+06, 2
401, 401, 10000, 20, 2.55125e+06, 3.16812e+06, 2
401, 401, 10000, 20, 2.60391e+06, 3.16812e+06, 2
401, 401, 10000, 20, 2.56064e+06, 3.16812e+06, 2
401, 401, 10000, 20, 2.56942e+06, 3.16812e+06, 2
401, 401, 10000, 20, 2.58192e+06, 3.16812e+06, 2
401, 401, 10000, 20, 2.56025e+06, 3.16812e+06, 2
401, 401, 10000, 20, 2.59968e+06, 3.16812e+06, 2
401, 401, 10000, 20, 2.55912e+06, 3.16812e+06, 2
401, 401, 10000, 20, 2.61498e+06, 3.16812e+06, 2
401, 401, 10000, 20, 2.55525e+06, 3.16812e+06, 2
401, 401, 10000, 20, 2.56646e+06, 3.16812e+06, 2
401, 401, 10000, 20, 2.60572e+06, 3.16812e+06, 2
401, 401, 10000, 20, 2.55229e+06, 3.16812e+06, 2
401, 401, 10000, 20, 2.58447e+06, 3.16812e+06, 2
401, 401, 10000, 20, 2.58915e+06, 3.16812e+06, 2
401, 401, 10000, 20, 2.5601e+06, 3.16812e+06, 2
401, 401, 10000, 20, 2.60827e+06, 3.16812e+06, 2
401, 401, 10000, 20, 2.56524e+06, 3.16812e+06, 2
401, 401, 10000, 20, 2.57312e+06, 3.16812e+06, 2
401, 401, 10000, 20, 2.58516e+06, 3.16812e+06, 2
401, 401, 10000, 20, 2.55998e+06, 3.16812e+06, 2
401, 401, 10000, 20, 2.61064e+06, 3.16812e+06, 2
401, 401, 10000, 20, 2.5541e+06, 3.16812e+06, 2
401, 401, 10000, 20, 2.59214e+06, 3.16812e+06, 2
401, 401, 10000, 20, 2.59854e+06, 3.16812e+06, 2
401, 401, 10000, 20, 2.54958e+06, 3.16812e+06, 2
401, 401, 10000, 20, 2.61595e+06, 3.16812e+06, 2
401, 401, 10000, 20, 2.56787e+06, 3.16812e+06, 2
401, 401, 10000, 20, 2.57153e+06, 3.16812e+06, 2
401, 401, 10000, 20, 2.61046e+06, 3.16812e+06, 2
401, 401, 10000, 20, 2.55639e+06, 3.16812e+06, 2
401, 401, 10000, 20, 2.58775e+06, 3.16812e+06, 2
401, 401, 10000, 20, 2.54997e+06, 3.16812e+06, 2
401, 401, 10000, 20, 2.56543e+06, 3.16812e+06, 2
401, 401, 10000, 20, 2.60409e+06, 3.16812e+06, 2
401, 401, 10000, 20, 2.57613e+06, 3.16812e+06, 2
401, 401, 10000, 20, 2.55357e+06, 3.16812e+06, 2
401, 401, 10000, 20, 2.60346e+06, 3.16812e+06, 2
401, 401, 10000, 20, 2.55372e+06, 3.16812e+06, 2
401, 401, 10000, 20, 2.57831e+06, 3.16812e+06, 2
401, 401, 10000, 20, 2.60836e+06, 3.16812e+06, 2
401, 401, 10000, 20, 2.54607e+06, 3.16812e+06, 2
401, 401, 10000, 20, 2.61727e+06, 3.16812e+06, 2
401, 401, 10000, 20, 2.55399e+06, 3.16812e+06, 2
401, 401, 10000, 20, 2.56484e+06, 3.16812e+06, 2
401, 401, 10000, 20, 2.60372e+06, 3.16812e+06, 2
401, 401, 10000, 20, 2.54982e+06, 3.16812e+06, 2
401, 401, 10000, 20, 2.59947e+06, 3.16812e+06, 2
401, 401, 10000, 20, 2.57104e+06, 3.16812e+06, 2
401, 401, 10000, 20, 2.56879e+06, 3.16812e+06, 2
401, 401, 10000, 20, 2.61283e+06, 3.16812e+06, 2
401, 401, 10000, 20, 2.54648e+06, 3.16812e+06, 2
401, 401, 10000, 20, 2.5904e+06, 3.16812e+06, 2
401, 401, 10000, 20, 2.59364e+06, 3.16812e+06, 2
401, 401, 10000, 20, 2.55216e+06, 3.16812e+06, 2
401, 401, 10000, 20, 2.6237e+06, 3.16812e+06, 2
401, 401, 10000, 20, 2.56804e+06, 3.16812e+06, 2
401, 401, 10000, 20, 2.5749e+06, 3.16812e+06, 2
401, 401, 10000, 20, 2.58428e+06, 3.16812e+06, 2
401, 401, 10000, 20, 2.54979e+06, 3.16812e+06, 2
401, 401, 10000, 20, 2.60964e+06, 3.16812e+06, 2
401, 401, 10000, 20, 2.56924e+06, 3.16812e+06, 2
401, 401, 10000, 20, 2.5754e+06, 3.16812e+06, 2
401, 401, 10000, 20, 2.61824e+06, 3.16812e+06, 2
401, 401, 10000, 20, 2.56743e+06, 3.16812e+06, 2
401, 401, 10000, 20, 2.59471e+06, 3.16812e+06, 2
501, 501, 10000, 20, 3.96878e+06, 4.28631e+06, 2
501, 501, 10000, 20, 4.02349e+06, 4.28631e+06, 2
501, 501, 10000, 20, 3.96223e+06, 4.28631e+06, 2
501, 501, 10000, 20, 4.56414e+06, 4.28631e+06, 2
501, 501, 10000, 20, 4.21046e+06, 4.28631e+06, 2
501, 501, 10000, 20, 4.50718e+06, 4.28631e+06, 2
501, 501, 10000, 20, 4.06408e+06, 4.28631e+06, 2
501, 501, 10000, 20, 4.44419e+06, 4.28631e+06, 2
501, 501, 10000, 20, 4.34886e+06, 4.28631e+06, 2
501, 501, 10000, 20, 4.02561e+06, 4.28631e+06, 2
501, 501, 10000, 20, 4.87726e+06, 4.28631e+06, 2
501, 501, 10000, 20, 4.8909e+06, 4.28631e+06, 2
501, 501, 10000, 20, 4.74832e+06, 4.28631e+06, 2
501, 501, 10000, 20, 5.26591e+06, 4.28631e+06, 2
501, 501, 10000, 20, 5.75139e+06, 4.28631e+06, 2
501, 501, 10000, 20, 4.56211e+06, 4.28631e+06, 2
501, 501, 10000, 20, 4.54814e+06, 4.28631e+06, 2
501, 501, 10000, 20, 4.90097e+06, 4.28631e+06, 2
501, 501, 10000, 20, 4.67194e+06, 4.28631e+06, 2
501, 501, 10000, 20, 4.75597e+06, 4.28631e+06, 2
501, 501, 10000, 20, 4.55842e+06, 4.28631e+06, 2
501, 501, 10000, 20, 4.67904e+06, 4.28631e+06, 2
501, 501, 10000, 20, 5.06444e+06, 4.28631e+06, 2
501, 501, 10000, 20, 5.37176e+06, 4.28631e+06, 2
501, 501, 10000, 20, 4.20205e+06, 4.28631e+06, 2
501, 501, 10000, 20, 4.44275e+06, 4.28631e+06, 2
501, 501, 10000, 20, 4.01436e+06, 4.28631e+06, 2
501, 501, 10000, 20, 3.94447e+06, 4.28631e+06, 2
501, 501, 10000, 20, 4.16889e+06, 4.28631e+06, 2
501, 501, 10000, 20, 3.98602e+06, 4.28631e+06, 2
501, 501, 10000, 20, 4.01063e+06, 4.28631e+06, 2
501, 501, 10000, 20, 4.07463e+06, 4.28631e+06, 2
501, 501, 10000, 20, 4.08572e+06, 4.28631e+06, 2
501, 501, 10000, 20, 4.37025e+06, 4.28631e+06, 2
501, 501, 10000, 20, 5.87887e+06, 4.28631e+06, 2
501, 501, 10000, 20, 5.10357e+06, 4.28631e+06, 2
501, 501, 10000, 20, 5.11161e+06, 4.28631e+06, 2
501, 501, 10000, 20, 5.63978e+06, 4.28631e+06, 2
501, 501, 10000, 20, 4.01115e+06, 4.28631e+06, 2
501, 501, 10000, 20, 4.06247e+06, 4.28631e+06, 2
501, 501, 10000, 20, 4.26743e+06, 4.28631e+06, 2
501, 501, 10000, 20, 4.22835e+06, 4.28631e+06, 2
501, 501, 10000, 20, 4.61335e+06, 4.28631e+06, 2
501, 501, 10000, 20, 3.96292e+06, 4.28631e+06, 2
501, 501, 10000, 20, 4.16933e+06, 4.28631e+06, 2
501, 501, 10000, 20, 4.17989e+06, 4.28631e+06, 2
501, 501, 10000, 20, 4.07711e+06, 4.28631e+06, 2
501, 501, 10000, 20, 4.33453e+06, 4.28631e+06, 2
501, 501, 10000, 20, 3.95007e+06, 4.28631e+06, 2
501, 501, 10000, 20, 4.02568e+06, 4.28631e+06, 2
501, 501, 10000, 20, 4.15695e+06, 4.28631e+06, 2
501, 501, 10000, 20, 4.09509e+06, 4.28631e+06, 2
501, 501, 10000, 20, 3.9433e+06, 4.28631e+06, 2
501, 501, 10000, 20, 4.58853e+06, 4.28631e+06, 2
501, 501, 10000, 20, 5.11227e+06, 4.28631e+06, 2
501, 501, 10000, 20, 4.49199e+06, 4.28631e+06, 2
501, 501, 10000, 20, 4.66217e+06, 4.28631e+06, 2
501, 501, 10000, 20, 4.23324e+06, 4.28631e+06, 2
501, 501, 10000, 20, 4.02196e+06, 4.28631e+06, 2
501, 501, 10000, 20, 4.53561e+06, 4.28631e+06, 2
501, 501, 10000, 20, 4.73478e+06, 4.28631e+06, 2
501, 501, 10000, 20, 3.98018e+06, 4.28631e+06, 2
501, 501, 10000, 20, 3.95748e+06, 4.28631e+06, 2
501, 501, 10000, 20, 3.95714e+06, 4.28631e+06, 2
501, 501, 10000, 20, 3.94166e+06, 4.28631e+06, 2
501, 501, 10000, 20, 3.939e+06, 4.28631e+06, 2
501, 501, 10000, 20, 3.94221e+06, 4.28631e+06, 2
501, 501, 10000, 20, 3.93437e+06, 4.28631e+06, 2
501, 501, 10000, 20, 3.95806e+06, 4.28631e+06, 2
501, 501, 10000, 20, 3.96574e+06, 4.28631e+06, 2
501, 501, 10000, 20, 3.95467e+06, 4.28631e+06, 2
501, 501, 10000, 20, 3.94894e+06, 4.28631e+06, 2
501, 501, 10000, 20, 3.94551e+06, 4.28631e+06, 2
501, 501, 10000, 20, 3.94931e+06, 4.28631e+06, 2
501, 501, 10000, 20, 3.93488e+06, 4.28631e+06, 2
501, 501, 10000, 20, 3.95598e+06, 4.28631e+06, 2
501, 501, 10000, 20, 4.0678e+06, 4.28631e+06, 2
501, 501, 10000, 20, 3.96277e+06, 4.28631e+06, 2
501, 501, 10000, 20, 3.94028e+06, 4.28631e+06, 2
501, 501, 10000, 20, 3.92942e+06, 4.28631e+06, 2
601, 601, 10000, 20, 5.96873e+06, 5.70542e+06, 2
601, 601, 10000, 20, 5.97464e+06, 5.70542e+06, 2
601, 601, 10000, 20, 5.97144e+06, 5.70542e+06, 2
601, 601, 10000, 20, 5.98711e+06, 5.70542e+06, 2
601, 601, 10000, 20, 5.97704e+06, 5.70542e+06, 2
601, 601, 10000, 20, 5.96454e+06, 5.70542e+06, 2
601, 601, 10000, 20, 5.97278e+06, 5.70542e+06, 2
601, 601, 10000, 20, 5.97836e+06, 5.70542e+06, 2
601, 601, 10000, 20, 5.9587e+06, 5.70542e+06, 2
601, 601, 10000, 20, 5.97201e+06, 5.70542e+06, 2
601, 601, 10000, 20, 5.96063e+06, 5.70542e+06, 2
601, 601, 10000, 20, 5.96065e+06, 5.70542e+06, 2
601, 601, 10000, 20, 5.97596e+06, 5.70542e+06, 2
601, 601, 10000, 20, 5.98299e+06, 5.70542e+06, 2
601, 601, 10000, 20, 5.96755e+06, 5.70542e+06, 2
601, 601, 10000, 20, 5.96334e+06, 5.70542e+06, 2
601, 601, 10000, 20, 5.95299e+06, 5.70542e+06, 2
601, 601, 10000, 20, 5.96474e+06, 5.70542e+06, 2
601, 601, 10000, 20, 5.97924e+06, 5.70542e+06, 2
601, 601, 10000, 20, 5.97638e+06, 5.70542e+06, 2
601, 601, 10000, 20, 6.01504e+06, 5.70542e+06, 2
601, 601, 10000, 20, 6.00703e+06, 5.70542e+06, 2
601, 601, 10000, 20, 5.95926e+06, 5.70542e+06, 2
601, 601, 10000, 20, 5.96602e+06, 5.70542e+06, 2
601, 601, 10000, 20, 5.9583e+06, 5.70542e+06, 2
601, 601, 10000, 20, 5.97806e+06, 5.70542e+06, 2
601, 601, 10000, 20, 5.95946e+06, 5.70542e+06, 2
601, 601, 10000, 20, 5.96675e+06, 5.70542e+06, 2
601, 601, 10000, 20, 5.95985e+06, 5.70542e+06, 2
601, 601, 10000, 20, 5.94546e+06, 5.70542e+06, 2
601, 601, 10000, 20, 5.97529e+06, 5.70542e+06, 2
601, 601, 10000, 20, 5.95801e+06, 5.70542e+06, 2
601, 601, 10000, 20, 5.98398e+06, 5.70542e+06, 2
601, 601, 10000, 20, 5.98994e+06, 5.70542e+06, 2
601, 601, 10000, 20, 5.95019e+06, 5.70542e+06, 2
601, 601, 10000, 20, 5.98062e+06, 5.70542e+06, 2
601, 601, 10000, 20, 5.96114e+06, 5.70542e+06, 2
601, 601, 10000, 20, 5.96436e+06, 5.70542e+06, 2
601, 601, 10000, 20, 5.96597e+06, 5.70542e+06, 2
601, 601, 10000, 20, 5.9773e+06, 5.70542e+06, 2
601, 601, 10000, 20, 5.97158e+06, 5.70542e+06, 2
601, 601, 10000, 20, 5.9668e+06, 5.70542e+06, 2
601, 601, 10000, 20, 5.95421e+06, 5.70542e+06, 2
601, 601, 10000, 20, 5.964e+06, 5.70542e+06, 2
601, 601, 10000, 20, 5.97564e+06, 5.70542e+06, 2
601, 601, 10000, 20, 5.95953e+06, 5.70542e+06, 2
601, 601, 10000, 20, 5.95457e+06, 5.70542e+06, 2
601, 601, 10000, 20, 5.9615e+06, 5.70542e+06, 2
601, 601, 10000, 20, 5.97855e+06, 5.70542e+06, 2
601, 601, 10000, 20, 5.97331e+06, 5.70542e+06, 2
601, 601, 10000, 20, 5.9723e+06, 5.70542e+06, 2
601, 601, 10000, 20, 5.98882e+06, 5.70542e+06, 2
601, 601, 10000, 20, 5.98901e+06, 5.70542e+06, 2
601, 601, 10000, 20, 5.96819e+06, 5.70542e+06, 2
601, 601, 10000, 20, 5.97568e+06, 5.70542e+06, 2
601, 601, 10000, 20, 5.9596e+06, 5.70542e+06, 2
601, 601, 10000, 20, 5.98328e+06, 5.70542e+06, 2
601, 601, 10000, 20, 5.95358e+06, 5.70542e+06, 2
601, 601, 10000, 20, 5.95687e+06, 5.70542e+06, 2
601, 601, 10000, 20, 5.94548e+06, 5.70542e+06, 2
601, 601, 10000, 20, 5.97422e+06, 5.70542e+06, 2
601, 601, 10000, 20, 5.96219e+06, 5.70542e+06, 2
601, 601, 10000, 20, 6.03516e+06, 5.70542e+06, 2
601, 601, 10000, 20, 5.95418e+06, 5.70542e+06, 2
601, 601, 10000, 20, 6.03117e+06, 5.70542e+06, 2
601, 601, 10000, 20, 5.95546e+06, 5.70542e+06, 2
601, 601, 10000, 20, 5.95945e+06, 5.70542e+06, 2
601, 601, 10000, 20, 5.9918e+06, 5.70542e+06, 2
601, 601, 10000, 20, 5.95838e+06, 5.70542e+06, 2
601, 601, 10000, 20, 5.95667e+06, 5.70542e+06, 2
601, 601, 10000, 20, 5.96427e+06, 5.70542e+06, 2
601, 601, 10000, 20, 5.97344e+06, 5.70542e+06, 2
601, 601, 10000, 20, 5.95658e+06, 5.70542e+06, 2
601, 601, 10000, 20, 5.96024e+06, 5.70542e+06, 2
601, 601, 10000, 20, 5.97383e+06, 5.70542e+06, 2
601, 601, 10000, 20, 5.99014e+06, 5.70542e+06, 2
601, 601, 10000, 20, 5.9546e+06, 5.70542e+06, 2
601, 601, 10000, 20, 5.96906e+06, 5.70542e+06, 2
601, 601, 10000, 20, 5.97385e+06, 5.70542e+06, 2
601, 601, 10000, 20, 5.9579e+06, 5.70542e+06, 2
701, 701, 10000, 20, 8.03762e+06, 6.73541e+06, 2
701, 701, 10000, 20, 8.0146e+06, 6.73541e+06, 2
701, 701, 10000, 20, 8.03844e+06, 6.73541e+06, 2
701, 701, 10000, 20, 8.05352e+06, 6.73541e+06, 2
701, 701, 10000, 20, 8.11515e+06, 6.73541e+06, 2
701, 701, 10000, 20, 8.05352e+06, 6.73541e+06, 2
701, 701, 10000, 20, 8.0347e+06, 6.73541e+06, 2
701, 701, 10000, 20, 8.04308e+06, 6.73541e+06, 2
701, 701, 10000, 20, 8.0712e+06, 6.73541e+06, 2
701, 701, 10000, 20, 8.04644e+06, 6.73541e+06, 2
701, 701, 10000, 20, 8.0314e+06, 6.73541e+06, 2
701, 701, 10000, 20, 8.03308e+06, 6.73541e+06, 2
701, 701, 10000, 20, 8.10018e+06, 6.73541e+06, 2
701, 701, 10000, 20, 8.08328e+06, 6.73541e+06, 2
701, 701, 10000, 20, 8.05333e+06, 6.73541e+06, 2
701, 701, 10000, 20, 8.07673e+06, 6.73541e+06, 2
701, 701, 10000, 20, 8.0314e+06, 6.73541e+06, 2
701, 701, 10000, 20, 8.05048e+06, 6.73541e+06, 2
701, 701, 10000, 20, 8.05335e+06, 6.73541e+06, 2
701, 701, 10000, 20, 8.07593e+06, 6.73541e+06, 2
701, 701, 10000, 20, 8.0319e+06, 6.73541e+06, 2
701, 701, 10000, 20, 8.06309e+06, 6.73541e+06, 2
701, 701, 10000, 20, 8.10138e+06, 6.73541e+06, 2
701, 701, 10000, 20, 8.05295e+06, 6.73541e+06, 2
701, 701, 10000, 20, 8.04518e+06, 6.73541e+06, 2
701, 701, 10000, 20, 8.02455e+06, 6.73541e+06, 2
701, 701, 10000, 20, 8.02817e+06, 6.73541e+06, 2
701, 701, 10000, 20, 8.01527e+06, 6.73541e+06, 2
701, 701, 10000, 20, 8.04451e+06, 6.73541e+06, 2
701, 701, 10000, 20, 8.05081e+06, 6.73541e+06, 2
701, 701, 10000, 20, 8.0327e+06, 6.73541e+06, 2
701, 701, 10000, 20, 8.03755e+06, 6.73541e+06, 2
701, 701, 10000, 20, 8.0527e+06, 6.73541e+06, 2
701, 701, 10000, 20, 8.02578e+06, 6.73541e+06, 2
701, 701, 10000, 20, 8.03471e+06, 6.73541e+06, 2
701, 701, 10000, 20, 8.02888e+06, 6.73541e+06, 2
701, 701, 10000, 20, 8.03531e+06, 6.73541e+06, 2
701, 701, 10000, 20, 8.11516e+06, 6.73541e+06, 2
701, 701, 10000, 20, 8.04142e+06, 6.73541e+06, 2
701, 701, 10000, 20, 8.04081e+06, 6.73541e+06, 2
701, 701, 10000, 20, 8.02902e+06, 6.73541e+06, 2
701, 701, 10000, 20, 8.02528e+06, 6.73541e+06, 2
701, 701, 10000, 20, 8.06504e+06, 6.73541e+06, 2
701, 701, 10000, 20, 8.02192e+06, 6.73541e+06, 2
701, 701, 10000, 20, 8.0433e+06, 6.73541e+06, 2
701, 701, 10000, 20, 8.05725e+06, 6.73541e+06, 2
701, 701, 10000, 20, 8.02682e+06, 6.73541e+06, 2
701, 701, 10000, 20, 8.05659e+06, 6.73541e+06, 2
701, 701, 10000, 20, 8.05903e+06, 6.73541e+06, 2
701, 701, 10000, 20, 8.05087e+06, 6.73541e+06, 2
701, 701, 10000, 20, 8.06744e+06, 6.73541e+06, 2
701, 701, 10000, 20, 8.05006e+06, 6.73541e+06, 2
701, 701, 10000, 20, 8.03441e+06, 6.73541e+06, 2
701, 701, 10000, 20, 8.0476e+06, 6.73541e+06, 2
701, 701, 10000, 20, 8.02505e+06, 6.73541e+06, 2
701, 701, 10000, 20, 8.06285e+06, 6.73541e+06, 2
701, 701, 10000, 20, 8.02786e+06, 6.73541e+06, 2
701, 701, 10000, 20, 8.04222e+06, 6.73541e+06, 2
701, 701, 10000, 20, 8.03689e+06, 6.73541e+06, 2
701, 701, 10000, 20, 8.04678e+06, 6.73541e+06, 2
701, 701, 10000, 20, 8.03958e+06, 6.73541e+06, 2
701, 701, 10000, 20, 8.03456e+06, 6.73541e+06, 2
701, 701, 10000, 20, 8.12997e+06, 6.73541e+06, 2
701, 701, 10000, 20, 8.04544e+06, 6.73541e+06, 2
701, 701, 10000, 20, 8.06103e+06, 6.73541e+06, 2
701, 701, 10000, 20, 8.0874e+06, 6.73541e+06, 2
701, 701, 10000, 20, 8.05404e+06, 6.73541e+06, 2
701, 701, 10000, 20, 8.03719e+06, 6.73541e+06, 2
701, 701, 10000, 20, 8.06459e+06, 6.73541e+06, 2
701, 701, 10000, 20, 8.03917e+06, 6.73541e+06, 2
701, 701, 10000, 20, 8.03955e+06, 6.73541e+06, 2
701, 701, 10000, 20, 8.05253e+06, 6.73541e+06, 2
701, 701, 10000, 20, 8.05951e+06, 6.73541e+06, 2
701, 701, 10000, 20, 8.08387e+06, 6.73541e+06, 2
701, 701, 10000, 20, 8.09035e+06, 6.73541e+06, 2
701, 701, 10000, 20, 8.05693e+06, 6.73541e+06, 2
701, 701, 10000, 20, 8.04496e+06, 6.73541e+06, 2
701, 701, 10000, 20, 8.07315e+06, 6.73541e+06, 2
701, 701, 10000, 20, 8.05106e+06, 6.73541e+06, 2
701, 701, 10000, 20, 8.04036e+06, 6.73541e+06, 2
801, 801, 10000, 20, 1.19617e+07, 8.59774e+06, 2
801, 801, 10000, 20, 1.19552e+07, 8.59774e+06, 2
801, 801, 10000, 20, 1.19849e+07, 8.59774e+06, 2
801, 801, 10000, 20, 1.19504e+07, 8.59774e+06, 2
801, 801, 10000, 20, 1.19389e+07, 8.59774e+06, 2
801, 801, 10000, 20, 1.19654e+07, 8.59774e+06, 2
801, 801, 10000, 20, 1.19568e+07, 8.59774e+06, 2
801, 801, 10000, 20, 1.19548e+07, 8.59774e+06, 2
801, 801, 10000, 20, 1.19672e+07, 8.59774e+06, 2
801, 801, 10000, 20, 1.19633e+07, 8.59774e+06, 2
801, 801, 10000, 20, 1.19469e+07, 8.59774e+06, 2
801, 801, 10000, 20, 1.19513e+07, 8.59774e+06, 2
801, 801, 10000, 20, 1.19535e+07, 8.59774e+06, 2
801, 801, 10000, 20, 1.19716e+07, 8.59774e+06, 2
801, 801, 10000, 20, 1.19802e+07, 8.59774e+06, 2
801, 801, 10000, 20, 1.19571e+07, 8.59774e+06, 2
801, 801, 10000, 20, 1.19383e+07, 8.59774e+06, 2
801, 801, 10000, 20, 1.19601e+07, 8.59774e+06, 2
801, 801, 10000, 20, 1.19397e+07, 8.59774e+06, 2
801, 801, 10000, 20, 1.19738e+07, 8.59774e+06, 2
801, 801, 10000, 20, 1.19374e+07, 8.59774e+06, 2
801, 801, 10000, 20, 1.19488e+07, 8.59774e+06, 2
801, 801, 10000, 20, 1.19616e+07, 8.59774e+06, 2
801, 801, 10000, 20, 1.19376e+07, 8.59774e+06, 2
801, 801, 10000, 20, 1.19451e+07, 8.59774e+06, 2
801, 801, 10000, 20, 1.19461e+07, 8.59774e+06, 2
801, 801, 10000, 20, 1.19794e+07, 8.59774e+06, 2
801, 801, 10000, 20, 1.19537e+07, 8.59774e+06, 2
801, 801, 10000, 20, 1.19698e+07, 8.59774e+06, 2
801, 801, 10000, 20, 1.19635e+07, 8.59774e+06, 2
801, 801, 10000, 20, 1.19838e+07, 8.59774e+06, 2
801, 801, 10000, 20, 1.19519e+07, 8.59774e+06, 2
801, 801, 10000, 20, 1.19522e+07, 8.59774e+06, 2
801, 801, 10000, 20, 1.19581e+07, 8.59774e+06, 2
801, 801, 10000, 20, 1.19558e+07, 8.59774e+06, 2
801, 801, 10000, 20, 1.19541e+07, 8.59774e+06, 2
801, 801, 10000, 20, 1.1958e+07, 8.59774e+06, 2
801, 801, 10000, 20, 1.19472e+07, 8.59774e+06, 2
801, 801, 10000, 20, 1.19577e+07, 8.59774e+06, 2
801, 801, 10000, 20, 1.19306e+07, 8.59774e+06, 2
801, 801, 10000, 20, 1.1934e+07, 8.59774e+06, 2
801, 801, 10000, 20, 1.1984e+07, 8.59774e+06, 2
801, 801, 10000, 20, 1.19477e+07, 8.59774e+06, 2
801, 801, 10000, 20, 1.19326e+07, 8.59774e+06, 2
801, 801, 10000, 20, 1.19572e+07, 8.59774e+06, 2
801, 801, 10000, 20, 1.19467e+07, 8.59774e+06, 2
801, 801, 10000, 20, 1.19665e+07, 8.59774e+06, 2
801, 801, 10000, 20, 1.19635e+07, 8.59774e+06, 2
801, 801, 10000, 20, 1.19737e+07, 8.59774e+06, 2
801, 801, 10000, 20, 1.19627e+07, 8.59774e+06, 2
801, 801, 10000, 20, 1.19553e+07, 8.59774e+06, 2
801, 801, 10000, 20, 1.23049e+07, 8.59774e+06, 2
801, 801, 10000, 20, 1.19549e+07, 8.59774e+06, 2
801, 801, 10000, 20, 1.19443e+07, 8.59774e+06, 2
801, 801, 10000, 20, 1.19808e+07, 8.59774e+06, 2
801, 801, 10000, 20, 1.19512e+07, 8.59774e+06, 2
801, 801, 10000, 20, 1.19576e+07, 8.59774e+06, 2
801, 801, 10000, 20, 1.19433e+07, 8.59774e+06, 2
801, 801, 10000, 20, 1.19987e+07, 8.59774e+06, 2
801, 801, 10000, 20, 1.1984e+07, 8.59774e+06, 2
801, 801, 10000, 20, 1.20275e+07, 8.59774e+06, 2
801, 801, 10000, 20, 1.19636e+07, 8.59774e+06, 2
801, 801, 10000, 20, 1.19788e+07, 8.59774e+06, 2
801, 801, 10000, 20, 1.19633e+07, 8.59774e+06, 2
801, 801, 10000, 20, 1.19833e+07, 8.59774e+06, 2
801, 801, 10000, 20, 1.19336e+07, 8.59774e+06, 2
801, 801, 10000, 20, 1.19585e+07, 8.59774e+06, 2
801, 801, 10000, 20, 1.19589e+07, 8.59774e+06, 2
801, 801, 10000, 20, 1.1947e+07, 8.59774e+06, 2
801, 801, 10000, 20, 1.19515e+07, 8.59774e+06, 2
801, 801, 10000, 20, 1.19776e+07, 8.59774e+06, 2
801, 801, 10000, 20, 1.19319e+07, 8.59774e+06, 2
801, 801, 10000, 20, 1.19576e+07, 8.59774e+06, 2
801, 801, 10000, 20, 1.19556e+07, 8.59774e+06, 2
801, 801, 10000, 20, 1.19786e+07, 8.59774e+06, 2
801, 801, 10000, 20, 1.19596e+07, 8.59774e+06, 2
801, 801, 10000, 20, 1.19618e+07, 8.59774e+06, 2
801, 801, 10000, 20, 1.19763e+07, 8.59774e+06, 2
801, 801, 10000, 20, 1.19346e+07, 8.59774e+06, 2
801, 801, 10000, 20, 1.19609e+07, 8.59774e+06, 2
901, 901, 10000, 20, 1.51837e+07, 9.82964e+06, 2
901, 901, 10000, 20, 1.51919e+07, 9.82964e+06, 2
901, 901, 10000, 20, 1.53196e+07, 9.82964e+06, 2
901, 901, 10000, 20, 1.51734e+07, 9.82964e+06, 2
901, 901, 10000, 20, 1.51883e+07, 9.82964e+06, 2
901, 901, 10000, 20, 1.51639e+07, 9.82964e+06, 2
901, 901, 10000, 20, 1.51684e+07, 9.82964e+06, 2
901, 901, 10000, 20, 1.51518e+07, 9.82964e+06, 2
901, 901, 10000, 20, 1.51819e+07, 9.82964e+06, 2
901, 901, 10000, 20, 1.51531e+07, 9.82964e+06, 2
901, 901, 10000, 20, 1.51555e+07, 9.82964e+06, 2
901, 901, 10000, 20, 1.5151e+07, 9.82964e+06, 2
901, 901, 10000, 20, 1.51629e+07, 9.82964e+06, 2
901, 901, 10000, 20, 1.51419e+07, 9.82964e+06, 2
901, 901, 10000, 20, 1.51624e+07, 9.82964e+06, 2
901, 901, 10000, 20, 1.52206e+07, 9.82964e+06, 2
901, 901, 10000, 20, 1.51716e+07, 9.82964e+06, 2
901, 901, 10000, 20, 1.51412e+07, 9.82964e+06, 2
901, 901, 10000, 20, 1.51644e+07, 9.82964e+06, 2
901, 901, 10000, 20, 1.51527e+07, 9.82964e+06, 2
901, 901, 10000, 20, 1.51607e+07, 9.82964e+06, 2
901, 901, 10000, 20, 1.51593e+07, 9.82964e+06, 2
901, 901, 10000, 20, 1.51761e+07, 9.82964e+06, 2
901, 901, 10000, 20, 1.51936e+07, 9.82964e+06, 2
901, 901, 10000, 20, 1.51618e+07, 9.82964e+06, 2
901, 901, 10000, 20, 1.51748e+07, 9.82964e+06, 2
901, 901, 10000, 20, 1.51729e+07, 9.82964e+06, 2
901, 901, 10000, 20, 1.52139e+07, 9.82964e+06, 2
901, 901, 10000, 20, 1.53213e+07, 9.82964e+06, 2
901, 901, 10000, 20, 1.51652e+07, 9.82964e+06, 2
901, 901, 10000, 20, 1.51797e+07, 9.82964e+06, 2
901, 901, 10000, 20, 1.51855e+07, 9.82964e+06, 2
901, 901, 10000, 20, 1.51873e+07, 9.82964e+06, 2
901, 901, 10000, 20, 1.51752e+07, 9.82964e+06, 2
901, 901, 10000, 20, 1.52201e+07, 9.82964e+06, 2
901, 901, 10000, 20, 1.51672e+07, 9.82964e+06, 2
901, 901, 10000, 20, 1.5208e+07, 9.82964e+06, 2
901, 901, 10000, 20, 1.5147e+07, 9.82964e+06, 2
901, 901, 10000, 20, 1.51968e+07, 9.82964e+06, 2
901, 901, 10000, 20, 1.51952e+07, 9.82964e+06, 2
901, 901, 10000, 20, 1.51588e+07, 9.82964e+06, 2
901, 901, 10000, 20, 1.51623e+07, 9.82964e+06, 2
901, 901, 10000, 20, 1.56551e+07, 9.82964e+06, 2
901, 901, 10000, 20, 1.51734e+07, 9.82964e+06, 2
901, 901, 10000, 20, 1.51633e+07, 9.82964e+06, 2
901, 901, 10000, 20, 1.51873e+07, 9.82964e+06, 2
901, 901, 10000, 20, 1.51709e+07, 9.82964e+06, 2
901, 901, 10000, 20, 1.51728e+07, 9.82964e+06, 2
901, 901, 10000, 20, 1.51734e+07, 9.82964e+06, 2
901, 901, 10000, 20, 1.52338e+07, 9.82964e+06, 2
901, 901, 10000, 20, 1.51699e+07, 9.82964e+06, 2
901, 901, 10000, 20, 1.51908e+07, 9.82964e+06, 2
901, 901, 10000, 20, 1.51674e+07, 9.82964e+06, 2
901, 901, 10000, 20, 1.51777e+07, 9.82964e+06, 2
901, 901, 10000, 20, 1.51479e+07, 9.82964e+06, 2
901, 901, 10000, 20, 1.51442e+07, 9.82964e+06, 2
901, 901, 10000, 20, 1.5204e+07, 9.82964e+06, 2
901, 901, 10000, 20, 1.51721e+07, 9.82964e+06, 2
901, 901, 10000, 20, 1.51559e+07, 9.82964e+06, 2
901, 901, 10000, 20, 1.51553e+07, 9.82964e+06, 2
901, 901, 10000, 20, 1.51626e+07, 9.82964e+06, 2
901, 901, 10000, 20, 1.5187e+07, 9.82964e+06, 2
901, 901, 10000, 20, 1.5169e+07, 9.82964e+06, 2
901, 901, 10000, 20, 1.51513e+07, 9.82964e+06, 2
901, 901, 10000, 20, 1.51877e+07, 9.82964e+06, 2
901, 901, 10000, 20, 1.51552e+07, 9.82964e+06, 2
901, 901, 10000, 20, 1.51783e+07, 9.82964e+06, 2
901, 901, 10000, 20, 1.51699e+07, 9.82964e+06, 2
901, 901, 10000, 20, 1.51948e+07, 9.82964e+06, 2
901, 901, 10000, 20, 1.53113e+07, 9.82964e+06, 2
901, 901, 10000, 20, 1.51661e+07, 9.82964e+06, 2
901, 901, 10000, 20, 1.5178e+07, 9.82964e+06, 2
901, 901, 10000, 20, 1.51824e+07, 9.82964e+06, 2
901, 901, 10000, 20, 1.51645e+07, 9.82964e+06, 2
901, 901, 10000, 20, 1.51792e+07, 9.82964e+06, 2
901, 901, 10000, 20, 1.52024e+07, 9.82964e+06, 2
901, 901, 10000, 20, 1.5194e+07, 9.82964e+06, 2
901, 901, 10000, 20, 1.51886e+07, 9.82964e+06, 2
901, 901, 10000, 20, 1.51601e+07, 9.82964e+06, 2
901, 901, 10000, 20, 1.51762e+07, 9.82964e+06, 2
1001, 1001, 10000, 20, 1.93785e+07, 1.08318e+07, 2
1001, 1001, 10000, 20, 1.95123e+07, 1.08318e+07, 2
1001, 1001, 10000, 20, 1.94116e+07, 1.08318e+07, 2
1001, 1001, 10000, 20, 1.94332e+07, 1.08318e+07, 2
1001, 1001, 10000, 20, 1.93848e+07, 1.08318e+07, 2
1001, 1001, 10000, 20, 1.94257e+07, 1.08318e+07, 2
1001, 1001, 10000, 20, 1.93925e+07, 1.08318e+07, 2
1001, 1001, 10000, 20, 1.9391e+07, 1.08318e+07, 2
1001, 1001, 10000, 20, 1.94293e+07, 1.08318e+07, 2
1001, 1001, 10000, 20, 1.96186e+07, 1.08318e+07, 2
1001, 1001, 10000, 20, 1.94739e+07, 1.08318e+07, 2
1001, 1001, 10000, 20, 1.94533e+07, 1.08318e+07, 2
1001, 1001, 10000, 20, 1.94299e+07, 1.08318e+07, 2
1001, 1001, 10000, 20, 1.94188e+07, 1.08318e+07, 2
1001, 1001, 10000, 20, 1.93957e+07, 1.08318e+07, 2
1001, 1001, 10000, 20, 1.94028e+07, 1.08318e+07, 2
1001, 1001, 10000, 20, 1.93876e+07, 1.08318e+07, 2
1001, 1001, 10000, 20, 1.94002e+07, 1.08318e+07, 2
1001, 1001, 10000, 20, 1.9389e+07, 1.08318e+07, 2
1001, 1001, 10000, 20, 1.94326e+07, 1.08318e+07, 2
1001, 1001, 10000, 20, 1.93995e+07, 1.08318e+07, 2
1001, 1001, 10000, 20, 1.94115e+07, 1.08318e+07, 2
1001, 1001, 10000, 20, 1.93952e+07, 1.08318e+07, 2
1001, 1001, 10000, 20, 1.94205e+07, 1.08318e+07, 2
1001, 1001, 10000, 20, 1.93952e+07, 1.08318e+07, 2
1001, 1001, 10000, 20, 1.94475e+07, 1.08318e+07, 2
1001, 1001, 10000, 20, 1.94162e+07, 1.08318e+07, 2
1001, 1001, 10000, 20, 1.94169e+07, 1.08318e+07, 2
1001, 1001, 10000, 20, 1.94073e+07, 1.08318e+07, 2
1001, 1001, 10000, 20, 1.942e+07, 1.08318e+07, 2
1001, 1001, 10000, 20, 1.94335e+07, 1.08318e+07, 2
1001, 1001, 10000, 20, 1.93963e+07, 1.08318e+07, 2
1001, 1001, 10000, 20, 1.94139e+07, 1.08318e+07, 2
1001, 1001, 10000, 20, 1.9474e+07, 1.08318e+07, 2
1001, 1001, 10000, 20, 1.93804e+07, 1.08318e+07, 2
1001, 1001, 10000, 20, 1.94064e+07, 1.08318e+07, 2
1001, 1001, 10000, 20, 1.93958e+07, 1.08318e+07, 2
1001, 1001, 10000, 20, 1.93924e+07, 1.08318e+07, 2
1001, 1001, 10000, 20, 1.93999e+07, 1.08318e+07, 2
1001, 1001, 10000, 20, 1.94003e+07, 1.08318e+07, 2
1001, 1001, 10000, 20, 1.93947e+07, 1.08318e+07, 2
1001, 1001, 10000, 20, 1.94593e+07, 1.08318e+07, 2
1001, 1001, 10000, 20, 1.94082e+07, 1.08318e+07, 2
1001, 1001, 10000, 20, 1.93994e+07, 1.08318e+07, 2
1001, 1001, 10000, 20, 1.93838e+07, 1.08318e+07, 2
1001, 1001, 10000, 20, 1.93865e+07, 1.08318e+07, 2
1001, 1001, 10000, 20, 1.93967e+07, 1.08318e+07, 2
1001, 1001, 10000, 20, 1.95112e+07, 1.08318e+07, 2
1001, 1001, 10000, 20, 1.95741e+07, 1.08318e+07, 2
1001, 1001, 10000, 20, 1.94208e+07, 1.08318e+07, 2
1001, 1001, 10000, 20, 1.93932e+07, 1.08318e+07, 2
1001, 1001, 10000, 20, 1.95019e+07, 1.08318e+07, 2
1001, 1001, 10000, 20, 1.94345e+07, 1.08318e+07, 2
1001, 1001, 10000, 20, 1.94096e+07, 1.08318e+07, 2
1001, 1001, 10000, 20, 1.94426e+07, 1.08318e+07, 2
1001, 1001, 10000, 20, 1.94652e+07, 1.08318e+07, 2
1001, 1001, 10000, 20, 1.94234e+07, 1.08318e+07, 2
1001, 1001, 10000, 20, 1.94771e+07, 1.08318e+07, 2
1001, 1001, 10000, 20, 1.94254e+07, 1.08318e+07, 2
1001, 1001, 10000, 20, 1.94027e+07, 1.08318e+07, 2
1001, 1001, 10000, 20, 1.93929e+07, 1.08318e+07, 2
1001, 1001, 10000, 20, 1.9471e+07, 1.08318e+07, 2
1001, 1001, 10000, 20, 1.93979e+07, 1.08318e+07, 2
1001, 1001, 10000, 20, 1.94242e+07, 1.08318e+07, 2
1001, 1001, 10000, 20, 1.94467e+07, 1.08318e+07, 2
1001, 1001, 10000, 20, 1.939e+07, 1.08318e+07, 2
1001, 1001, 10000, 20, 1.95144e+07, 1.08318e+07, 2
1001, 1001, 10000, 20, 1.93988e+07, 1.08318e+07, 2
1001, 1001, 10000, 20, 1.94783e+07, 1.08318e+07, 2
1001, 1001, 10000, 20, 1.94637e+07, 1.08318e+07, 2
1001, 1001, 10000, 20, 1.94502e+07, 1.08318e+07, 2
1001, 1001, 10000, 20, 1.94424e+07, 1.08318e+07, 2
1001, 1001, 10000, 20, 1.94231e+07, 1.08318e+07, 2
1001, 1001, 10000, 20, 1.94981e+07, 1.08318e+07, 2
1001, 1001, 10000, 20, 1.94163e+07, 1.08318e+07, 2
1001, 1001, 10000, 20, 1.98609e+07, 1.08318e+07, 2
1001, 1001, 10000, 20, 1.94447e+07, 1.08318e+07, 2
1001, 1001, 10000, 20, 1.94154e+07, 1.08318e+07, 2
1001, 1001, 10000, 20, 1.94141e+07, 1.08318e+07, 2
1001, 1001, 10000, 20, 1.94024e+07, 1.08318e+07, 2
1101, 1101, 10000, 20, 2.60873e+07, 1.30306e+07, 2
1101, 1101, 10000, 20, 2.61052e+07, 1.30306e+07, 2
1101, 1101, 10000, 20, 2.61403e+07, 1.30306e+07, 2
1101, 1101, 10000, 20, 2.62398e+07, 1.30306e+07, 2
1101, 1101, 10000, 20, 2.61058e+07, 1.30306e+07, 2
1101, 1101, 10000, 20, 2.61082e+07, 1.30306e+07, 2
1101, 1101, 10000, 20, 2.61487e+07, 1.30306e+07, 2
1101, 1101, 10000, 20, 2.61644e+07, 1.30306e+07, 2
1101, 1101, 10000, 20, 2.61057e+07, 1.30306e+07, 2
1101, 1101, 10000, 20, 2.61075e+07, 1.30306e+07, 2
1101, 1101, 10000, 20, 2.61113e+07, 1.30306e+07, 2
1101, 1101, 10000, 20, 2.60803e+07, 1.30306e+07, 2
1101, 1101, 10000, 20, 2.60895e+07, 1.30306e+07, 2
1101, 1101, 10000, 20, 2.60896e+07, 1.30306e+07, 2
1101, 1101, 10000, 20, 2.60981e+07, 1.30306e+07, 2
1101, 1101, 10000, 20, 2.61106e+07, 1.30306e+07, 2
1101, 1101, 10000, 20, 2.61316e+07, 1.30306e+07, 2
1101, 1101, 10000, 20, 2.61609e+07, 1.30306e+07, 2
1101, 1101, 10000, 20, 2.68073e+07, 1.30306e+07, 2
1101, 1101, 10000, 20, 2.61054e+07, 1.30306e+07, 2
1101, 1101, 10000, 20, 2.61483e+07, 1.30306e+07, 2
1101, 1101, 10000, 20, 2.6108e+07, 1.30306e+07, 2
1101, 1101, 10000, 20, 2.61255e+07, 1.30306e+07, 2
1101, 1101, 10000, 20, 2.61957e+07, 1.30306e+07, 2
1101, 1101, 10000, 20, 2.61406e+07, 1.30306e+07, 2
1101, 1101, 10000, 20, 2.61381e+07, 1.30306e+07, 2
1101, 1101, 10000, 20, 2.60849e+07, 1.30306e+07, 2
1101, 1101, 10000, 20, 2.60829e+07, 1.30306e+07, 2
1101, 1101, 10000, 20, 2.60901e+07, 1.30306e+07, 2
1101, 1101, 10000, 20, 2.60995e+07, 1.30306e+07, 2
1101, 1101, 10000, 20, 2.60997e+07, 1.30306e+07, 2
1101, 1101, 10000, 20, 2.61435e+07, 1.30306e+07, 2
1101, 1101, 10000, 20, 2.61147e+07, 1.30306e+07, 2
1101, 1101, 10000, 20, 2.61265e+07, 1.30306e+07, 2
1101, 1101, 10000, 20, 2.621e+07, 1.30306e+07, 2
1101, 1101, 10000, 20, 2.61163e+07, 1.30306e+07, 2
1101, 1101, 10000, 20, 2.61474e+07, 1.30306e+07, 2
1101, 1101, 10000, 20, 2.61663e+07, 1.30306e+07, 2
1101, 1101, 10000, 20, 2.61074e+07, 1.30306e+07, 2
1101, 1101, 10000, 20, 2.61396e+07, 1.30306e+07, 2
1101, 1101, 10000, 20, 2.61143e+07, 1.30306e+07, 2
1101, 1101, 10000, 20, 2.61445e+07, 1.30306e+07, 2
1101, 1101, 10000, 20, 2.61353e+07, 1.30306e+07, 2
1101, 1101, 10000, 20, 2.61296e+07, 1.30306e+07, 2
1101, 1101, 10000, 20, 2.61963e+07, 1.30306e+07, 2
1101, 1101, 10000, 20, 2.61215e+07, 1.30306e+07, 2
1101, 1101, 10000, 20, 2.60927e+07, 1.30306e+07, 2
1101, 1101, 10000, 20, 2.61319e+07, 1.30306e+07, 2
1101, 1101, 10000, 20, 2.61144e+07, 1.30306e+07, 2
1101, 1101, 10000, 20, 2.62145e+07, 1.30306e+07, 2
1101, 1101, 10000, 20, 2.61336e+07, 1.30306e+07, 2
1101, 1101, 10000, 20, 2.65528e+07, 1.30306e+07, 2
1101, 1101, 10000, 20, 2.61789e+07, 1.30306e+07, 2
1101, 1101, 10000, 20, 2.62005e+07, 1.30306e+07, 2
1101, 1101, 10000, 20, 2.61303e+07, 1.30306e+07, 2
1101, 1101, 10000, 20, 2.61138e+07, 1.30306e+07, 2
1101, 1101, 10000, 20, 2.61336e+07, 1.30306e+07, 2
1101, 1101, 10000, 20, 2.60841e+07, 1.30306e+07, 2
1101, 1101, 10000, 20, 2.61283e+07, 1.30306e+07, 2
1101, 1101, 10000, 20, 2.6099e+07, 1.30306e+07, 2
1101, 1101, 10000, 20, 2.61135e+07, 1.30306e+07, 2
1101, 1101, 10000, 20, 2.61726e+07, 1.30306e+07, 2
1101, 1101, 10000, 20, 2.61239e+07, 1.30306e+07, 2
1101, 1101, 10000, 20, 2.61201e+07, 1.30306e+07, 2
1101, 1101, 10000, 20, 2.62066e+07, 1.30306e+07, 2
1101, 1101, 10000, 20, 2.62205e+07, 1.30306e+07, 2
1101, 1101, 10000, 20, 2.61797e+07, 1.30306e+07, 2
1101, 1101, 10000, 20, 2.61847e+07, 1.30306e+07, 2
1101, 1101, 10000, 20, 2.61486e+07, 1.30306e+07, 2
1101, 1101, 10000, 20, 2.61162e+07, 1.30306e+07, 2
1101, 1101, 10000, 20, 2.61639e+07, 1.30306e+07, 2
1101, 1101, 10000, 20, 2.61389e+07, 1.30306e+07, 2
1101, 1101, 10000, 20, 2.61086e+07, 1.30306e+07, 2
1101, 1101, 10000, 20, 2.61288e+07, 1.30306e+07, 2
1101, 1101, 10000, 20, 2.61369e+07, 1.30306e+07, 2
1101, 1101, 10000, 20, 2.6099e+07, 1.30306e+07, 2
1101, 1101, 10000, 20, 2.61041e+07, 1.30306e+07, 2
1101, 1101, 10000, 20, 2.61495e+07, 1.30306e+07, 2
1101, 1101, 10000, 20, 2.61835e+07, 1.30306e+07, 2
1101, 1101, 10000, 20, 2.61126e+07, 1.30306e+07, 2
1201, 1201, 10000, 20, 3.1354e+07, 1.39179e+07, 2
1201, 1201, 10000, 20, 3.1388e+07, 1.39179e+07, 2
1201, 1201, 10000, 20, 3.13546e+07, 1.39179e+07, 2
1201, 1201, 10000, 20, 3.13606e+07, 1.39179e+07, 2
1201, 1201, 10000, 20, 3.14062e+07, 1.39179e+07, 2
1201, 1201, 10000, 20, 3.13848e+07, 1.39179e+07, 2
1201, 1201, 10000, 20, 3.13908e+07, 1.39179e+07, 2
1201, 1201, 10000, 20, 3.15073e+07, 1.39179e+07, 2
1201, 1201, 10000, 20, 3.14739e+07, 1.39179e+07, 2
1201, 1201, 10000, 20, 3.13575e+07, 1.39179e+07, 2
1201, 1201, 10000, 20, 3.13725e+07, 1.39179e+07, 2
1201, 1201, 10000, 20, 3.13653e+07, 1.39179e+07, 2
1201, 1201, 10000, 20, 3.13162e+07, 1.39179e+07, 2
1201, 1201, 10000, 20, 3.13272e+07, 1.39179e+07, 2
1201, 1201, 10000, 20, 3.15217e+07, 1.39179e+07, 2
1201, 1201, 10000, 20, 3.13834e+07, 1.39179e+07, 2
1201, 1201, 10000, 20, 3.14252e+07, 1.39179e+07, 2
1201, 1201, 10000, 20, 3.14873e+07, 1.39179e+07, 2
1201, 1201, 10000, 20, 3.13673e+07, 1.39179e+07, 2
1201, 1201, 10000, 20, 3.14659e+07, 1.39179e+07, 2
1201, 1201, 10000, 20, 3.13896e+07, 1.39179e+07, 2
1201, 1201, 10000, 20, 3.1385e+07, 1.39179e+07, 2
1201, 1201, 10000, 20, 3.14323e+07, 1.39179e+07, 2
1201, 1201, 10000, 20, 3.13887e+07, 1.39179e+07, 2
1201, 1201, 10000, 20, 3.13548e+07, 1.39179e+07, 2
1201, 1201, 10000, 20, 3.13903e+07, 1.39179e+07, 2
1201, 1201, 10000, 20, 3.13926e+07, 1.39179e+07, 2
1201, 1201, 10000, 20, 3.14127e+07, 1.39179e+07, 2
1201, 1201, 10000, 20, 3.13972e+07, 1.39179e+07, 2
1201, 1201, 10000, 20, 3.14132e+07, 1.39179e+07, 2
1201, 1201, 10000, 20, 3.13707e+07, 1.39179e+07, 2
1201, 1201, 10000, 20, 3.13685e+07, 1.39179e+07, 2
1201, 1201, 10000, 20, 3.19122e+07, 1.39179e+07, 2
1201, 1201, 10000, 20, 3.13753e+07, 1.39179e+07, 2
1201, 1201, 10000, 20, 3.13596e+07, 1.39179e+07, 2
1201, 1201, 10000, 20, 3.13786e+07, 1.39179e+07, 2
1201, 1201, 10000, 20, 3.13809e+07, 1.39179e+07, 2
1201, 1201, 10000, 20, 3.13296e+07, 1.39179e+07, 2
1201, 1201, 10000, 20, 3.13452e+07, 1.39179e+07, 2
1201, 1201, 10000, 20, 3.14081e+07, 1.39179e+07, 2
1201, 1201, 10000, 20, 3.13329e+07, 1.39179e+07, 2
1201, 1201, 10000, 20, 3.15503e+07, 1.39179e+07, 2
1201, 1201, 10000, 20, 3.15047e+07, 1.39179e+07, 2
1201, 1201, 10000, 20, 3.13485e+07, 1.39179e+07, 2
1201, 1201, 10000, 20, 3.14034e+07, 1.39179e+07, 2
1201, 1201, 10000, 20, 3.13698e+07, 1.39179e+07, 2
1201, 1201, 10000, 20, 3.13551e+07, 1.39179e+07, 2
1201, 1201, 10000, 20, 3.13908e+07, 1.39179e+07, 2
1201, 1201, 10000, 20, 3.13736e+07, 1.39179e+07, 2
1201, 1201, 10000, 20, 3.13889e+07, 1.39179e+07, 2
1201, 1201, 10000, 20, 3.13347e+07, 1.39179e+07, 2
1201, 1201, 10000, 20, 3.13699e+07, 1.39179e+07, 2
1201, 1201, 10000, 20, 3.14392e+07, 1.39179e+07, 2
1201, 1201, 10000, 20, 3.14901e+07, 1.39179e+07, 2
1201, 1201, 10000, 20, 3.152e+07, 1.39179e+07, 2
1201, 1201, 10000, 20, 3.14907e+07, 1.39179e+07, 2
1201, 1201, 10000, 20, 3.14921e+07, 1.39179e+07, 2
1201, 1201, 10000, 20, 3.15019e+07, 1.39179e+07, 2
1201, 1201, 10000, 20, 3.15043e+07, 1.39179e+07, 2
1201, 1201, 10000, 20, 3.16599e+07, 1.39179e+07, 2
1201, 1201, 10000, 20, 3.15075e+07, 1.39179e+07, 2
1201, 1201, 10000, 20, 3.15269e+07, 1.39179e+07, 2
1201, 1201, 10000, 20, 3.1494e+07, 1.39179e+07, 2
1201, 1201, 10000, 20, 3.1513e+07, 1.39179e+07, 2
1201, 1201, 10000, 20, 3.14907e+07, 1.39179e+07, 2
1201, 1201, 10000, 20, 3.14872e+07, 1.39179e+07, 2
1201, 1201, 10000, 20, 3.15015e+07, 1.39179e+07, 2
1201, 1201, 10000, 20, 3.14889e+07, 1.39179e+07, 2
1201, 1201, 10000, 20, 3.15693e+07, 1.39179e+07, 2
1201, 1201, 10000, 20, 3.14902e+07, 1.39179e+07, 2
1201, 1201, 10000, 20, 3.14685e+07, 1.39179e+07, 2
1201, 1201, 10000, 20, 3.15371e+07, 1.39179e+07, 2
1201, 1201, 10000, 20, 3.15253e+07, 1.39179e+07, 2
1201, 1201, 10000, 20, 3.15124e+07, 1.39179e+07, 2
1201, 1201, 10000, 20, 3.15254e+07, 1.39179e+07, 2
1201, 1201, 10000, 20, 3.20989e+07, 1.39179e+07, 2
1201, 1201, 10000, 20, 3.15181e+07, 1.39179e+07, 2
1201, 1201, 10000, 20, 3.15338e+07, 1.39179e+07, 2
1201, 1201, 10000, 20, 3.15054e+07, 1.39179e+07, 2
1201, 1201, 10000, 20, 3.14962e+07, 1.39179e+07, 2
1301, 1301, 10000, 20, 3.75397e+07, 1.60149e+07, 2
1301, 1301, 10000, 20, 3.75374e+07, 1.60149e+07, 2
1301, 1301, 10000, 20, 3.75134e+07, 1.60149e+07, 2
1301, 1301, 10000, 20, 3.75524e+07, 1.60149e+07, 2
1301, 1301, 10000, 20, 3.75636e+07, 1.60149e+07, 2
1301, 1301, 10000, 20, 3.75189e+07, 1.60149e+07, 2
1301, 1301, 10000, 20, 3.75302e+07, 1.60149e+07, 2
1301, 1301, 10000, 20, 3.75394e+07, 1.60149e+07, 2
1301, 1301, 10000, 20, 3.75168e+07, 1.60149e+07, 2
1301, 1301, 10000, 20, 3.75078e+07, 1.60149e+07, 2
1301, 1301, 10000, 20, 3.7778e+07, 1.60149e+07, 2
1301, 1301, 10000, 20, 3.75123e+07, 1.60149e+07, 2
1301, 1301, 10000, 20, 3.7529e+07, 1.60149e+07, 2
1301, 1301, 10000, 20, 3.75285e+07, 1.60149e+07, 2
1301, 1301, 10000, 20, 3.75819e+07, 1.60149e+07, 2
1301, 1301, 10000, 20, 3.75356e+07, 1.60149e+07, 2
1301, 1301, 10000, 20, 3.75427e+07, 1.60149e+07, 2
1301, 1301, 10000, 20, 3.75624e+07, 1.60149e+07, 2
1301, 1301, 10000, 20, 3.75479e+07, 1.60149e+07, 2
1301, 1301, 10000, 20, 3.75333e+07, 1.60149e+07, 2
1301, 1301, 10000, 20, 3.75459e+07, 1.60149e+07, 2
1301, 1301, 10000, 20, 3.75546e+07, 1.60149e+07, 2
1301, 1301, 10000, 20, 3.75343e+07, 1.60149e+07, 2
1301, 1301, 10000, 20, 3.75302e+07, 1.60149e+07, 2
1301, 1301, 10000, 20, 3.75324e+07, 1.60149e+07, 2
1301, 1301, 10000, 20, 3.75116e+07, 1.60149e+07, 2
1301, 1301, 10000, 20, 3.75469e+07, 1.60149e+07, 2
1301, 1301, 10000, 20, 3.76562e+07, 1.60149e+07, 2
1301, 1301, 10000, 20, 3.75533e+07, 1.60149e+07, 2
1301, 1301, 10000, 20, 3.75321e+07, 1.60149e+07, 2
1301, 1301, 10000, 20, 3.75568e+07, 1.60149e+07, 2
1301, 1301, 10000, 20, 3.75504e+07, 1.60149e+07, 2
1301, 1301, 10000, 20, 3.75401e+07, 1.60149e+07, 2
1301, 1301, 10000, 20, 3.74878e+07, 1.60149e+07, 2
1301, 1301, 10000, 20, 3.75241e+07, 1.60149e+07, 2
1301, 1301, 10000, 20, 3.75068e+07, 1.60149e+07, 2
1301, 1301, 10000, 20, 3.75276e+07, 1.60149e+07, 2
1301, 1301, 10000, 20, 3.75586e+07, 1.60149e+07, 2
1301, 1301, 10000, 20, 3.75385e+07, 1.60149e+07, 2
1301, 1301, 10000, 20, 3.75895e+07, 1.60149e+07, 2
1301, 1301, 10000, 20, 3.75293e+07, 1.60149e+07, 2
1301, 1301, 10000, 20, 3.75119e+07, 1.60149e+07, 2
1301, 1301, 10000, 20, 3.75494e+07, 1.60149e+07, 2
1301, 1301, 10000, 20, 3.75234e+07, 1.60149e+07, 2
1301, 1301, 10000, 20, 3.75262e+07, 1.60149e+07, 2
1301, 1301, 10000, 20, 3.75646e+07, 1.60149e+07, 2
1301, 1301, 10000, 20, 3.75694e+07, 1.60149e+07, 2
1301, 1301, 10000, 20, 3.75458e+07, 1.60149e+07, 2
1301, 1301, 10000, 20, 3.75298e+07, 1.60149e+07, 2
1301, 1301, 10000, 20, 3.7534e+07, 1.60149e+07, 2
1301, 1301, 10000, 20, 3.75934e+07, 1.60149e+07, 2
1301, 1301, 10000, 20, 3.7564e+07, 1.60149e+07, 2
1301, 1301, 10000, 20, 3.75642e+07, 1.60149e+07, 2
1301, 1301, 10000, 20, 3.7543e+07, 1.60149e+07, 2
1301, 1301, 10000, 20, 3.75444e+07, 1.60149e+07, 2
1301, 1301, 10000, 20, 3.75277e+07, 1.60149e+07, 2
1301, 1301, 10000, 20, 3.75737e+07, 1.60149e+07, 2
1301, 1301, 10000, 20, 3.75564e+07, 1.60149e+07, 2
1301, 1301, 10000, 20, 3.75283e+07, 1.60149e+07, 2
1301, 1301, 10000, 20, 3.75203e+07, 1.60149e+07, 2
1301, 1301, 10000, 20, 3.75742e+07, 1.60149e+07, 2
1301, 1301, 10000, 20, 3.75327e+07, 1.60149e+07, 2
1301, 1301, 10000, 20, 3.75799e+07, 1.60149e+07, 2
1301, 1301, 10000, 20, 3.76367e+07, 1.60149e+07, 2
1301, 1301, 10000, 20, 3.75142e+07, 1.60149e+07, 2
1301, 1301, 10000, 20, 3.75465e+07, 1.60149e+07, 2
1301, 1301, 10000, 20, 3.75684e+07, 1.60149e+07, 2
1301, 1301, 10000, 20, 3.75351e+07, 1.60149e+07, 2
1301, 1301, 10000, 20, 3.75331e+07, 1.60149e+07, 2
1301, 1301, 10000, 20, 3.75474e+07, 1.60149e+07, 2
1301, 1301, 10000, 20, 3.75129e+07, 1.60149e+07, 2
1301, 1301, 10000, 20, 3.75255e+07, 1.60149e+07, 2
1301, 1301, 10000, 20, 3.75736e+07, 1.60149e+07, 2
1301, 1301, 10000, 20, 3.75258e+07, 1.60149e+07, 2
1301, 1301, 10000, 20, 3.75717e+07, 1.60149e+07, 2
1301, 1301, 10000, 20, 3.76269e+07, 1.60149e+07, 2
1301, 1301, 10000, 20, 3.7525e+07, 1.60149e+07, 2
1301, 1301, 10000, 20, 3.75984e+07, 1.60149e+07, 2
1301, 1301, 10000, 20, 3.76098e+07, 1.60149e+07, 2
1301, 1301, 10000, 20, 3.75754e+07, 1.60149e+07, 2
1401, 1401, 10000, 20, 4.83175e+07, 1.77121e+07, 2
1401, 1401, 10000, 20, 4.83454e+07, 1.77121e+07, 2
1401, 1401, 10000, 20, 4.83056e+07, 1.77121e+07, 2
1401, 1401, 10000, 20, 4.83203e+07, 1.77121e+07, 2
1401, 1401, 10000, 20, 4.83087e+07, 1.77121e+07, 2
1401, 1401, 10000, 20, 4.83048e+07, 1.77121e+07, 2
1401, 1401, 10000, 20, 4.84237e+07, 1.77121e+07, 2
1401, 1401, 10000, 20, 4.82974e+07, 1.77121e+07, 2
1401, 1401, 10000, 20, 4.83551e+07, 1.77121e+07, 2
1401, 1401, 10000, 20, 4.83174e+07, 1.77121e+07, 2
1401, 1401, 10000, 20, 4.82929e+07, 1.77121e+07, 2
1401, 1401, 10000, 20, 4.83277e+07, 1.77121e+07, 2
1401, 1401, 10000, 20, 4.83025e+07, 1.77121e+07, 2
1401, 1401, 10000, 20, 4.8316e+07, 1.77121e+07, 2
1401, 1401, 10000, 20, 4.82943e+07, 1.77121e+07, 2
1401, 1401, 10000, 20, 4.83446e+07, 1.77121e+07, 2
1401, 1401, 10000, 20, 4.83788e+07, 1.77121e+07, 2
1401, 1401, 10000, 20, 4.83641e+07, 1.77121e+07, 2
1401, 1401, 10000, 20, 4.83211e+07, 1.77121e+07, 2
1401, 1401, 10000, 20, 4.83588e+07, 1.77121e+07, 2
1401, 1401, 10000, 20, 4.83509e+07, 1.77121e+07, 2
1401, 1401, 10000, 20, 4.82725e+07, 1.77121e+07, 2
1401, 1401, 10000, 20, 4.82912e+07, 1.77121e+07, 2
1401, 1401, 10000, 20, 4.83165e+07, 1.77121e+07, 2
1401, 1401, 10000, 20, 4.83314e+07, 1.77121e+07, 2
1401, 1401, 10000, 20, 4.85391e+07, 1.77121e+07, 2
1401, 1401, 10000, 20, 4.83836e+07, 1.77121e+07, 2
1401, 1401, 10000, 20, 4.83391e+07, 1.77121e+07, 2
1401, 1401, 10000, 20, 4.82924e+07, 1.77121e+07, 2
1401, 1401, 10000, 20, 4.8341e+07, 1.77121e+07, 2
1401, 1401, 10000, 20, 4.83451e+07, 1.77121e+07, 2
1401, 1401, 10000, 20, 4.83407e+07, 1.77121e+07, 2
1401, 1401, 10000, 20, 4.83266e+07, 1.77121e+07, 2
1401, 1401, 10000, 20, 4.83159e+07, 1.77121e+07, 2
1401, 1401, 10000, 20, 4.83719e+07, 1.77121e+07, 2
1401, 1401, 10000, 20, 4.83136e+07, 1.77121e+07, 2
1401, 1401, 10000, 20, 4.83031e+07, 1.77121e+07, 2
1401, 1401, 10000, 20, 4.83536e+07, 1.77121e+07, 2
1401, 1401, 10000, 20, 4.83303e+07, 1.77121e+07, 2
1401, 1401, 10000, 20, 4.82864e+07, 1.77121e+07, 2
1401, 1401, 10000, 20, 4.83849e+07, 1.77121e+07, 2
1401, 1401, 10000, 20, 4.83584e+07, 1.77121e+07, 2
1401, 1401, 10000, 20, 4.83171e+07, 1.77121e+07, 2
1401, 1401, 10000, 20, 4.83665e+07, 1.77121e+07, 2
1401, 1401, 10000, 20, 4.83538e+07, 1.77121e+07, 2
1401, 1401, 10000, 20, 4.83142e+07, 1.77121e+07, 2
1401, 1401, 10000, 20, 4.85023e+07, 1.77121e+07, 2
1401, 1401, 10000, 20, 4.83725e+07, 1.77121e+07, 2
1401, 1401, 10000, 20, 4.83779e+07, 1.77121e+07, 2
1401, 1401, 10000, 20, 5.05226e+07, 1.77121e+07, 2
1401, 1401, 10000, 20, 4.83316e+07, 1.77121e+07, 2
1401, 1401, 10000, 20, 4.83542e+07, 1.77121e+07, 2
1401, 1401, 10000, 20, 4.83244e+07, 1.77121e+07, 2
1401, 1401, 10000, 20, 4.83555e+07, 1.77121e+07, 2
1401, 1401, 10000, 20, 4.83279e+07, 1.77121e+07, 2
1401, 1401, 10000, 20, 4.83522e+07, 1.77121e+07, 2
1401, 1401, 10000, 20, 4.84353e+07, 1.77121e+07, 2
1401, 1401, 10000, 20, 4.83185e+07, 1.77121e+07, 2
1401, 1401, 10000, 20, 4.84904e+07, 1.77121e+07, 2
1401, 1401, 10000, 20, 4.83707e+07, 1.77121e+07, 2
1401, 1401, 10000, 20, 4.83977e+07, 1.77121e+07, 2
1401, 1401, 10000, 20, 4.83975e+07, 1.77121e+07, 2
1401, 1401, 10000, 20, 4.83271e+07, 1.77121e+07, 2
1401, 1401, 10000, 20, 4.83428e+07, 1.77121e+07, 2
1401, 1401, 10000, 20, 4.83307e+07, 1.77121e+07, 2
1401, 1401, 10000, 20, 4.83873e+07, 1.77121e+07, 2
1401, 1401, 10000, 20, 4.82947e+07, 1.77121e+07, 2
1401, 1401, 10000, 20, 4.8432e+07, 1.77121e+07, 2
1401, 1401, 10000, 20, 4.83184e+07, 1.77121e+07, 2
1401, 1401, 10000, 20, 4.8565e+07, 1.77121e+07, 2
1401, 1401, 10000, 20, 4.83655e+07, 1.77121e+07, 2
1401, 1401, 10000, 20, 4.83196e+07, 1.77121e+07, 2
1401, 1401, 10000, 20, 4.83609e+07, 1.77121e+07, 2
1401, 1401, 10000, 20, 4.82883e+07, 1.77121e+07, 2
1401, 1401, 10000, 20, 4.82998e+07, 1.77121e+07, 2
1401, 1401, 10000, 20, 4.83097e+07, 1.77121e+07, 2
1401, 1401, 10000, 20, 4.84079e+07, 1.77121e+07, 2
1401, 1401, 10000, 20, 4.83459e+07, 1.77121e+07, 2
1401, 1401, 10000, 20, 4.83197e+07, 1.77121e+07, 2
1401, 1401, 10000, 20, 4.83266e+07, 1.77121e+07, 2
1501, 1501, 10000, 20, 5.74183e+07, 1.92532e+07, 2
1501, 1501, 10000, 20, 5.7373e+07, 1.92532e+07, 2
1501, 1501, 10000, 20, 5.73733e+07, 1.92532e+07, 2
1501, 1501, 10000, 20, 5.74027e+07, 1.92532e+07, 2
1501, 1501, 10000, 20, 5.74467e+07, 1.92532e+07, 2
1501, 1501, 10000, 20, 5.74558e+07, 1.92532e+07, 2
1501, 1501, 10000, 20, 5.74234e+07, 1.92532e+07, 2
1501, 1501, 10000, 20, 5.73997e+07, 1.92532e+07, 2
1501, 1501, 10000, 20, 5.74981e+07, 1.92532e+07, 2
1501, 1501, 10000, 20, 5.73663e+07, 1.92532e+07, 2
1501, 1501, 10000, 20, 5.73962e+07, 1.92532e+07, 2
1501, 1501, 10000, 20, 5.74385e+07, 1.92532e+07, 2
1501, 1501, 10000, 20, 5.7378e+07, 1.92532e+07, 2
1501, 1501, 10000, 20, 5.73785e+07, 1.92532e+07, 2
1501, 1501, 10000, 20, 5.74763e+07, 1.92532e+07, 2
1501, 1501, 10000, 20, 5.74059e+07, 1.92532e+07, 2
1501, 1501, 10000, 20, 5.73643e+07, 1.92532e+07, 2
1501, 1501, 10000, 20, 5.74293e+07, 1.92532e+07, 2
1501, 1501, 10000, 20, 5.7395e+07, 1.92532e+07, 2
1501, 1501, 10000, 20, 5.73928e+07, 1.92532e+07, 2
1501, 1501, 10000, 20, 5.7363e+07, 1.92532e+07, 2
1501, 1501, 10000, 20, 5.7438e+07, 1.92532e+07, 2
1501, 1501, 10000, 20, 5.73789e+07, 1.92532e+07, 2
1501, 1501, 10000, 20, 5.75564e+07, 1.92532e+07, 2
1501, 1501, 10000, 20, 5.75159e+07, 1.92532e+07, 2
1501, 1501, 10000, 20, 5.74344e+07, 1.92532e+07, 2
1501, 1501, 10000, 20, 5.74312e+07, 1.92532e+07, 2
1501, 1501, 10000, 20, 5.7553e+07, 1.92532e+07, 2
1501, 1501, 10000, 20, 5.75272e+07, 1.92532e+07, 2
1501, 1501, 10000, 20, 5.74113e+07, 1.92532e+07, 2
1501, 1501, 10000, 20, 5.73998e+07, 1.92532e+07, 2
1501, 1501, 10000, 20, 5.74788e+07, 1.92532e+07, 2
1501, 1501, 10000, 20, 5.74671e+07, 1.92532e+07, 2
1501, 1501, 10000, 20, 5.74065e+07, 1.92532e+07, 2
1501, 1501, 10000, 20, 5.74294e+07, 1.92532e+07, 2
1501, 1501, 10000, 20, 5.73891e+07, 1.92532e+07, 2
1501, 1501, 10000, 20, 5.74367e+07, 1.92532e+07, 2
1501, 1501, 10000, 20, 5.74085e+07, 1.92532e+07, 2
1501, 1501, 10000, 20, 5.73928e+07, 1.92532e+07, 2
1501, 1501, 10000, 20, 5.81707e+07, 1.92532e+07, 2
1501, 1501, 10000, 20, 5.74389e+07, 1.92532e+07, 2
1501, 1501, 10000, 20, 5.74426e+07, 1.92532e+07, 2
1501, 1501, 10000, 20, 5.74357e+07, 1.92532e+07, 2
1501, 1501, 10000, 20, 5.74249e+07, 1.92532e+07, 2
1501, 1501, 10000, 20, 5.74346e+07, 1.92532e+07, 2
1501, 1501, 10000, 20, 5.74633e+07, 1.92532e+07, 2
1501, 1501, 10000, 20, 5.73775e+07, 1.92532e+07, 2
1501, 1501, 10000, 20, 5.7446e+07, 1.92532e+07, 2
1501, 1501, 10000, 20, 5.7486e+07, 1.92532e+07, 2
1501, 1501, 10000, 20, 5.74241e+07, 1.92532e+07, 2
1501, 1501, 10000, 20, 5.74064e+07, 1.92532e+07, 2
1501, 1501, 10000, 20, 5.74081e+07, 1.92532e+07, 2
1501, 1501, 10000, 20, 5.74666e+07, 1.92532e+07, 2
1501, 1501, 10000, 20, 5.75142e+07, 1.92532e+07, 2
1501, 1501, 10000, 20, 5.75266e+07, 1.92532e+07, 2
1501, 1501, 10000, 20, 5.75332e+07, 1.92532e+07, 2
1501, 1501, 10000, 20, 5.84165e+07, 1.92532e+07, 2
1501, 1501, 10000, 20, 5.94358e+07, 1.92532e+07, 2
1501, 1501, 10000, 20, 5.95925e+07, 1.92532e+07, 2
1501, 1501, 10000, 20, 5.96254e+07, 1.92532e+07, 2
1501, 1501, 10000, 20, 5.7582e+07, 1.92532e+07, 2
1501, 1501, 10000, 20, 5.82392e+07, 1.92532e+07, 2
1501, 1501, 10000, 20, 5.82145e+07, 1.92532e+07, 2
1501, 1501, 10000, 20, 5.80783e+07, 1.92532e+07, 2
1501, 1501, 10000, 20, 5.79237e+07, 1.92532e+07, 2
1501, 1501, 10000, 20, 5.84193e+07, 1.92532e+07, 2
1501, 1501, 10000, 20, 5.80971e+07, 1.92532e+07, 2
1501, 1501, 10000, 20, 5.7921e+07, 1.92532e+07, 2
1501, 1501, 10000, 20, 5.86555e+07, 1.92532e+07, 2
1501, 1501, 10000, 20, 5.8084e+07, 1.92532e+07, 2
1501, 1501, 10000, 20, 5.81093e+07, 1.92532e+07, 2
1501, 1501, 10000, 20, 5.79571e+07, 1.92532e+07, 2
1501, 1501, 10000, 20, 5.91332e+07, 1.92532e+07, 2
1501, 1501, 10000, 20, 5.8568e+07, 1.92532e+07, 2
1501, 1501, 10000, 20, 5.77177e+07, 1.92532e+07, 2
1501, 1501, 10000, 20, 5.90883e+07, 1.92532e+07, 2
1501, 1501, 10000, 20, 5.79374e+07, 1.92532e+07, 2
1501, 1501, 10000, 20, 5.82361e+07, 1.92532e+07, 2
1501, 1501, 10000, 20, 5.86688e+07, 1.92532e+07, 2
1501, 1501, 10000, 20, 5.84132e+07, 1.92532e+07, 2

