0, 0, 4

0, 0, 2

0, 0, 4

0, 0, 2

0, 0, 3

0, 0, 4

0, 0, 4

0, 0, 3

0, 0, 4

0, 0, 3

0, 0, 3

0, 0, 3

0, 0, 4

0, 0, 2

0, 0, 3

0, 10, 4

0, 10, 4

0, 10, 1

0, 10, 2

0, 10, 1

0, 10, 2

0, 10, 3

0, 10, 4

0, 10, 3

0, 10, 3

0, 10, 3

0, 10, 3

0, 10, 3

0, 10, 3

0, 10, 4

0, 20, 3

0, 20, 2

0, 20, 2

0, 20, 2

0, 20, 2

0, 20, 3

0, 20, 2

0, 20, 3

0, 20, 4

0, 20, 4

0, 20, 1

0, 20, 2

0, 20, 4

0, 20, 3

0, 20, 2

0, 30, 4

0, 30, 4

0, 30, 3

0, 30, 1

0, 30, 2

0, 30, 1

0, 30, 2

0, 30, 1

0, 30, 3

0, 30, 4

0, 30, 3

0, 30, 4

0, 30, 3

0, 30, 2

0, 30, 3

0, 40, 2

0, 40, 1

0, 40, 2

0, 40, 2

0, 40, 1

0, 40, 1

0, 40, 1

0, 40, 1

0, 40, 3

0, 40, 3

0, 40, 3

0, 40, 4

0, 40, 2

0, 40, 4

0, 40, 2

0, 50, 5

0, 50, 1

0, 50, 4

0, 50, 1

0, 50, 2

0, 50, 1

0, 50, 29

0, 50, 4

0, 50, 3

0, 50, 3

0, 50, 2

0, 50, 2

0, 50, 2

0, 50, 3

0, 50, 4

0, 60, 4

0, 60, 1

0, 60, 3

0, 60, 4

0, 60, 4

0, 60, 3

0, 60, 2

0, 60, 4

0, 60, 3

0, 60, 3

0, 60, 3

0, 60, 5

0, 60, 3

0, 60, 3

0, 60, 4

0, 70, 5

0, 70, 3

0, 70, 2

0, 70, 4

0, 70, 2

0, 70, 3

0, 70, 2

0, 70, 2

0, 70, 5

0, 70, 2

0, 70, 3

0, 70, 17

0, 70, 3

0, 70, 2

0, 70, 2

0, 80, 7

0, 80, 3

0, 80, 2

0, 80, 3

0, 80, 3

0, 80, 3

0, 80, 4

0, 80, 3

0, 80, 2

0, 80, 1

0, 80, 3

0, 80, 2

0, 80, 4

0, 80, 3

0, 80, 2

0, 90, 3

0, 90, 1

0, 90, 4

0, 90, 4

0, 90, 4

0, 90, 3

0, 90, 3

0, 90, 7

0, 90, 3

0, 90, 2

0, 90, 2

0, 90, 4

0, 90, 4

0, 90, 2

0, 90, 2

10, 0, 15

10, 0, 35

10, 0, 17

10, 0, 18

10, 0, 17

10, 0, 23

10, 0, 24

10, 0, 22

10, 0, 22

10, 0, 23

10, 0, 22

10, 0, 23

10, 0, 36

10, 0, 22

10, 0, 34

10, 10, 23

10, 10, 35

10, 10, 23

10, 10, 22

10, 10, 34

10, 10, 34

10, 10, 11

10, 10, 34

10, 10, 17

10, 10, 34

10, 10, 33

10, 10, 11

10, 10, 34

10, 10, 34

10, 10, 34

10, 20, 34

10, 20, 14

10, 20, 12

10, 20, 12

10, 20, 11

10, 20, 34

10, 20, 13

10, 20, 12

10, 20, 34

10, 20, 33

10, 20, 13

10, 20, 22

10, 20, 34

10, 20, 34

10, 20, 34

10, 30, 25

10, 30, 34

10, 30, 22

10, 30, 22

10, 30, 17

10, 30, 13

10, 30, 16

10, 30, 33

10, 30, 23

10, 30, 22

10, 30, 26

10, 30, 34

10, 30, 23

10, 30, 24

10, 30, 11

10, 40, 35

10, 40, 24

10, 40, 12

10, 40, 11

10, 40, 37

10, 40, 23

10, 40, 35

10, 40, 17

10, 40, 34

10, 40, 11

10, 40, 11

10, 40, 11

10, 40, 11

10, 40, 12

10, 40, 12

10, 50, 12

10, 50, 34

10, 50, 34

10, 50, 14

10, 50, 35

10, 50, 12

10, 50, 11

10, 50, 14

10, 50, 33

10, 50, 23

10, 50, 23

10, 50, 34

10, 50, 11

10, 50, 22

10, 50, 33

10, 60, 12

10, 60, 14

10, 60, 14

10, 60, 18

10, 60, 34

10, 60, 17

10, 60, 26

10, 60, 23

10, 60, 11

10, 60, 12

10, 60, 34

10, 60, 12

10, 60, 11

10, 60, 11

10, 60, 12

10, 70, 34

10, 70, 14

10, 70, 18

10, 70, 23

10, 70, 22

10, 70, 39

10, 70, 69

10, 70, 17

10, 70, 17

10, 70, 11

10, 70, 19

10, 70, 23

10, 70, 23

10, 70, 34

10, 70, 33

10, 80, 34

10, 80, 35

10, 80, 12

10, 80, 14

10, 80, 34

10, 80, 34

10, 80, 34

10, 80, 35

10, 80, 22

10, 80, 25

10, 80, 22

10, 80, 17

10, 80, 34

10, 80, 17

10, 80, 33

10, 90, 34

10, 90, 17

10, 90, 13

10, 90, 13

10, 90, 38

10, 90, 22

10, 90, 27

10, 90, 19

10, 90, 15

10, 90, 23

10, 90, 22

10, 90, 23

10, 90, 17

10, 90, 22

10, 90, 22

20, 0, 130

20, 0, 72

20, 0, 129

20, 0, 44

20, 0, 129

20, 0, 44

20, 0, 132

20, 0, 129

20, 0, 129

20, 0, 94

20, 0, 86

20, 0, 129

20, 0, 129

20, 0, 129

20, 0, 129

20, 10, 131

20, 10, 129

20, 10, 64

20, 10, 54

20, 10, 86

20, 10, 86

20, 10, 100

20, 10, 49

20, 10, 86

20, 10, 129

20, 10, 128

20, 10, 89

20, 10, 128

20, 10, 44

20, 10, 128

20, 20, 66

20, 20, 129

20, 20, 129

20, 20, 129

20, 20, 130

20, 20, 43

20, 20, 129

20, 20, 85

20, 20, 86

20, 20, 87

20, 20, 65

20, 20, 67

20, 20, 66

20, 20, 87

20, 20, 128

20, 30, 46

20, 30, 138

20, 30, 65

20, 30, 65

20, 30, 49

20, 30, 89

20, 30, 86

20, 30, 87

20, 30, 85

20, 30, 86

20, 30, 44

20, 30, 86

20, 30, 44

20, 30, 43

20, 30, 43

20, 40, 43

20, 40, 44

20, 40, 48

20, 40, 129

20, 40, 44

20, 40, 43

20, 40, 45

20, 40, 86

20, 40, 129

20, 40, 86

20, 40, 129

20, 40, 86

20, 40, 86

20, 40, 86

20, 40, 128

20, 50, 129

20, 50, 64

20, 50, 133

20, 50, 128

20, 50, 51

20, 50, 130

20, 50, 44

20, 50, 131

20, 50, 129

20, 50, 43

20, 50, 49

20, 50, 44

20, 50, 129

20, 50, 128

20, 50, 129

20, 60, 129

20, 60, 130

20, 60, 68

20, 60, 130

20, 60, 130

20, 60, 66

20, 60, 68

20, 60, 64

20, 60, 64

20, 60, 65

20, 60, 60

20, 60, 54

20, 60, 54

20, 60, 53

20, 60, 86

20, 70, 131

20, 70, 140

20, 70, 45

20, 70, 44

20, 70, 64

20, 70, 65

20, 70, 45

20, 70, 44

20, 70, 43

20, 70, 129

20, 70, 130

20, 70, 55

20, 70, 129

20, 70, 53

20, 70, 53

20, 80, 44

20, 80, 129

20, 80, 44

20, 80, 95

20, 80, 130

20, 80, 132

20, 80, 130

20, 80, 86

20, 80, 129

20, 80, 44

20, 80, 43

20, 80, 129

20, 80, 85

20, 80, 86

20, 80, 128

20, 90, 65

20, 90, 65

20, 90, 64

20, 90, 67

20, 90, 67

20, 90, 65

20, 90, 65

20, 90, 65

20, 90, 74

20, 90, 87

20, 90, 131

20, 90, 86

20, 90, 86

20, 90, 87

20, 90, 67

30, 0, 328

30, 0, 110

30, 0, 112

30, 0, 328

30, 0, 164

30, 0, 165

30, 0, 226

30, 0, 206

30, 0, 328

30, 0, 327

30, 0, 164

30, 0, 164

30, 0, 164

30, 0, 163

30, 0, 329

30, 10, 253

30, 10, 359

30, 10, 344

30, 10, 334

30, 10, 328

30, 10, 332

30, 10, 328

30, 10, 187

30, 10, 219

30, 10, 327

30, 10, 327

30, 10, 328

30, 10, 326

30, 10, 327

30, 10, 218

30, 20, 328

30, 20, 327

30, 20, 112

30, 20, 114

30, 20, 164

30, 20, 219

30, 20, 163

30, 20, 176

30, 20, 164

30, 20, 164

30, 20, 163

30, 20, 176

30, 20, 109

30, 20, 164

30, 20, 164

30, 30, 111

30, 30, 328

30, 30, 351

30, 30, 373

30, 30, 218

30, 30, 219

30, 30, 350

30, 30, 110

30, 30, 111

30, 30, 219

30, 30, 218

30, 30, 220

30, 30, 218

30, 30, 218

30, 30, 328

30, 40, 112

30, 40, 112

30, 40, 328

30, 40, 135

30, 40, 135

30, 40, 154

30, 40, 136

30, 40, 163

30, 40, 109

30, 40, 327

30, 40, 116

30, 40, 326

30, 40, 327

30, 40, 331

30, 40, 335

30, 50, 327

30, 50, 219

30, 50, 328

30, 50, 109

30, 50, 325

30, 50, 223

30, 50, 329

30, 50, 329

30, 50, 218

30, 50, 219

30, 50, 330

30, 50, 340

30, 50, 219

30, 50, 299

30, 50, 327

30, 60, 329

30, 60, 327

30, 60, 357

30, 60, 331

30, 60, 164

30, 60, 172

30, 60, 328

30, 60, 164

30, 60, 228

30, 60, 164

30, 60, 163

30, 60, 327

30, 60, 331

30, 60, 164

30, 60, 163

30, 70, 110

30, 70, 164

30, 70, 350

30, 70, 113

30, 70, 328

30, 70, 220

30, 70, 246

30, 70, 328

30, 70, 325

30, 70, 164

30, 70, 327

30, 70, 327

30, 70, 219

30, 70, 218

30, 70, 327

30, 80, 335

30, 80, 113

30, 80, 220

30, 80, 330

30, 80, 109

30, 80, 220

30, 80, 223

30, 80, 110

30, 80, 109

30, 80, 326

30, 80, 218

30, 80, 218

30, 80, 218

30, 80, 305

30, 80, 217

30, 90, 326

30, 90, 326

30, 90, 332

30, 90, 163

30, 90, 218

30, 90, 164

30, 90, 239

30, 90, 170

30, 90, 112

30, 90, 217

30, 90, 220

30, 90, 218

30, 90, 117

30, 90, 226

30, 90, 349

40, 0, 236

40, 0, 448

40, 0, 468

40, 0, 668

40, 0, 665

40, 0, 275

40, 0, 452

40, 0, 223

40, 0, 275

40, 0, 276

40, 0, 224

40, 0, 273

40, 0, 224

40, 0, 235

40, 0, 673

40, 10, 668

40, 10, 222

40, 10, 226

40, 10, 228

40, 10, 230

40, 10, 227

40, 10, 223

40, 10, 446

40, 10, 223

40, 10, 445

40, 10, 527

40, 10, 223

40, 10, 339

40, 10, 669

40, 10, 670

40, 20, 666

40, 20, 673

40, 20, 674

40, 20, 667

40, 20, 668

40, 20, 334

40, 20, 334

40, 20, 447

40, 20, 334

40, 20, 670

40, 20, 335

40, 20, 335

40, 20, 333

40, 20, 428

40, 20, 445

40, 30, 667

40, 30, 247

40, 30, 336

40, 30, 334

40, 30, 446

40, 30, 240

40, 30, 287

40, 30, 666

40, 30, 344

40, 30, 698

40, 30, 665

40, 30, 446

40, 30, 335

40, 30, 228

40, 30, 224

40, 40, 671

40, 40, 230

40, 40, 223

40, 40, 229

40, 40, 242

40, 40, 222

40, 40, 222

40, 40, 224

40, 40, 228

40, 40, 222

40, 40, 221

40, 40, 222

40, 40, 223

40, 40, 230

40, 40, 231

40, 50, 664

40, 50, 445

40, 50, 228

40, 50, 230

40, 50, 494

40, 50, 335

40, 50, 357

40, 50, 447

40, 50, 471

40, 50, 279

40, 50, 230

40, 50, 335

40, 50, 336

40, 50, 337

40, 50, 336

40, 60, 671

40, 60, 276

40, 60, 231

40, 60, 332

40, 60, 782

40, 60, 336

40, 60, 335

40, 60, 461

40, 60, 228

40, 60, 470

40, 60, 444

40, 60, 448

40, 60, 443

40, 60, 445

40, 60, 668

40, 70, 669

40, 70, 728

40, 70, 357

40, 70, 223

40, 70, 680

40, 70, 335

40, 70, 335

40, 70, 223

40, 70, 709

40, 70, 458

40, 70, 666

40, 70, 671

40, 70, 671

40, 70, 668

40, 70, 665

40, 80, 672

40, 80, 447

40, 80, 231

40, 80, 232

40, 80, 223

40, 80, 446

40, 80, 452

40, 80, 333

40, 80, 447

40, 80, 224

40, 80, 447

40, 80, 223

40, 80, 229

40, 80, 669

40, 80, 527

40, 90, 724

40, 90, 701

40, 90, 668

40, 90, 715

40, 90, 229

40, 90, 672

40, 90, 672

40, 90, 346

40, 90, 673

40, 90, 690

40, 90, 571

40, 90, 335

40, 90, 668

40, 90, 447

40, 90, 460

50, 0, 1203

50, 0, 593

50, 0, 593

50, 0, 592

50, 0, 724

50, 0, 785

50, 0, 618

50, 0, 590

50, 0, 794

50, 0, 790

50, 0, 790

50, 0, 685

50, 0, 591

50, 0, 643

50, 0, 1174

50, 10, 1248

50, 10, 1220

50, 10, 594

50, 10, 597

50, 10, 1206

50, 10, 1185

50, 10, 1193

50, 10, 593

50, 10, 594

50, 10, 755

50, 10, 788

50, 10, 788

50, 10, 788

50, 10, 787

50, 10, 785

50, 20, 405

50, 20, 488

50, 20, 396

50, 20, 405

50, 20, 1205

50, 20, 1193

50, 20, 485

50, 20, 590

50, 20, 796

50, 20, 490

50, 20, 418

50, 20, 422

50, 20, 402

50, 20, 405

50, 20, 394

50, 30, 1196

50, 30, 406

50, 30, 1184

50, 30, 402

50, 30, 591

50, 30, 1230

50, 30, 1239

50, 30, 394

50, 30, 1184

50, 30, 789

50, 30, 782

50, 30, 822

50, 30, 787

50, 30, 1187

50, 30, 785

50, 40, 675

50, 40, 1180

50, 40, 1179

50, 40, 832

50, 40, 404

50, 40, 791

50, 40, 789

50, 40, 405

50, 40, 1210

50, 40, 701

50, 40, 789

50, 40, 593

50, 40, 1185

50, 40, 592

50, 40, 592

50, 50, 403

50, 50, 791

50, 50, 818

50, 50, 409

50, 50, 785

50, 50, 589

50, 50, 626

50, 50, 1217

50, 50, 587

50, 50, 630

50, 50, 483

50, 50, 812

50, 50, 488

50, 50, 812

50, 50, 787

50, 60, 1196

50, 60, 609

50, 60, 407

50, 60, 394

50, 60, 1190

50, 60, 592

50, 60, 594

50, 60, 789

50, 60, 816

50, 60, 595

50, 60, 789

50, 60, 793

50, 60, 783

50, 60, 1188

50, 60, 794

50, 70, 1135

50, 70, 787

50, 70, 595

50, 70, 1187

50, 70, 488

50, 70, 800

50, 70, 1196

50, 70, 630

50, 70, 590

50, 70, 405

50, 70, 461

50, 70, 1187

50, 70, 595

50, 70, 610

50, 70, 789

50, 80, 394

50, 80, 410

50, 80, 407

50, 80, 394

50, 80, 1221

50, 80, 1190

50, 80, 404

50, 80, 589

50, 80, 592

50, 80, 790

50, 80, 1190

50, 80, 790

50, 80, 791

50, 80, 792

50, 80, 816

50, 90, 1191

50, 90, 394

50, 90, 422

50, 90, 488

50, 90, 791

50, 90, 1212

50, 90, 404

50, 90, 788

50, 90, 1183

50, 90, 489

50, 90, 395

50, 90, 406

50, 90, 394

50, 90, 391

50, 90, 1175

60, 0, 1952

60, 0, 1285

60, 0, 1251

60, 0, 1999

60, 0, 961

60, 0, 961

60, 0, 958

60, 0, 960

60, 0, 958

60, 0, 958

60, 0, 1282

60, 0, 1286

60, 0, 1278

60, 0, 1281

60, 0, 1277

60, 10, 1913

60, 10, 1832

60, 10, 1056

60, 10, 956

60, 10, 1913

60, 10, 955

60, 10, 989

60, 10, 1279

60, 10, 956

60, 10, 638

60, 10, 638

60, 10, 640

60, 10, 1272

60, 10, 1281

60, 10, 1116

60, 20, 789

60, 20, 862

60, 20, 956

60, 20, 983

60, 20, 998

60, 20, 1823

60, 20, 653

60, 20, 959

60, 20, 638

60, 20, 1283

60, 20, 953

60, 20, 1276

60, 20, 1917

60, 20, 997

60, 20, 987

60, 30, 1912

60, 30, 692

60, 30, 1286

60, 30, 792

60, 30, 1453

60, 30, 768

60, 30, 658

60, 30, 1277

60, 30, 952

60, 30, 637

60, 30, 1277

60, 30, 652

60, 30, 1272

60, 30, 1272

60, 30, 655

60, 40, 655

60, 40, 659

60, 40, 1288

60, 40, 637

60, 40, 1270

60, 40, 1914

60, 40, 821

60, 40, 1152

60, 40, 635

60, 40, 688

60, 40, 790

60, 40, 815

60, 40, 667

60, 40, 790

60, 40, 1679

60, 50, 1930

60, 50, 960

60, 50, 1726

60, 50, 958

60, 50, 957

60, 50, 1940

60, 50, 793

60, 50, 675

60, 50, 956

60, 50, 982

60, 50, 957

60, 50, 1913

60, 50, 1914

60, 50, 959

60, 50, 981

60, 60, 654

60, 60, 777

60, 60, 788

60, 60, 1017

60, 60, 634

60, 60, 2310

60, 60, 1917

60, 60, 1834

60, 60, 1937

60, 60, 792

60, 60, 784

60, 60, 1906

60, 60, 1345

60, 60, 1264

60, 60, 1927

60, 70, 786

60, 70, 1307

60, 70, 1720

60, 70, 669

60, 70, 971

60, 70, 656

60, 70, 1000

60, 70, 1276

60, 70, 653

60, 70, 787

60, 70, 789

60, 70, 1275

60, 70, 1640

60, 70, 1924

60, 70, 1271

60, 80, 1938

60, 80, 974

60, 80, 1926

60, 80, 784

60, 80, 800

60, 80, 1982

60, 80, 655

60, 80, 1901

60, 80, 1954

60, 80, 963

60, 80, 970

60, 80, 952

60, 80, 1280

60, 80, 1278

60, 80, 1088

60, 90, 1910

60, 90, 952

60, 90, 635

60, 90, 1518

60, 90, 1912

60, 90, 960

60, 90, 1282

60, 90, 1924

60, 90, 955

60, 90, 983

60, 90, 959

60, 90, 1294

60, 90, 1293

60, 90, 1311

60, 90, 1916

70, 0, 2890

70, 0, 1461

70, 0, 1975

70, 0, 1005

70, 0, 1089

70, 0, 999

70, 0, 990

70, 0, 1370

70, 0, 1111

70, 0, 1446

70, 0, 1445

70, 0, 1453

70, 0, 958

70, 0, 1949

70, 0, 1921

70, 10, 2954

70, 10, 986

70, 10, 1937

70, 10, 2143

70, 10, 1353

70, 10, 1025

70, 10, 1495

70, 10, 1592

70, 10, 1197

70, 10, 2912

70, 10, 1185

70, 10, 1918

70, 10, 2901

70, 10, 1453

70, 10, 1449

70, 20, 1170

70, 20, 990

70, 20, 1444

70, 20, 1937

70, 20, 987

70, 20, 1929

70, 20, 1448

70, 20, 961

70, 20, 1209

70, 20, 1190

70, 20, 1930

70, 20, 2212

70, 20, 1192

70, 20, 1943

70, 20, 1713

70, 30, 993

70, 30, 960

70, 30, 1003

70, 30, 1013

70, 30, 1949

70, 30, 1762

70, 30, 990

70, 30, 1052

70, 30, 1939

70, 30, 1216

70, 30, 1928

70, 30, 1926

70, 30, 1437

70, 30, 1935

70, 30, 1928

70, 40, 984

70, 40, 2905

70, 40, 1014

70, 40, 990

70, 40, 2901

70, 40, 3199

70, 40, 2889

70, 40, 2911

70, 40, 2895

70, 40, 1443

70, 40, 1932

70, 40, 2137

70, 40, 2217

70, 40, 1957

70, 40, 2901

70, 50, 2600

70, 50, 987

70, 50, 1438

70, 50, 1697

70, 50, 1238

70, 50, 1944

70, 50, 1448

70, 50, 1630

70, 50, 1964

70, 50, 1868

70, 50, 1192

70, 50, 1288

70, 50, 1586

70, 50, 2018

70, 50, 1939

70, 60, 993

70, 60, 2894

70, 60, 2697

70, 60, 2908

70, 60, 1452

70, 60, 2904

70, 60, 1190

70, 60, 1287

70, 60, 1938

70, 60, 1441

70, 60, 2921

70, 60, 1441

70, 60, 1441

70, 60, 1485

70, 60, 1447

70, 70, 1105

70, 70, 991

70, 70, 1203

70, 70, 989

70, 70, 1933

70, 70, 1933

70, 70, 1196

70, 70, 1444

70, 70, 1922

70, 70, 2930

70, 70, 1435

70, 70, 1447

70, 70, 1435

70, 70, 1940

70, 70, 1940

70, 80, 1936

70, 80, 1200

70, 80, 2667

70, 80, 1476

70, 80, 1457

70, 80, 969

70, 80, 1487

70, 80, 1510

70, 80, 1443

70, 80, 1193

70, 80, 1715

70, 80, 1923

70, 80, 1446

70, 80, 970

70, 80, 990

70, 90, 2891

70, 90, 1191

70, 90, 1210

70, 90, 1311

70, 90, 1451

70, 90, 1473

70, 90, 1478

70, 90, 1480

70, 90, 2880

70, 90, 2913

70, 90, 1443

70, 90, 1447

70, 90, 2551

70, 90, 2896

70, 90, 1188

80, 0, 4280

80, 0, 3819

80, 0, 3412

80, 0, 1416

80, 0, 2074

80, 0, 1451

80, 0, 1493

80, 0, 1415

80, 0, 1445

80, 0, 1872

80, 0, 2065

80, 0, 2069

80, 0, 2098

80, 0, 2781

80, 0, 2837

80, 10, 1651

80, 10, 2099

80, 10, 4169

80, 10, 3317

80, 10, 2079

80, 10, 2772

80, 10, 2774

80, 10, 1851

80, 10, 1726

80, 10, 1427

80, 10, 1660

80, 10, 1705

80, 10, 2078

80, 10, 2089

80, 10, 4184

80, 20, 1727

80, 20, 1419

80, 20, 1459

80, 20, 2076

80, 20, 3312

80, 20, 1434

80, 20, 2078

80, 20, 1931

80, 20, 1709

80, 20, 2157

80, 20, 2100

80, 20, 1563

80, 20, 1430

80, 20, 1693

80, 20, 2320

80, 30, 3300

80, 30, 4352

80, 30, 2804

80, 30, 4182

80, 30, 2380

80, 30, 2076

80, 30, 2085

80, 30, 2070

80, 30, 2211

80, 30, 4448

80, 30, 1702

80, 30, 1713

80, 30, 3062

80, 30, 1417

80, 30, 1501

80, 40, 1655

80, 40, 1589

80, 40, 1703

80, 40, 2099

80, 40, 2097

80, 40, 2172

80, 40, 2149

80, 40, 2797

80, 40, 4167

80, 40, 1713

80, 40, 2773

80, 40, 1687

80, 40, 1409

80, 40, 1581

80, 40, 2059

80, 50, 1425

80, 50, 1681

80, 50, 1749

80, 50, 1705

80, 50, 1755

80, 50, 3648

80, 50, 3343

80, 50, 3331

80, 50, 1430

80, 50, 1610

80, 50, 1420

80, 50, 2068

80, 50, 2047

80, 50, 2019

80, 50, 2091

80, 60, 4553

80, 60, 1421

80, 60, 4200

80, 60, 1416

80, 60, 2069

80, 60, 2773

80, 60, 1414

80, 60, 2759

80, 60, 2147

80, 60, 2836

80, 60, 1770

80, 60, 1734

80, 60, 1716

80, 60, 2766

80, 60, 1435

80, 70, 1430

80, 70, 1433

80, 70, 2293

80, 70, 1726

80, 70, 2188

80, 70, 1730

80, 70, 1407

80, 70, 1715

80, 70, 2539

80, 70, 2956

80, 70, 2957

80, 70, 1383

80, 70, 1413

80, 70, 2650

80, 70, 4227

80, 80, 2989

80, 80, 1732

80, 80, 1432

80, 80, 1428

80, 80, 1512

80, 80, 1703

80, 80, 1723

80, 80, 1710

80, 80, 1708

80, 80, 1962

80, 80, 2112

80, 80, 1699

80, 80, 1747

80, 80, 1876

80, 80, 1430

80, 90, 4735

80, 90, 1700

80, 90, 1670

80, 90, 1414

80, 90, 2169

80, 90, 2062

80, 90, 1826

80, 90, 1839

80, 90, 1555

80, 90, 1825

80, 90, 1546

80, 90, 1425

80, 90, 1707

80, 90, 1980

80, 90, 2201

90, 0, 1967

90, 0, 1952

90, 0, 2068

90, 0, 1951

90, 0, 3963

90, 0, 2009

90, 0, 2000

90, 0, 2865

90, 0, 3833

90, 0, 2365

90, 0, 1951

90, 0, 1953

90, 0, 2408

90, 0, 2376

90, 0, 1977

90, 10, 2556

90, 10, 2890

90, 10, 1959

90, 10, 2886

90, 10, 2494

90, 10, 2869

90, 10, 4244

90, 10, 3028

90, 10, 1965

90, 10, 2997

90, 10, 3872

90, 10, 2354

90, 10, 2002

90, 10, 2855

90, 10, 1963

90, 20, 3770

90, 20, 2203

90, 20, 3832

90, 20, 3538

90, 20, 2974

90, 20, 3724

90, 20, 4001

90, 20, 2080

90, 20, 2353

90, 20, 3824

90, 20, 2452

90, 20, 2360

90, 20, 2876

90, 20, 2370

90, 20, 1965

90, 30, 2569

90, 30, 2001

90, 30, 2883

90, 30, 2890

90, 30, 2877

90, 30, 2360

90, 30, 2367

90, 30, 2509

90, 30, 2728

90, 30, 4121

90, 30, 2873

90, 30, 2576

90, 30, 2756

90, 30, 2895

90, 30, 2877

90, 40, 5751

90, 40, 2374

90, 40, 2369

90, 40, 1923

90, 40, 2376

90, 40, 2359

90, 40, 2369

90, 40, 2355

90, 40, 2869

90, 40, 2913

90, 40, 2379

90, 40, 5789

90, 40, 2382

90, 40, 2383

90, 40, 2391

90, 50, 2201

90, 50, 3726

90, 50, 1902

90, 50, 3951

90, 50, 1980

90, 50, 2162

90, 50, 3894

90, 50, 2363

90, 50, 2922

90, 50, 2901

90, 50, 1966

90, 50, 3010

90, 50, 2902

90, 50, 2451

90, 50, 3845

90, 60, 1991

90, 60, 3811

90, 60, 3249

90, 60, 3026

90, 60, 1975

90, 60, 1974

90, 60, 1966

90, 60, 2572

90, 60, 2731

90, 60, 4735

90, 60, 1981

90, 60, 2870

90, 60, 3889

90, 60, 1986

90, 60, 2894

90, 70, 3852

90, 70, 2383

90, 70, 1914

90, 70, 3826

90, 70, 1972

90, 70, 2028

90, 70, 3851

90, 70, 3537

90, 70, 2579

90, 70, 2880

90, 70, 3853

90, 70, 2370

90, 70, 2768

90, 70, 1962

90, 70, 2872

90, 80, 2332

90, 80, 2246

90, 80, 2365

90, 80, 2130

90, 80, 1957

90, 80, 2374

90, 80, 2443

90, 80, 2886

90, 80, 4910

90, 80, 3645

90, 80, 1987

90, 80, 3841

90, 80, 1980

90, 80, 3849

90, 80, 5835

90, 90, 1954

90, 90, 3935

90, 90, 5883

90, 90, 3844

90, 90, 2886

90, 90, 2885

90, 90, 1987

90, 90, 1953

90, 90, 2684

90, 90, 5368

90, 90, 5346

90, 90, 5782

90, 90, 3862

90, 90, 1985

90, 90, 2940

100, 0, 2651

100, 0, 3244

100, 0, 2614

100, 0, 5123

100, 0, 5975

100, 0, 2589

100, 0, 3503

100, 0, 3849

100, 0, 4529

100, 0, 3192

100, 0, 3859

100, 0, 3333

100, 0, 3837

100, 0, 2622

100, 0, 3486

100, 10, 3133

100, 10, 3139

100, 10, 3852

100, 10, 2661

100, 10, 4428

100, 10, 3225

100, 10, 2585

100, 10, 2616

100, 10, 5064

100, 10, 3964

100, 10, 3167

100, 10, 4925

100, 10, 3129

100, 10, 3143

100, 10, 4075

100, 20, 6146

100, 20, 6261

100, 20, 2555

100, 20, 2645

100, 20, 2630

100, 20, 5652

100, 20, 2655

100, 20, 2562

100, 20, 3500

100, 20, 2879

100, 20, 5105

100, 20, 2658

100, 20, 3843

100, 20, 6007

100, 20, 2625

100, 30, 3629

100, 30, 3323

100, 30, 2567

100, 30, 4624

100, 30, 2632

100, 30, 2680

100, 30, 3184

100, 30, 3636

100, 30, 3830

100, 30, 3137

100, 30, 3211

100, 30, 3845

100, 30, 3172

100, 30, 3927

100, 30, 3161

100, 40, 4206

100, 40, 2673

100, 40, 5976

100, 40, 2617

100, 40, 4757

100, 40, 3929

100, 40, 2706

100, 40, 7489

100, 40, 2640

100, 40, 3191

100, 40, 2652

100, 40, 2917

100, 40, 2634

100, 40, 3144

100, 40, 3167

100, 50, 2628

100, 50, 2903

100, 50, 2660

100, 50, 2658

100, 50, 4131

100, 50, 3778

100, 50, 2638

100, 50, 3850

100, 50, 3892

100, 50, 5087

100, 50, 4186

100, 50, 4942

100, 50, 3142

100, 50, 3154

100, 50, 2604

100, 60, 2997

100, 60, 2711

100, 60, 2597

100, 60, 5134

100, 60, 3270

100, 60, 3149

100, 60, 3188

100, 60, 3222

100, 60, 3168

100, 60, 3860

100, 60, 2622

100, 60, 3020

100, 60, 3038

100, 60, 2727

100, 60, 3038

100, 70, 2577

100, 70, 3735

100, 70, 4008

100, 70, 2672

100, 70, 6578

100, 70, 2657

100, 70, 3194

100, 70, 3010

100, 70, 4161

100, 70, 2601

100, 70, 3280

100, 70, 5323

100, 70, 4727

100, 70, 3218

100, 70, 3412

100, 80, 4594

100, 80, 2643

100, 80, 2646

100, 80, 2611

100, 80, 3097

100, 80, 5481

100, 80, 6223

100, 80, 3859

100, 80, 5161

100, 80, 2687

100, 80, 3459

100, 80, 2984

100, 80, 2666

100, 80, 6206

100, 80, 3234

100, 90, 3165

100, 90, 3415

100, 90, 2622

100, 90, 3844

100, 90, 5594

100, 90, 4156

100, 90, 4010

100, 90, 3464

100, 90, 5753

100, 90, 2917

100, 90, 5477

100, 90, 4658

100, 90, 3308

100, 90, 2590

100, 90, 3857

110, 0, 3519

110, 0, 4031

110, 0, 3922

110, 0, 3596

110, 0, 5548

110, 0, 3445

110, 0, 3445

110, 0, 3416

110, 0, 4131

110, 0, 6979

110, 0, 3421

110, 0, 3440

110, 0, 3498

110, 0, 4616

110, 0, 4115

110, 10, 4077

110, 10, 4216

110, 10, 3466

110, 10, 4035

110, 10, 3431

110, 10, 5670

110, 10, 3416

110, 10, 3943

110, 10, 4138

110, 10, 3463

110, 10, 5428

110, 10, 6599

110, 10, 3474

110, 10, 3442

110, 10, 3473

110, 20, 3429

110, 20, 3444

110, 20, 3407

110, 20, 3491

110, 20, 3400

110, 20, 5015

110, 20, 3376

110, 20, 4080

110, 20, 4120

110, 20, 4149

110, 20, 5884

110, 20, 3620

110, 20, 6752

110, 20, 3463

110, 20, 4112

110, 30, 3564

110, 30, 4143

110, 30, 3885

110, 30, 3425

110, 30, 3460

110, 30, 4455

110, 30, 5024

110, 30, 3534

110, 30, 3787

110, 30, 3441

110, 30, 3459

110, 30, 5116

110, 30, 6393

110, 30, 4368

110, 30, 3529

110, 40, 4074

110, 40, 3458

110, 40, 6244

110, 40, 6027

110, 40, 3437

110, 40, 4549

110, 40, 3531

110, 40, 3719

110, 40, 8791

110, 40, 5071

110, 40, 3673

110, 40, 3941

110, 40, 3476

110, 40, 3814

110, 40, 4139

110, 50, 3405

110, 50, 5023

110, 50, 3537

110, 50, 4446

110, 50, 4156

110, 50, 3422

110, 50, 4674

110, 50, 3402

110, 50, 3406

110, 50, 6092

110, 50, 4090

110, 50, 3492

110, 50, 3465

110, 50, 3444

110, 50, 3441

110, 60, 3784

110, 60, 6341

110, 60, 4158

110, 60, 3931

110, 60, 3504

110, 60, 3512

110, 60, 4480

110, 60, 4165

110, 60, 4162

110, 60, 4451

110, 60, 11061

110, 60, 3534

110, 60, 4709

110, 60, 4217

110, 60, 4230

110, 70, 4005

110, 70, 3736

110, 70, 3655

110, 70, 5381

110, 70, 8838

110, 70, 3527

110, 70, 5248

110, 70, 4465

110, 70, 4338

110, 70, 4319

110, 70, 3526

110, 70, 3463

110, 70, 5017

110, 70, 11508

110, 70, 3461

110, 80, 3418

110, 80, 3483

110, 80, 3900

110, 80, 3413

110, 80, 3436

110, 80, 3441

110, 80, 4118

110, 80, 6124

110, 80, 3466

110, 80, 3507

110, 80, 3432

110, 80, 4137

110, 80, 4361

110, 80, 3492

110, 80, 3740

110, 90, 3587

110, 90, 4131

110, 90, 3823

110, 90, 5373

110, 90, 3817

110, 90, 3426

110, 90, 3472

110, 90, 4162

110, 90, 3447

110, 90, 4440

110, 90, 3501

110, 90, 5244

110, 90, 3430

110, 90, 4149

110, 90, 4138

120, 0, 9878

120, 0, 4346

120, 0, 5333

120, 0, 6348

120, 0, 4368

120, 0, 5305

120, 0, 4410

120, 0, 7386

120, 0, 4379

120, 0, 4362

120, 0, 6300

120, 0, 4403

120, 0, 4379

120, 0, 5260

120, 0, 4385

120, 10, 6412

120, 10, 4986

120, 10, 4357

120, 10, 8346

120, 10, 4979

120, 10, 5236

120, 10, 4316

120, 10, 4371

120, 10, 5286

120, 10, 5254

120, 10, 4565

120, 10, 4395

120, 10, 5279

120, 10, 8519

120, 10, 6314

120, 20, 7010

120, 20, 4615

120, 20, 4461

120, 20, 8615

120, 20, 5238

120, 20, 5616

120, 20, 4433

120, 20, 5249

120, 20, 4944

120, 20, 4355

120, 20, 4368

120, 20, 4383

120, 20, 5240

120, 20, 5738

120, 20, 5251

120, 30, 4983

120, 30, 5279

120, 30, 4849

120, 30, 4725

120, 30, 6330

120, 30, 4374

120, 30, 6455

120, 30, 6902

120, 30, 4352

120, 30, 5709

120, 30, 7227

120, 30, 4351

120, 30, 4390

120, 30, 6376

120, 30, 4351

120, 40, 4392

120, 40, 4398

120, 40, 4486

120, 40, 4449

120, 40, 6416

120, 40, 7426

120, 40, 4349

120, 40, 4484

120, 40, 4419

120, 40, 4307

120, 40, 5755

120, 40, 5282

120, 40, 4392

120, 40, 5008

120, 40, 4392

120, 50, 4389

120, 50, 4359

120, 50, 4565

120, 50, 5295

120, 50, 5213

120, 50, 4434

120, 50, 5989

120, 50, 5323

120, 50, 8026

120, 50, 5880

120, 50, 4360

120, 50, 4400

120, 50, 4419

120, 50, 4370

120, 50, 4409

120, 60, 6328

120, 60, 4927

120, 60, 5244

120, 60, 8538

120, 60, 4466

120, 60, 5066

120, 60, 5334

120, 60, 5378

120, 60, 5262

120, 60, 5562

120, 60, 4920

120, 60, 5275

120, 60, 5415

120, 60, 4407

120, 60, 8575

120, 70, 4438

120, 70, 5339

120, 70, 5306

120, 70, 8261

120, 70, 4369

120, 70, 6125

120, 70, 4510

120, 70, 4457

120, 70, 6364

120, 70, 6463

120, 70, 5815

120, 70, 6391

120, 70, 5262

120, 70, 7660

120, 70, 5002

120, 80, 5159

120, 80, 4601

120, 80, 4670

120, 80, 4812

120, 80, 4802

120, 80, 4460

120, 80, 4347

120, 80, 4385

120, 80, 4406

120, 80, 6477

120, 80, 4347

120, 80, 4386

120, 80, 4345

120, 80, 4370

120, 80, 6502

120, 90, 4407

120, 90, 5770

120, 90, 5011

120, 90, 4350

120, 90, 4381

120, 90, 4495

120, 90, 6445

120, 90, 4355

120, 90, 5061

120, 90, 6391

120, 90, 4369

120, 90, 6390

120, 90, 8525

120, 90, 6323

120, 90, 5105

130, 0, 8471

130, 0, 6143

130, 0, 5490

130, 0, 5447

130, 0, 5438

130, 0, 5517

130, 0, 5474

130, 0, 5431

130, 0, 8834

130, 0, 5491

130, 0, 5532

130, 0, 5970

130, 0, 5484

130, 0, 7200

130, 0, 5519

130, 10, 5486

130, 10, 5473

130, 10, 5466

130, 10, 7798

130, 10, 5458

130, 10, 5483

130, 10, 6400

130, 10, 5504

130, 10, 5468

130, 10, 7116

130, 10, 8966

130, 10, 5447

130, 10, 5465

130, 10, 5468

130, 10, 6341

130, 20, 6597

130, 20, 6615

130, 20, 8064

130, 20, 5490

130, 20, 6640

130, 20, 6614

130, 20, 5522

130, 20, 5384

130, 20, 7103

130, 20, 7991

130, 20, 8016

130, 20, 6735

130, 20, 5536

130, 20, 8087

130, 20, 5589

130, 30, 6564

130, 30, 10710

130, 30, 6659

130, 30, 7265

130, 30, 6575

130, 30, 6846

130, 30, 8949

130, 30, 9007

130, 30, 6593

130, 30, 7135

130, 30, 6111

130, 30, 6636

130, 30, 6617

130, 30, 6448

130, 30, 5499

130, 40, 6416

130, 40, 5888

130, 40, 5616

130, 40, 6539

130, 40, 5590

130, 40, 7130

130, 40, 5684

130, 40, 5511

130, 40, 8171

130, 40, 5495

130, 40, 5458

130, 40, 6750

130, 40, 6336

130, 40, 6680

130, 40, 6288

130, 50, 8139

130, 50, 6280

130, 50, 5871

130, 50, 7311

130, 50, 5462

130, 50, 5442

130, 50, 5455

130, 50, 6588

130, 50, 6602

130, 50, 5448

130, 50, 5450

130, 50, 6556

130, 50, 5614

130, 50, 5732

130, 50, 5465

130, 60, 6968

130, 60, 6228

130, 60, 6360

130, 60, 6467

130, 60, 6667

130, 60, 5443

130, 60, 6688

130, 60, 6616

130, 60, 5495

130, 60, 6451

130, 60, 5472

130, 60, 5458

130, 60, 9793

130, 60, 6072

130, 60, 7232

130, 70, 7871

130, 70, 5496

130, 70, 5993

130, 70, 5510

130, 70, 6263

130, 70, 5424

130, 70, 5418

130, 70, 6026

130, 70, 5481

130, 70, 5480

130, 70, 5406

130, 70, 6606

130, 70, 6468

130, 70, 6032

130, 70, 8964

130, 80, 5672

130, 80, 6248

130, 80, 6475

130, 80, 6442

130, 80, 6426

130, 80, 5453

130, 80, 6645

130, 80, 6725

130, 80, 7703

130, 80, 5461

130, 80, 10497

130, 80, 5560

130, 80, 6595

130, 80, 6435

130, 80, 6010

130, 90, 5453

130, 90, 6657

130, 90, 5753

130, 90, 8466

130, 90, 5540

130, 90, 8076

130, 90, 5445

130, 90, 6647

130, 90, 5460

130, 90, 6670

130, 90, 5495

130, 90, 6380

130, 90, 6747

130, 90, 6580

130, 90, 6730

140, 0, 8072

140, 0, 8767

140, 0, 10145

140, 0, 6871

140, 0, 6795

140, 0, 6839

140, 0, 8752

140, 0, 6751

140, 0, 7114

140, 0, 6718

140, 0, 6726

140, 0, 9326

140, 0, 8282

140, 0, 8216

140, 0, 6893

140, 10, 8775

140, 10, 6727

140, 10, 9498

140, 10, 7827

140, 10, 7488

140, 10, 6915

140, 10, 9016

140, 10, 6732

140, 10, 7716

140, 10, 8197

140, 10, 6741

140, 10, 7978

140, 10, 6772

140, 10, 9025

140, 10, 8870

140, 20, 8081

140, 20, 7290

140, 20, 6706

140, 20, 6870

140, 20, 7589

140, 20, 9616

140, 20, 8856

140, 20, 6920

140, 20, 10966

140, 20, 7474

140, 20, 7687

140, 20, 8509

140, 20, 7013

140, 20, 8544

140, 20, 6728

140, 30, 7300

140, 30, 8384

140, 30, 8021

140, 30, 6774

140, 30, 8142

140, 30, 6752

140, 30, 6726

140, 30, 7738

140, 30, 8131

140, 30, 7220

140, 30, 7315

140, 30, 6808

140, 30, 9017

140, 30, 9904

140, 30, 6739

140, 40, 8083

140, 40, 9259

140, 40, 8176

140, 40, 6822

140, 40, 7890

140, 40, 9094

140, 40, 9878

140, 40, 8374

140, 40, 7403

140, 40, 8453

140, 40, 7771

140, 40, 6855

140, 40, 9431

140, 40, 6830

140, 40, 6743

140, 50, 6806

140, 50, 7587

140, 50, 7609

140, 50, 6793

140, 50, 7114

140, 50, 8612

140, 50, 8011

140, 50, 6753

140, 50, 7255

140, 50, 9452

140, 50, 8598

140, 50, 7145

140, 50, 6846

140, 50, 9294

140, 50, 8002

140, 60, 7029

140, 60, 9301

140, 60, 9885

140, 60, 6887

140, 60, 7686

140, 60, 6826

140, 60, 7575

140, 60, 7832

140, 60, 8333

140, 60, 6746

140, 60, 8367

140, 60, 9757

140, 60, 9939

140, 60, 6800

140, 60, 8784

140, 70, 7070

140, 70, 6764

140, 70, 7217

140, 70, 6798

140, 70, 6810

140, 70, 8681

140, 70, 7111

140, 70, 8398

140, 70, 6948

140, 70, 7401

140, 70, 6727

140, 70, 7348

140, 70, 9042

140, 70, 6733

140, 70, 8069

140, 80, 7346

140, 80, 6771

140, 80, 8881

140, 80, 7173

140, 80, 6725

140, 80, 9870

140, 80, 7684

140, 80, 9352

140, 80, 6764

140, 80, 6819

140, 80, 8062

140, 80, 6800

140, 80, 6744

140, 80, 6810

140, 80, 8874

140, 90, 6730

140, 90, 7995

140, 90, 7960

140, 90, 6840

140, 90, 6704

140, 90, 6985

140, 90, 8469

140, 90, 8111

140, 90, 6726

140, 90, 7594

140, 90, 11342

140, 90, 6751

140, 90, 6762

140, 90, 8128

140, 90, 9053

150, 0, 8197

150, 0, 9366

150, 0, 8163

150, 0, 9845

150, 0, 8126

150, 0, 9726

150, 0, 9396

150, 0, 8215

150, 0, 11022

150, 0, 8184

150, 0, 8260

150, 0, 8237

150, 0, 8429

150, 0, 8830

150, 0, 8303

150, 10, 8321

150, 10, 9863

150, 10, 8386

150, 10, 9771

150, 10, 8154

150, 10, 8444

150, 10, 9515

150, 10, 11309

150, 10, 8308

150, 10, 8221

150, 10, 8240

150, 10, 8223

150, 10, 8243

150, 10, 10466

150, 10, 8186

150, 20, 8426

150, 20, 8338

150, 20, 8191

150, 20, 9748

150, 20, 8163

150, 20, 8172

150, 20, 9238

150, 20, 10736

150, 20, 9703

150, 20, 9308

150, 20, 9628

150, 20, 9020

150, 20, 8161

150, 20, 8183

150, 20, 9377

150, 30, 9806

150, 30, 8318

150, 30, 8373

150, 30, 8317

150, 30, 10090

150, 30, 8058

150, 30, 8789

150, 30, 14591

150, 30, 9851

150, 30, 8137

150, 30, 9848

150, 30, 8142

150, 30, 8167

150, 30, 9022

150, 30, 9330

150, 40, 10650

150, 40, 8241

150, 40, 10261

150, 40, 11775

150, 40, 10811

150, 40, 9133

150, 40, 12017

150, 40, 8310

150, 40, 10110

150, 40, 8203

150, 40, 9027

150, 40, 8175

150, 40, 8838

150, 40, 9881

150, 40, 9138

150, 50, 8245

150, 50, 8461

150, 50, 8198

150, 50, 8237

150, 50, 9157

150, 50, 8237

150, 50, 9932

150, 50, 8421

150, 50, 10283

150, 50, 10651

150, 50, 8727

150, 50, 8901

150, 50, 10118

150, 50, 9862

150, 50, 12039

150, 60, 11311

150, 60, 8193

150, 60, 8258

150, 60, 10302

150, 60, 11149

150, 60, 9747

150, 60, 10810

150, 60, 9016

150, 60, 12012

150, 60, 10734

150, 60, 9174

150, 60, 10593

150, 60, 9795

150, 60, 9333

150, 60, 9786

150, 70, 9859

150, 70, 8105

150, 70, 9532

150, 70, 9616

150, 70, 11226

150, 70, 8976

150, 70, 11672

150, 70, 10748

150, 70, 8207

150, 70, 9524

150, 70, 9861

150, 70, 9938

150, 70, 8983

150, 70, 8163

150, 70, 8861

150, 80, 9897

150, 80, 8400

150, 80, 8689

150, 80, 8424

150, 80, 9637

150, 80, 9401

150, 80, 10567

150, 80, 9733

150, 80, 9167

150, 80, 9804

150, 80, 9517

150, 80, 8103

150, 80, 8234

150, 80, 9296

150, 80, 11862

150, 90, 9725

150, 90, 11096

150, 90, 8170

150, 90, 9669

150, 90, 10876

150, 90, 9692

150, 90, 9270

150, 90, 11830

150, 90, 8660

150, 90, 9070

150, 90, 8335

150, 90, 11423

150, 90, 11411

150, 90, 11018

150, 90, 8167

160, 0, 9731

160, 0, 10722

160, 0, 9821

160, 0, 11398

160, 0, 11437

160, 0, 9797

160, 0, 10346

160, 0, 12788

160, 0, 13070

160, 0, 9746

160, 0, 9878

160, 0, 11737

160, 0, 9740

160, 0, 10224

160, 0, 9776

160, 10, 9858

160, 10, 11715

160, 10, 10704

160, 10, 12344

160, 10, 13161

160, 10, 13765

160, 10, 13487

160, 10, 9708

160, 10, 10189

160, 10, 11022

160, 10, 12522

160, 10, 10996

160, 10, 11746

160, 10, 9720

160, 10, 10385

160, 20, 9756

160, 20, 13525

160, 20, 10108

160, 20, 9690

160, 20, 10893

160, 20, 11237

160, 20, 9660

160, 20, 9818

160, 20, 9727

160, 20, 10254

160, 20, 9731

160, 20, 10739

160, 20, 11648

160, 20, 11301

160, 20, 10806

160, 30, 14217

160, 30, 9852

160, 30, 10445

160, 30, 9756

160, 30, 11005

160, 30, 11875

160, 30, 12365

160, 30, 13123

160, 30, 13732

160, 30, 9781

160, 30, 13713

160, 30, 9832

160, 30, 10282

160, 30, 10992

160, 30, 13290

160, 40, 11237

160, 40, 11927

160, 40, 11386

160, 40, 9796

160, 40, 9758

160, 40, 9817

160, 40, 10025

160, 40, 10950

160, 40, 12930

160, 40, 9809

160, 40, 9785

160, 40, 10872

160, 40, 11758

160, 40, 11152

160, 40, 11145

160, 50, 12207

160, 50, 9834

160, 50, 10532

160, 50, 9860

160, 50, 10597

160, 50, 12253

160, 50, 9765

160, 50, 9823

160, 50, 9753

160, 50, 10901

160, 50, 11530

160, 50, 13736

160, 50, 10286

160, 50, 11467

160, 50, 10849

160, 60, 9790

160, 60, 10280

160, 60, 12753

160, 60, 10133

160, 60, 10990

160, 60, 11848

160, 60, 13098

160, 60, 10372

160, 60, 11708

160, 60, 12391

160, 60, 9690

160, 60, 9751

160, 60, 11288

160, 60, 11622

160, 60, 10646

160, 70, 10402

160, 70, 10574

160, 70, 13220

160, 70, 11108

160, 70, 9842

160, 70, 10825

160, 70, 10977

160, 70, 13738

160, 70, 11852

160, 70, 9730

160, 70, 10503

160, 70, 11067

160, 70, 15773

160, 70, 9739

160, 70, 10459

160, 80, 9740

160, 80, 10869

160, 80, 9779

160, 80, 11248

160, 80, 11134

160, 80, 12097

160, 80, 11209

160, 80, 13727

160, 80, 13290

160, 80, 9728

160, 80, 10093

160, 80, 9776

160, 80, 10739

160, 80, 11617

160, 80, 13687

160, 90, 10247

160, 90, 9764

160, 90, 9745

160, 90, 11846

160, 90, 11097

160, 90, 11576

160, 90, 12157

160, 90, 12829

160, 90, 13399

160, 90, 13751

160, 90, 13457

160, 90, 10155

160, 90, 11351

160, 90, 12034

160, 90, 12713

170, 0, 13843

170, 0, 13154

170, 0, 11565

170, 0, 13605

170, 0, 12040

170, 0, 12283

170, 0, 12733

170, 0, 13020

170, 0, 11588

170, 0, 15527

170, 0, 11635

170, 0, 15490

170, 0, 14945

170, 0, 14462

170, 0, 14075

170, 10, 13768

170, 10, 11678

170, 10, 13442

170, 10, 12420

170, 10, 12856

170, 10, 13865

170, 10, 13463

170, 10, 13003

170, 10, 12570

170, 10, 13235

170, 10, 11599

170, 10, 11629

170, 10, 14896

170, 10, 14391

170, 10, 13873

170, 20, 12935

170, 20, 12161

170, 20, 11665

170, 20, 11589

170, 20, 15536

170, 20, 11671

170, 20, 11556

170, 20, 13792

170, 20, 13519

170, 20, 12425

170, 20, 12803

170, 20, 13815

170, 20, 11606

170, 20, 11658

170, 20, 14101

170, 30, 11618

170, 30, 15638

170, 30, 13722

170, 30, 12529

170, 30, 12639

170, 30, 13398

170, 30, 12753

170, 30, 13648

170, 30, 13373

170, 30, 12667

170, 30, 13561

170, 30, 13011

170, 30, 12548

170, 30, 13253

170, 30, 12754

170, 40, 11603

170, 40, 11862

170, 40, 11626

170, 40, 13599

170, 40, 12381

170, 40, 12824

170, 40, 13805

170, 40, 13402

170, 40, 12765

170, 40, 13766

170, 40, 11529

170, 40, 15521

170, 40, 11630

170, 40, 11578

170, 40, 13175

170, 50, 11638

170, 50, 11888

170, 50, 11650

170, 50, 13761

170, 50, 11636

170, 50, 17339

170, 50, 13147

170, 50, 13389

170, 50, 13685

170, 50, 13791

170, 50, 13629

170, 50, 12052

170, 50, 12583

170, 50, 12751

170, 50, 13539

170, 60, 12714

170, 60, 11760

170, 60, 11703

170, 60, 13297

170, 60, 11562

170, 60, 15513

170, 60, 13673

170, 60, 13864

170, 60, 13606

170, 60, 12065

170, 60, 11684

170, 60, 13335

170, 60, 14818

170, 60, 14391

170, 60, 13931

170, 70, 11618

170, 70, 13960

170, 70, 11705

170, 70, 13784

170, 70, 11664

170, 70, 13791

170, 70, 13831

170, 70, 11566

170, 70, 12384

170, 70, 12819

170, 70, 11607

170, 70, 15510

170, 70, 15505

170, 70, 15561

170, 70, 13783

170, 80, 11652

170, 80, 15433

170, 80, 16356

170, 80, 12538

170, 80, 12716

170, 80, 13536

170, 80, 11661

170, 80, 11668

170, 80, 13695

170, 80, 13541

170, 80, 12280

170, 80, 12634

170, 80, 12988

170, 80, 13275

170, 80, 14811

170, 90, 11703

170, 90, 15695

170, 90, 11630

170, 90, 13426

170, 90, 12272

170, 90, 12587

170, 90, 13308

170, 90, 12669

170, 90, 12883

170, 90, 11658

170, 90, 11618

170, 90, 15683

170, 90, 13772

170, 90, 13465

170, 90, 12149

180, 0, 15946

180, 0, 15974

180, 0, 13752

180, 0, 13713

180, 0, 13590

180, 0, 13825

180, 0, 14086

180, 0, 13641

180, 0, 16719

180, 0, 13794

180, 0, 15927

180, 0, 16989

180, 0, 15250

180, 0, 15343

180, 0, 13614

180, 10, 13723

180, 10, 15379

180, 10, 13969

180, 10, 17659

180, 10, 16895

180, 10, 13739

180, 10, 15192

180, 10, 15173

180, 10, 13777

180, 10, 15150

180, 10, 13587

180, 10, 17230

180, 10, 15379

180, 10, 13714

180, 10, 15980

180, 20, 13779

180, 20, 13639

180, 20, 16164

180, 20, 13686

180, 20, 16402

180, 20, 13641

180, 20, 15772

180, 20, 15681

180, 20, 15153

180, 20, 15861

180, 20, 13702

180, 20, 15431

180, 20, 15184

180, 20, 15045

180, 20, 13819

180, 30, 15907

180, 30, 15727

180, 30, 14909

180, 30, 13709

180, 30, 13658

180, 30, 13701

180, 30, 13794

180, 30, 16347

180, 30, 13727

180, 30, 15112

180, 30, 15695

180, 30, 16132

180, 30, 14603

180, 30, 13788

180, 30, 13744

180, 40, 15804

180, 40, 14785

180, 40, 13618

180, 40, 16825

180, 40, 16166

180, 40, 15171

180, 40, 18458

180, 40, 13743

180, 40, 16110

180, 40, 13712

180, 40, 16196

180, 40, 13741

180, 40, 13796

180, 40, 16429

180, 40, 15310

180, 50, 13669

180, 50, 17374

180, 50, 13646

180, 50, 15005

180, 50, 13661

180, 50, 15812

180, 50, 15420

180, 50, 15233

180, 50, 18885

180, 50, 14927

180, 50, 14830

180, 50, 13666

180, 50, 13715

180, 50, 14126

180, 50, 13794

180, 60, 15247

180, 60, 15165

180, 60, 13975

180, 60, 13757

180, 60, 14174

180, 60, 16239

180, 60, 14557

180, 60, 13761

180, 60, 13604

180, 60, 13757

180, 60, 15819

180, 60, 13689

180, 60, 16354

180, 60, 13882

180, 60, 17012

180, 70, 13757

180, 70, 13643

180, 70, 13721

180, 70, 15747

180, 70, 15534

180, 70, 16344

180, 70, 13655

180, 70, 15664

180, 70, 16466

180, 70, 13715

180, 70, 14953

180, 70, 14699

180, 70, 14555

180, 70, 14260

180, 70, 15213

180, 80, 13701

180, 80, 17884

180, 80, 14491

180, 80, 17419

180, 80, 14168

180, 80, 16345

180, 80, 14244

180, 80, 16431

180, 80, 13893

180, 80, 15760

180, 80, 14213

180, 80, 13732

180, 80, 13773

180, 80, 14192

180, 80, 15722

180, 90, 16533

180, 90, 13828

180, 90, 15677

180, 90, 13856

180, 90, 13958

180, 90, 13768

180, 90, 13853

180, 90, 15410

180, 90, 13873

180, 90, 15018

180, 90, 13689

180, 90, 14079

180, 90, 15983

180, 90, 13737

180, 90, 15264

190, 0, 16063

190, 0, 16235

190, 0, 16107

190, 0, 18124

190, 0, 15980

190, 0, 16312

190, 0, 19457

190, 0, 16106

190, 0, 16120

190, 0, 16100

190, 0, 16902

190, 0, 16177

190, 0, 16071

190, 0, 17084

190, 0, 16154

190, 10, 18697

190, 10, 16854

190, 10, 16143

190, 10, 16200

190, 10, 16046

190, 10, 16951

190, 10, 16108

190, 10, 18710

190, 10, 18219

190, 10, 19326

190, 10, 16130

190, 10, 15924

190, 10, 15942

190, 10, 18210

190, 10, 16730

190, 20, 16041

190, 20, 16181

190, 20, 15882

190, 20, 17351

190, 20, 16776

190, 20, 18176

190, 20, 17748

190, 20, 16799

190, 20, 15990

190, 20, 16051

190, 20, 17413

190, 20, 19071

190, 20, 16657

190, 20, 18171

190, 20, 18056

190, 30, 18825

190, 30, 16454

190, 30, 17149

190, 30, 16381

190, 30, 17973

190, 30, 16516

190, 30, 16218

190, 30, 16005

190, 30, 16524

190, 30, 15986

190, 30, 19304

190, 30, 16147

190, 30, 16113

190, 30, 16090

190, 30, 20505

190, 40, 16142

190, 40, 16012

190, 40, 15980

190, 40, 16977

190, 40, 16222

190, 40, 18934

190, 40, 16621

190, 40, 19908

190, 40, 16905

190, 40, 19926

190, 40, 17179

190, 40, 16572

190, 40, 19870

190, 40, 17092

190, 40, 16071

190, 50, 16112

190, 50, 15957

190, 50, 16760

190, 50, 18124

190, 50, 16196

190, 50, 19188

190, 50, 16567

190, 50, 19925

190, 50, 17182

190, 50, 19933

190, 50, 16940

190, 50, 19890

190, 50, 17727

190, 50, 15956

190, 50, 15926

190, 60, 16914

190, 60, 15875

190, 60, 15985

190, 60, 16939

190, 60, 16371

190, 60, 19295

190, 60, 16829

190, 60, 19970

190, 60, 16095

190, 60, 19109

190, 60, 17659

190, 60, 16810

190, 60, 20158

190, 60, 20331

190, 60, 19724

190, 70, 16048

190, 70, 15992

190, 70, 17643

190, 70, 16375

190, 70, 16660

190, 70, 18879

190, 70, 22992

190, 70, 19884

190, 70, 18689

190, 70, 16872

190, 70, 16681

190, 70, 17702

190, 70, 18080

190, 70, 17711

190, 70, 17014

190, 80, 16832

190, 80, 16093

190, 80, 16196

190, 80, 18367

190, 80, 17122

190, 80, 16316

190, 80, 17610

190, 80, 16123

190, 80, 20298

190, 80, 16378

190, 80, 21486

190, 80, 22106

190, 80, 18816

190, 80, 15959

190, 80, 15915

190, 90, 17933

190, 90, 19102

190, 90, 16352

190, 90, 19425

190, 90, 15992

190, 90, 17037

190, 90, 16255

190, 90, 19151

190, 90, 16636

190, 90, 15969

190, 90, 16033

190, 90, 17248

190, 90, 16470

190, 90, 19752

190, 90, 15981

200, 0, 18663

200, 0, 18459

200, 0, 18961

200, 0, 20982

200, 0, 22323

200, 0, 18773

200, 0, 20547

200, 0, 22043

200, 0, 18519

200, 0, 18518

200, 0, 19053

200, 0, 19877

200, 0, 20637

200, 0, 19441

200, 0, 20578

200, 10, 18567

200, 10, 18436

200, 10, 19017

200, 10, 20866

200, 10, 21932

200, 10, 18637

200, 10, 20124

200, 10, 18556

200, 10, 18631

200, 10, 18539

200, 10, 18623

200, 10, 18603

200, 10, 19524

200, 10, 20603

200, 10, 20552

200, 20, 18596

200, 20, 23174

200, 20, 19788

200, 20, 21880

200, 20, 18634

200, 20, 19090

200, 20, 20085

200, 20, 18594

200, 20, 18520

200, 20, 18648

200, 20, 18867

200, 20, 18798

200, 20, 18741

200, 20, 22637

200, 20, 20362

200, 30, 20396

200, 30, 18675

200, 30, 20480

200, 30, 19182

200, 30, 18514

200, 30, 18666

200, 30, 20042

200, 30, 18524

200, 30, 19478

200, 30, 20273

200, 30, 18718

200, 30, 18681

200, 30, 21105

200, 30, 20944

200, 30, 18924

200, 40, 21931

200, 40, 22705

200, 40, 24147

200, 40, 18682

200, 40, 19139

200, 40, 18890

200, 40, 18719

200, 40, 18523

200, 40, 18769

200, 40, 19874

200, 40, 18635

200, 40, 18643

200, 40, 21057

200, 40, 18481

200, 40, 18513

200, 50, 18579

200, 50, 18506

200, 50, 18428

200, 50, 18611

200, 50, 18505

200, 50, 18410

200, 50, 18454

200, 50, 18444

200, 50, 19023

200, 50, 20280

200, 50, 18839

200, 50, 19031

200, 50, 19470

200, 50, 20942

200, 50, 22259

200, 60, 18637

200, 60, 18638

200, 60, 18493

200, 60, 18937

200, 60, 21041

200, 60, 22221

200, 60, 18746

200, 60, 20543

200, 60, 21862

200, 60, 18437

200, 60, 20038

200, 60, 21485

200, 60, 22466

200, 60, 18744

200, 60, 19843

200, 70, 18584

200, 70, 20703

200, 70, 18261

200, 70, 19237

200, 70, 18463

200, 70, 22414

200, 70, 19243

200, 70, 18526

200, 70, 20705

200, 70, 21884

200, 70, 19277

200, 70, 20625

200, 70, 18649

200, 70, 20528

200, 70, 18796

200, 80, 20155

200, 80, 22651

200, 80, 18546

200, 80, 19290

200, 80, 21495

200, 80, 18847

200, 80, 18513

200, 80, 20794

200, 80, 18485

200, 80, 19257

200, 80, 19550

200, 80, 20319

200, 80, 19085

200, 80, 18437

200, 80, 18555

200, 90, 19808

200, 90, 20434

200, 90, 18613

200, 90, 20694

200, 90, 18608

200, 90, 22232

200, 90, 19351

200, 90, 18510

200, 90, 18556

200, 90, 22554

200, 90, 18508

200, 90, 18928

200, 90, 18410

200, 90, 18510

200, 90, 18458

210, 0, 21810

210, 0, 21460

210, 0, 21525

210, 0, 21917

210, 0, 21490

210, 0, 24227

210, 0, 21458

210, 0, 21241

210, 0, 21392

210, 0, 24830

210, 0, 24716

210, 0, 21426

210, 0, 21351

210, 0, 21543

210, 0, 21255

210, 10, 23432

210, 10, 21324

210, 10, 25216

210, 10, 21410

210, 10, 21200

210, 10, 23982

210, 10, 21452

210, 10, 22799

210, 10, 21332

210, 10, 23427

210, 10, 21879

210, 10, 21219

210, 10, 25225

210, 10, 21315

210, 10, 23206

210, 20, 21445

210, 20, 21423

210, 20, 21369

210, 20, 21510

210, 20, 21162

210, 20, 24437

210, 20, 21170

210, 20, 21288

210, 20, 23355

210, 20, 21444

210, 20, 23253

210, 20, 21141

210, 20, 24640

210, 20, 22297

210, 20, 22661

210, 30, 23507

210, 30, 21398

210, 30, 22260

210, 30, 22706

210, 30, 23025

210, 30, 21316

210, 30, 24273

210, 30, 22294

210, 30, 22787

210, 30, 22475

210, 30, 23197

210, 30, 21316

210, 30, 22920

210, 30, 22244

210, 30, 22732

210, 40, 22747

210, 40, 21239

210, 40, 21282

210, 40, 24169

210, 40, 23616

210, 40, 23729

210, 40, 23287

210, 40, 23006

210, 40, 22550

210, 40, 21464

210, 40, 21137

210, 40, 23526

210, 40, 21474

210, 40, 21802

210, 40, 22230

210, 50, 21451

210, 50, 23795

210, 50, 21323

210, 50, 21269

210, 50, 21294

210, 50, 24411

210, 50, 24004

210, 50, 23711

210, 50, 23561

210, 50, 23214

210, 50, 21382

210, 50, 21246

210, 50, 24587

210, 50, 23231

210, 50, 25246

210, 60, 21423

210, 60, 22949

210, 60, 21306

210, 60, 23928

210, 60, 23658

210, 60, 21084

210, 60, 21305

210, 60, 23249

210, 60, 23427

210, 60, 21549

210, 60, 21881

210, 60, 22321

210, 60, 22660

210, 60, 21470

210, 60, 21406

210, 70, 21304

210, 70, 25197

210, 70, 24751

210, 70, 21199

210, 70, 24413

210, 70, 23834

210, 70, 21422

210, 70, 21880

210, 70, 21900

210, 70, 22311

210, 70, 21905

210, 70, 21744

210, 70, 21822

210, 70, 21972

210, 70, 21961

210, 80, 22121

210, 80, 21157

210, 80, 21374

210, 80, 24222

210, 80, 23976

210, 80, 21059

210, 80, 21623

210, 80, 23353

210, 80, 22311

210, 80, 27061

210, 80, 21814

210, 80, 21430

210, 80, 27173

210, 80, 25697

210, 80, 25704

210, 90, 22292

210, 90, 23316

210, 90, 21495

210, 90, 23368

210, 90, 21627

210, 90, 21566

210, 90, 23022

210, 90, 22310

210, 90, 21383

210, 90, 25224

210, 90, 25564

210, 90, 26956

210, 90, 21413

210, 90, 22774

210, 90, 23258

220, 0, 27637

220, 0, 24382

220, 0, 26146

220, 0, 24229

220, 0, 24453

220, 0, 24426

220, 0, 26647

220, 0, 25021

220, 0, 24719

220, 0, 24356

220, 0, 27848

220, 0, 25887

220, 0, 24755

220, 0, 24498

220, 0, 27795

220, 10, 24578

220, 10, 24522

220, 10, 25574

220, 10, 24518

220, 10, 25870

220, 10, 26723

220, 10, 26611

220, 10, 24511

220, 10, 25796

220, 10, 25053

220, 10, 25337

220, 10, 24672

220, 10, 28607

220, 10, 24858

220, 10, 27163

220, 20, 24569

220, 20, 24825

220, 20, 24450

220, 20, 24493

220, 20, 26155

220, 20, 25781

220, 20, 24228

220, 20, 24381

220, 20, 25229

220, 20, 24556

220, 20, 25308

220, 20, 25483

220, 20, 24440

220, 20, 25333

220, 20, 24484

220, 30, 25114

220, 30, 27106

220, 30, 24432

220, 30, 25469

220, 30, 24743

220, 30, 24532

220, 30, 24599

220, 30, 24676

220, 30, 25108

220, 30, 28371

220, 30, 25095

220, 30, 25246

220, 30, 25793

220, 30, 24434

220, 30, 25055

220, 40, 29260

220, 40, 25601

220, 40, 25119

220, 40, 25103

220, 40, 25329

220, 40, 24940

220, 40, 25091

220, 40, 24397

220, 40, 24421

220, 40, 24280

220, 40, 25162

220, 40, 24549

220, 40, 25079

220, 40, 32305

220, 40, 26224

220, 50, 29025

220, 50, 30363

220, 50, 25634

220, 50, 24593

220, 50, 24605

220, 50, 26336

220, 50, 24477

220, 50, 24502

220, 50, 24788

220, 50, 25928

220, 50, 24372

220, 50, 25895

220, 50, 25339

220, 50, 27186

220, 50, 24500

220, 60, 24659

220, 60, 24683

220, 60, 26485

220, 60, 24504

220, 60, 26429

220, 60, 30366

220, 60, 24788

220, 60, 26155

220, 60, 30512

220, 60, 24567

220, 60, 26139

220, 60, 24524

220, 60, 24565

220, 60, 24440

220, 60, 24439

220, 70, 24567

220, 70, 24905

220, 70, 24453

220, 70, 24430

220, 70, 24510

220, 70, 24456

220, 70, 26448

220, 70, 24740

220, 70, 25776

220, 70, 24744

220, 70, 24827

220, 70, 24596

220, 70, 24657

220, 70, 25032

220, 70, 27039

220, 80, 29929

220, 80, 24878

220, 80, 25705

220, 80, 26207

220, 80, 24460

220, 80, 25300

220, 80, 24347

220, 80, 24720

220, 80, 25621

220, 80, 24800

220, 80, 24638

220, 80, 24270

220, 80, 25217

220, 80, 24806

220, 80, 24602

220, 90, 24611

220, 90, 25286

220, 90, 24963

220, 90, 24501

220, 90, 28465

220, 90, 26420

220, 90, 24390

220, 90, 25797

220, 90, 24247

220, 90, 24204

220, 90, 24250

220, 90, 26476

220, 90, 24878

220, 90, 24678

220, 90, 24345

230, 0, 28356

230, 0, 27755

230, 0, 27892

230, 0, 29254

230, 0, 31179

230, 0, 27954

230, 0, 28716

230, 0, 28587

230, 0, 39735

230, 0, 30244

230, 0, 28403

230, 0, 28554

230, 0, 30643

230, 0, 29028

230, 0, 27679

230, 10, 28195

230, 10, 33083

230, 10, 33276

230, 10, 28671

230, 10, 29130

230, 10, 28613

230, 10, 27925

230, 10, 27916

230, 10, 30683

230, 10, 27895

230, 10, 28168

230, 10, 29001

230, 10, 27793

230, 10, 28011

230, 10, 27749

230, 20, 28296

230, 20, 28925

230, 20, 30744

230, 20, 27873

230, 20, 28001

230, 20, 27680

230, 20, 29455

230, 20, 28156

230, 20, 27837

230, 20, 28033

230, 20, 28031

230, 20, 27590

230, 20, 27797

230, 20, 28584

230, 20, 28330

230, 30, 29078

230, 30, 28298

230, 30, 31355

230, 30, 28317

230, 30, 28350

230, 30, 27632

230, 30, 28176

230, 30, 30373

230, 30, 27629

230, 30, 29968

230, 30, 27931

230, 30, 27694

230, 30, 28063

230, 30, 30588

230, 30, 27826

230, 40, 27882

230, 40, 30778

230, 40, 28207

230, 40, 28032

230, 40, 27857

230, 40, 28725

230, 40, 30180

230, 40, 28601

230, 40, 28637

230, 40, 28677

230, 40, 28894

230, 40, 29347

230, 40, 28834

230, 40, 28411

230, 40, 27982

230, 50, 28234

230, 50, 28107

230, 50, 29459

230, 50, 27860

230, 50, 27949

230, 50, 28819

230, 50, 30377

230, 50, 29430

230, 50, 28480

230, 50, 28246

230, 50, 28009

230, 50, 28495

230, 50, 27579

230, 50, 27988

230, 50, 28409

230, 60, 32073

230, 60, 27766

230, 60, 29953

230, 60, 28962

230, 60, 30563

230, 60, 27662

230, 60, 27805

230, 60, 28313

230, 60, 28776

230, 60, 28428

230, 60, 30064

230, 60, 27913

230, 60, 34055

230, 60, 28670

230, 60, 33646

230, 70, 35505

230, 70, 27851

230, 70, 30047

230, 70, 27759

230, 70, 27877

230, 70, 28042

230, 70, 28047

230, 70, 29888

230, 70, 28457

230, 70, 29288

230, 70, 27914

230, 70, 28464

230, 70, 29878

230, 70, 27949

230, 70, 27936

230, 80, 27877

230, 80, 27842

230, 80, 27796

230, 80, 27879

230, 80, 27816

230, 80, 27764

230, 80, 27850

230, 80, 28600

230, 80, 29776

230, 80, 28723

230, 80, 28147

230, 80, 28612

230, 80, 29175

230, 80, 27820

230, 80, 27774

230, 90, 27805

230, 90, 27798

230, 90, 27576

230, 90, 29535

230, 90, 28472

230, 90, 27710

230, 90, 27758

230, 90, 28011

230, 90, 29706

230, 90, 27608

230, 90, 29132

230, 90, 28133

230, 90, 28170

230, 90, 27790

230, 90, 27923

240, 0, 31531

240, 0, 31538

240, 0, 32695

240, 0, 33428

240, 0, 31460

240, 0, 33850

240, 0, 31730

240, 0, 32199

240, 0, 31307

240, 0, 31686

240, 0, 31934

240, 0, 31458

240, 0, 31482

240, 0, 31440

240, 0, 32287

240, 10, 37248

240, 10, 31981

240, 10, 35669

240, 10, 31554

240, 10, 32267

240, 10, 36732

240, 10, 36543

240, 10, 32594

240, 10, 37258

240, 10, 33314

240, 10, 32747

240, 10, 32073

240, 10, 33083

240, 10, 31500

240, 10, 31276

240, 20, 31527

240, 20, 31292

240, 20, 34790

240, 20, 34731

240, 20, 33209

240, 20, 31169

240, 20, 31360

240, 20, 31339

240, 20, 33670

240, 20, 33634

240, 20, 33770

240, 20, 32933

240, 20, 33288

240, 20, 31275

240, 20, 31431

240, 30, 33479

240, 30, 31371

240, 30, 31369

240, 30, 31579

240, 30, 33957

240, 30, 33525

240, 30, 31729

240, 30, 31199

240, 30, 31287

240, 30, 31324

240, 30, 31320

240, 30, 32142

240, 30, 33279

240, 30, 31587

240, 30, 32746

240, 40, 31486

240, 40, 31541

240, 40, 31695

240, 40, 31400

240, 40, 31840

240, 40, 31706

240, 40, 31234

240, 40, 31196

240, 40, 34561

240, 40, 34624

240, 40, 34679

240, 40, 31251

240, 40, 31175

240, 40, 33394

240, 40, 33472

240, 50, 32042

240, 50, 31196

240, 50, 31404

240, 50, 31304

240, 50, 34178

240, 50, 34044

240, 50, 34054

240, 50, 33892

240, 50, 31737

240, 50, 31890

240, 50, 32151

240, 50, 32852

240, 50, 32679

240, 50, 32730

240, 50, 32566

240, 60, 33111

240, 60, 31286

240, 60, 31255

240, 60, 32168

240, 60, 32827

240, 60, 31245

240, 60, 31288

240, 60, 33970

240, 60, 31348

240, 60, 31494

240, 60, 31277

240, 60, 33899

240, 60, 32515

240, 60, 31201

240, 60, 31492

240, 70, 32649

240, 70, 36171

240, 70, 31340

240, 70, 34307

240, 70, 31175

240, 70, 31342

240, 70, 32369

240, 70, 30972

240, 70, 31110

240, 70, 34629

240, 70, 31531

240, 70, 31775

240, 70, 31251

240, 70, 31724

240, 70, 31633

240, 80, 31310

240, 80, 34673

240, 80, 31330

240, 80, 31900

240, 80, 32180

240, 80, 31147

240, 80, 31236

240, 80, 31230

240, 80, 31189

240, 80, 31172

240, 80, 31597

240, 80, 33145

240, 80, 31062

240, 80, 31299

240, 80, 33028

240, 90, 31614

240, 90, 31551

240, 90, 31396

240, 90, 30988

240, 90, 31241

240, 90, 31458

240, 90, 31218

240, 90, 31331

240, 90, 31607

240, 90, 31699

240, 90, 31835

240, 90, 31081

240, 90, 31255

240, 90, 34380

240, 90, 31842

250, 0, 35491

250, 0, 34988

250, 0, 35352

250, 0, 35550

250, 0, 37181

250, 0, 35180

250, 0, 35554

250, 0, 35188

250, 0, 34945

250, 0, 35271

250, 0, 34983

250, 0, 36337

250, 0, 35051

250, 0, 35174

250, 0, 37396

250, 10, 35415

250, 10, 35052

250, 10, 37958

250, 10, 35047

250, 10, 39141

250, 10, 35294

250, 10, 35095

250, 10, 36840

250, 10, 35204

250, 10, 35279

250, 10, 37706

250, 10, 35318

250, 10, 35209

250, 10, 35291

250, 10, 36164

250, 20, 42246

250, 20, 36252

250, 20, 38983

250, 20, 36626

250, 20, 36179

250, 20, 36974

250, 20, 35937

250, 20, 37154

250, 20, 35406

250, 20, 35116

250, 20, 35572

250, 20, 35297

250, 20, 37848

250, 20, 35776

250, 20, 37602

250, 30, 35470

250, 30, 35112

250, 30, 38090

250, 30, 35806

250, 30, 35485

250, 30, 37615

250, 30, 35240

250, 30, 35430

250, 30, 35330

250, 30, 38286

250, 30, 35111

250, 30, 35092

250, 30, 36718

250, 30, 35397

250, 30, 35715

250, 40, 35608

250, 40, 35507

250, 40, 35256

250, 40, 38408

250, 40, 35877

250, 40, 35559

250, 40, 35300

250, 40, 35098

250, 40, 35247

250, 40, 35636

250, 40, 35692

250, 40, 35118

250, 40, 35295

250, 40, 36896

250, 40, 35398

250, 50, 36487

250, 50, 35085

250, 50, 36166

250, 50, 35096

250, 50, 38106

250, 50, 36305

250, 50, 35211

250, 50, 38353

250, 50, 35806

250, 50, 35281

250, 50, 37965

250, 50, 35202

250, 50, 35379

250, 50, 35287

250, 50, 37401

250, 60, 35592

250, 60, 35443

250, 60, 35320

250, 60, 35141

250, 60, 35077

250, 60, 37064

250, 60, 36382

250, 60, 36191

250, 60, 35189

250, 60, 34912

250, 60, 35863

250, 60, 35135

250, 60, 35149

250, 60, 36320

250, 60, 35091

250, 70, 36627

250, 70, 35637

250, 70, 35792

250, 70, 35022

250, 70, 35372

250, 70, 35018

250, 70, 35105

250, 70, 36050

250, 70, 35251

250, 70, 38538

250, 70, 37137

250, 70, 40647

250, 70, 41972

250, 70, 35938

250, 70, 38174

250, 80, 35538

250, 80, 35136

250, 80, 37339

250, 80, 35141

250, 80, 35041

250, 80, 34995

250, 80, 36638

250, 80, 35428

250, 80, 35137

250, 80, 37611

250, 80, 35520

250, 80, 35137

250, 80, 37508

250, 80, 35496

250, 80, 35088

250, 90, 35473

250, 90, 35977

250, 90, 35183

250, 90, 36258

250, 90, 35312

250, 90, 35251

250, 90, 35356

250, 90, 35429

250, 90, 35221

250, 90, 35247

250, 90, 37598

250, 90, 35223

250, 90, 35061

250, 90, 37452

250, 90, 35567

260, 0, 39877

260, 0, 39357

260, 0, 39181

260, 0, 39342

260, 0, 40443

260, 0, 40390

260, 0, 40186

260, 0, 40505

260, 0, 40251

260, 0, 40217

260, 0, 39449

260, 0, 39621

260, 0, 39459

260, 0, 39333

260, 0, 39178

260, 10, 39820

260, 10, 39172

260, 10, 41288

260, 10, 41235

260, 10, 39616

260, 10, 39791

260, 10, 39410

260, 10, 39472

260, 10, 39195

260, 10, 39573

260, 10, 39370

260, 10, 39405

260, 10, 39466

260, 10, 40237

260, 10, 40642

260, 20, 39548

260, 20, 39307

260, 20, 40436

260, 20, 40990

260, 20, 41164

260, 20, 39656

260, 20, 39462

260, 20, 39491

260, 20, 39120

260, 20, 39669

260, 20, 39522

260, 20, 39395

260, 20, 40241

260, 20, 40671

260, 20, 41273

260, 30, 39841

260, 30, 39249

260, 30, 40672

260, 30, 39646

260, 30, 39223

260, 30, 40772

260, 30, 41376

260, 30, 41279

260, 30, 39753

260, 30, 39837

260, 30, 39559

260, 30, 39338

260, 30, 39466

260, 30, 39251

260, 30, 39513

260, 40, 39666

260, 40, 39351

260, 40, 39269

260, 40, 39497

260, 40, 39212

260, 40, 39118

260, 40, 39582

260, 40, 39220

260, 40, 39591

260, 40, 39971

260, 40, 39868

260, 40, 39577

260, 40, 39497

260, 40, 40081

260, 40, 40414

260, 50, 40997

260, 50, 39519

260, 50, 39517

260, 50, 39403

260, 50, 39739

260, 50, 40131

260, 50, 40743

260, 50, 41346

260, 50, 39429

260, 50, 40925

260, 50, 40325

260, 50, 41229

260, 50, 39224

260, 50, 39309

260, 50, 39488

260, 60, 39395

260, 60, 39303

260, 60, 39230

260, 60, 39382

260, 60, 39442

260, 60, 39282

260, 60, 39394

260, 60, 39359

260, 60, 39416

260, 60, 39563

260, 60, 39387

260, 60, 39317

260, 60, 39675

260, 60, 39823

260, 60, 39534

260, 70, 40409

260, 70, 39310

260, 70, 43496

260, 70, 40310

260, 70, 40749

260, 70, 39170

260, 70, 39333

260, 70, 40837

260, 70, 40834

260, 70, 40922

260, 70, 41504

260, 70, 39360

260, 70, 39552

260, 70, 39455

260, 70, 39560

260, 80, 39559

260, 80, 39672

260, 80, 39400

260, 80, 39825

260, 80, 40181

260, 80, 39803

260, 80, 40451

260, 80, 40523

260, 80, 39401

260, 80, 42877

260, 80, 41101

260, 80, 41742

260, 80, 40377

260, 80, 41177

260, 80, 39187

260, 90, 39897

260, 90, 40223

260, 90, 41469

260, 90, 40715

260, 90, 40129

260, 90, 40131

260, 90, 39012

260, 90, 39828

260, 90, 39600

260, 90, 39791

260, 90, 39812

260, 90, 39789

260, 90, 39398

260, 90, 39381

260, 90, 41357

270, 0, 45492

270, 0, 43911

270, 0, 43829

270, 0, 44081

270, 0, 43741

270, 0, 44282

270, 0, 44226

270, 0, 44280

270, 0, 43975

270, 0, 44054

270, 0, 45301

270, 0, 44154

270, 0, 44019

270, 0, 43842

270, 0, 43760

270, 10, 44579

270, 10, 43563

270, 10, 45308

270, 10, 44710

270, 10, 48552

270, 10, 51869

270, 10, 50637

270, 10, 44331

270, 10, 44180

270, 10, 44694

270, 10, 43922

270, 10, 44049

270, 10, 44102

270, 10, 44067

270, 10, 44568

270, 20, 44264

270, 20, 44278

270, 20, 45314

270, 20, 45213

270, 20, 45891

270, 20, 45972

270, 20, 46077

270, 20, 43857

270, 20, 43788

270, 20, 43950

270, 20, 43826

270, 20, 43903

270, 20, 44080

270, 20, 44859

270, 20, 44114

270, 30, 44245

270, 30, 43919

270, 30, 43767

270, 30, 44009

270, 30, 43964

270, 30, 44842

270, 30, 43838

270, 30, 44010

270, 30, 44111

270, 30, 44089

270, 30, 45192

270, 30, 44674

270, 30, 43890

270, 30, 44070

270, 30, 43720

270, 40, 44094

270, 40, 44057

270, 40, 44880

270, 40, 43839

270, 40, 44103

270, 40, 44798

270, 40, 43899

270, 40, 44082

270, 40, 44996

270, 40, 44125

270, 40, 44059

270, 40, 44749

270, 40, 43698

270, 40, 45029

270, 40, 46934

270, 50, 44174

270, 50, 45343

270, 50, 44259

270, 50, 45049

270, 50, 44301

270, 50, 44356

270, 50, 43807

270, 50, 43949

270, 50, 44090

270, 50, 45223

270, 50, 43994

270, 50, 43880

270, 50, 47253

270, 50, 45208

270, 50, 44595

270, 60, 45307

270, 60, 45346

270, 60, 44021

270, 60, 45225

270, 60, 44351

270, 60, 43914

270, 60, 43902

270, 60, 43761

270, 60, 45050

270, 60, 44471

270, 60, 44184

270, 60, 44165

270, 60, 44050

270, 60, 43839

270, 60, 43762

270, 70, 44276

270, 70, 43903

270, 70, 43932

270, 70, 43602

270, 70, 43876

270, 70, 45137

270, 70, 43933

270, 70, 44415

270, 70, 46590

270, 70, 45754

270, 70, 45654

270, 70, 45890

270, 70, 45596

270, 70, 43845

270, 70, 44410

270, 80, 44482

270, 80, 44175

270, 80, 44091

270, 80, 44482

270, 80, 49329

270, 80, 45356

270, 80, 45107

270, 80, 44618

270, 80, 44801

270, 80, 44257

270, 80, 43918

270, 80, 44045

270, 80, 43693

270, 80, 44759

270, 80, 44005

270, 90, 44296

270, 90, 43842

270, 90, 43923

270, 90, 43658

270, 90, 43821

270, 90, 43747

270, 90, 43637

270, 90, 45437

270, 90, 43635

270, 90, 44090

270, 90, 43961

270, 90, 44158

270, 90, 43844

270, 90, 43803

270, 90, 44945

280, 0, 49037

280, 0, 48634

280, 0, 48885

280, 0, 48533

280, 0, 48662

280, 0, 48587

280, 0, 48928

280, 0, 48651

280, 0, 48871

280, 0, 48904

280, 0, 48877

280, 0, 48845

280, 0, 49031

280, 0, 48689

280, 0, 49513

280, 10, 49273

280, 10, 48643

280, 10, 48924

280, 10, 48887

280, 10, 48869

280, 10, 48862

280, 10, 48799

280, 10, 49640

280, 10, 48637

280, 10, 48585

280, 10, 48756

280, 10, 48757

280, 10, 48688

280, 10, 50384

280, 10, 49522

280, 20, 49326

280, 20, 49116

280, 20, 49239

280, 20, 49268

280, 20, 49471

280, 20, 48628

280, 20, 48775

280, 20, 48892

280, 20, 48579

280, 20, 48599

280, 20, 48625

280, 20, 55981

280, 20, 48903

280, 20, 48971

280, 20, 49077

280, 30, 49041

280, 30, 49163

280, 30, 49164

280, 30, 48958

280, 30, 48813

280, 30, 48955

280, 30, 48960

280, 30, 48573

280, 30, 48648

280, 30, 49327

280, 30, 48519

280, 30, 48560

280, 30, 48851

280, 30, 48591

280, 30, 49003

280, 40, 49569

280, 40, 49550

280, 40, 48596

280, 40, 48620

280, 40, 49210

280, 40, 49268

280, 40, 48752

280, 40, 48641

280, 40, 48456

280, 40, 48682

280, 40, 48591

280, 40, 49203

280, 40, 50114

280, 40, 48681

280, 40, 48807

280, 50, 48961

280, 50, 48748

280, 50, 48671

280, 50, 48590

280, 50, 48558

280, 50, 48784

280, 50, 48874

280, 50, 49696

280, 50, 48590

280, 50, 48806

280, 50, 48599

280, 50, 48848

280, 50, 49976

280, 50, 48844

280, 50, 48697

280, 60, 48960

280, 60, 48567

280, 60, 48521

280, 60, 48606

280, 60, 49354

280, 60, 48531

280, 60, 48728

280, 60, 48780

280, 60, 48472

280, 60, 48885

280, 60, 48878

280, 60, 50112

280, 60, 49811

280, 60, 49620

280, 60, 49261

280, 70, 49524

280, 70, 49286

280, 70, 49782

280, 70, 48496

280, 70, 49305

280, 70, 50107

280, 70, 49982

280, 70, 49519

280, 70, 49801

280, 70, 57455

280, 70, 48792

280, 70, 49430

280, 70, 49733

280, 70, 49080

280, 70, 49902

280, 80, 49432

280, 80, 49483

280, 80, 52022

280, 80, 52849

280, 80, 49545

280, 80, 49282

280, 80, 49107

280, 80, 48995

280, 80, 48490

280, 80, 58039

280, 80, 49264

280, 80, 49352

280, 80, 49258

280, 80, 50253

280, 80, 49401

280, 90, 54968

280, 90, 49118

280, 90, 49624

280, 90, 49471

280, 90, 48918

280, 90, 48940

280, 90, 49944

280, 90, 49048

280, 90, 48791

280, 90, 49538

280, 90, 49130

280, 90, 49274

280, 90, 49947

280, 90, 57181

280, 90, 48600

290, 0, 54305

290, 0, 53713

290, 0, 55060

290, 0, 53867

290, 0, 53456

290, 0, 53855

290, 0, 54371

290, 0, 54437

290, 0, 54550

290, 0, 65195

290, 0, 54573

290, 0, 54655

290, 0, 54944

290, 0, 55949

290, 0, 54639

290, 10, 54778

290, 10, 55786

290, 10, 54269

290, 10, 54703

290, 10, 55357

290, 10, 55312

290, 10, 67787

290, 10, 58205

290, 10, 54210

290, 10, 54590

290, 10, 54598

290, 10, 54480

290, 10, 54104

290, 10, 53690

290, 10, 53943

290, 20, 54403

290, 20, 56867

290, 20, 53654

290, 20, 54423

290, 20, 54605

290, 20, 54916

290, 20, 55710

290, 20, 54770

290, 20, 55305

290, 20, 55234

290, 20, 54764

290, 20, 54438

290, 20, 53988

290, 20, 55231

290, 20, 63122

290, 30, 54456

290, 30, 54251

290, 30, 53907

290, 30, 54464

290, 30, 54276

290, 30, 54631

290, 30, 54396

290, 30, 56502

290, 30, 55956

290, 30, 56021

290, 30, 63137

290, 30, 54506

290, 30, 54601

290, 30, 55586

290, 30, 56747

290, 40, 54645

290, 40, 54925

290, 40, 54561

290, 40, 54334

290, 40, 55089

290, 40, 54569

290, 40, 55420

290, 40, 54399

290, 40, 56236

290, 40, 54748

290, 40, 54413

290, 40, 54226

290, 40, 53946

290, 40, 56094

290, 40, 55045

290, 50, 54750

290, 50, 54695

290, 50, 54498

290, 50, 55779

290, 50, 54332

290, 50, 54541

290, 50, 54745

290, 50, 54552

290, 50, 67648

290, 50, 55364

290, 50, 54678

290, 50, 54828

290, 50, 54788

290, 50, 54278

290, 50, 54985

290, 60, 60681

290, 60, 54724

290, 60, 54858

290, 60, 55885

290, 60, 55077

290, 60, 55291

290, 60, 56416

290, 60, 54596

290, 60, 54663

290, 60, 54956

290, 60, 55554

290, 60, 55912

290, 60, 55029

290, 60, 64998

290, 60, 59173

290, 70, 54505

290, 70, 63019

290, 70, 55488

290, 70, 56266

290, 70, 54634

290, 70, 54462

290, 70, 55055

290, 70, 54907

290, 70, 55777

290, 70, 55710

290, 70, 55172

290, 70, 69300

290, 70, 54673

290, 70, 55172

290, 70, 55475

290, 80, 61792

290, 80, 54156

290, 80, 55276

290, 80, 54901

290, 80, 55076

290, 80, 54520

290, 80, 54927

290, 80, 54780

290, 80, 55243

290, 80, 54579

290, 80, 54569

290, 80, 54777

290, 80, 54764

290, 80, 54450

290, 80, 55152

290, 90, 54685

290, 90, 55921

290, 90, 55188

290, 90, 54575

290, 90, 54968

290, 90, 55157

290, 90, 54499

290, 90, 54395

290, 90, 54148

290, 90, 53613

290, 90, 53706

290, 90, 53823

290, 90, 54177

290, 90, 53963

290, 90, 54186

300, 0, 75992

300, 0, 62410

300, 0, 60422

300, 0, 59625

300, 0, 59940

300, 0, 61102

300, 0, 61795

300, 0, 66313

300, 0, 66268

300, 0, 59951

300, 0, 59443

300, 0, 59653

300, 0, 59897

300, 0, 59914

300, 0, 59448

300, 10, 60039

300, 10, 59579

300, 10, 59428

300, 10, 60361

300, 10, 60093

300, 10, 59434

300, 10, 59358

300, 10, 59499

300, 10, 59672

300, 10, 60144

300, 10, 61469

300, 10, 61104

300, 10, 61390

300, 10, 60486

300, 10, 59553

300, 20, 59561

300, 20, 61585

300, 20, 60306

300, 20, 62725

300, 20, 61451

300, 20, 60834

300, 20, 61374

300, 20, 60798

300, 20, 61363

300, 20, 61027

300, 20, 61059

300, 20, 60664

300, 20, 61148

300, 20, 61289

300, 20, 61320

300, 30, 59681

300, 30, 62523

300, 30, 59391

300, 30, 59399

300, 30, 59224

300, 30, 59496

300, 30, 60289

300, 30, 59455

300, 30, 59668

300, 30, 61313

300, 30, 61021

300, 30, 61790

300, 30, 62201

300, 30, 61212

300, 30, 59569

300, 40, 60164

300, 40, 59712

300, 40, 59360

300, 40, 59687

300, 40, 59529

300, 40, 59433

300, 40, 59275

300, 40, 59404

300, 40, 60034

300, 40, 64103

300, 40, 60381

300, 40, 59337

300, 40, 59399

300, 40, 59279

300, 40, 58876

300, 50, 59409

300, 50, 59223

300, 50, 59839

300, 50, 59466

300, 50, 59519

300, 50, 59754

300, 50, 59444

300, 50, 59218

300, 50, 59996

300, 50, 59857

300, 50, 59323

300, 50, 59463

300, 50, 60079

300, 50, 59479

300, 50, 59293

300, 60, 59883

300, 60, 59149

300, 60, 59591

300, 60, 59437

300, 60, 59337

300, 60, 59733

300, 60, 59724

300, 60, 59920

300, 60, 59197

300, 60, 59634

300, 60, 60571

300, 60, 59403

300, 60, 59271

300, 60, 60505

300, 60, 60202

300, 70, 59817

300, 70, 59618

300, 70, 59590

300, 70, 59571

300, 70, 59860

300, 70, 59625

300, 70, 59406

300, 70, 59516

300, 70, 60045

300, 70, 59865

300, 70, 59232

300, 70, 60128

300, 70, 59679

300, 70, 59325

300, 70, 59059

300, 80, 60224

300, 80, 59833

300, 80, 59447

300, 80, 59245

300, 80, 59479

300, 80, 59555

300, 80, 59476

300, 80, 66432

300, 80, 59440

300, 80, 59244

300, 80, 59522

300, 80, 59523

300, 80, 59522

300, 80, 59444

300, 80, 59542

300, 90, 59955

300, 90, 59251

300, 90, 59831

300, 90, 59394

300, 90, 64835

300, 90, 59484

300, 90, 60045

300, 90, 59379

300, 90, 59328

300, 90, 59422

300, 90, 59146

300, 90, 59506

300, 90, 59251

300, 90, 59731

300, 90, 59320

310, 0, 66242

310, 0, 65346

310, 0, 65397

310, 0, 66007

310, 0, 64933

310, 0, 65286

310, 0, 65696

310, 0, 65430

310, 0, 65286

310, 0, 65332

310, 0, 65289

310, 0, 65391

310, 0, 65232

310, 0, 65207

310, 0, 65131

310, 10, 65870

310, 10, 65162

310, 10, 65048

310, 10, 65460

310, 10, 68564

310, 10, 66555

310, 10, 65235

310, 10, 65635

310, 10, 65308

310, 10, 67202

310, 10, 70370

310, 10, 65137

310, 10, 65400

310, 10, 65521

310, 10, 65511

310, 20, 66168

310, 20, 65153

310, 20, 68466

310, 20, 65202

310, 20, 65081

310, 20, 65506

310, 20, 65362

310, 20, 65401

310, 20, 70088

310, 20, 65127

310, 20, 65145

310, 20, 65123

310, 20, 65672

310, 20, 68990

310, 20, 65615

310, 30, 65560

310, 30, 65645

310, 30, 65273

310, 30, 65271

310, 30, 65330

310, 30, 65708

310, 30, 65254

310, 30, 65326

310, 30, 65441

310, 30, 65834

310, 30, 65447

310, 30, 65665

310, 30, 65183

310, 30, 65738

310, 30, 65554

310, 40, 65361

310, 40, 66818

310, 40, 65314

310, 40, 65246

310, 40, 65360

310, 40, 65254

310, 40, 65642

310, 40, 65974

310, 40, 65201

310, 40, 67284

310, 40, 65147

310, 40, 65545

310, 40, 65425

310, 40, 65177

310, 40, 65475

310, 50, 70549

310, 50, 64953

310, 50, 65258

310, 50, 65313

310, 50, 65403

310, 50, 65516

310, 50, 65424

310, 50, 65144

310, 50, 65118

310, 50, 65278

310, 50, 65080

310, 50, 65374

310, 50, 65319

310, 50, 65306

310, 50, 65461

310, 60, 65855

310, 60, 65456

310, 60, 65259

310, 60, 65495

310, 60, 65562

310, 60, 65460

310, 60, 65079

310, 60, 65395

310, 60, 65145

310, 60, 65055

310, 60, 65233

310, 60, 65085

310, 60, 64799

310, 60, 65109

310, 60, 65035

310, 70, 69903

310, 70, 65183

310, 70, 65843

310, 70, 65687

310, 70, 65124

310, 70, 65475

310, 70, 65483

310, 70, 65076

310, 70, 65408

310, 70, 65129

310, 70, 65389

310, 70, 65083

310, 70, 65172

310, 70, 65083

310, 70, 66390

310, 80, 67023

310, 80, 67300

310, 80, 65697

310, 80, 65427

310, 80, 65252

310, 80, 65181

310, 80, 65625

310, 80, 65374

310, 80, 65569

310, 80, 65370

310, 80, 65551

310, 80, 65265

310, 80, 65200

310, 80, 65501

310, 80, 65420

310, 90, 65791

310, 90, 65457

310, 90, 65397

310, 90, 65299

310, 90, 65866

310, 90, 65127

310, 90, 65522

310, 90, 65286

310, 90, 65529

310, 90, 65641

310, 90, 65187

310, 90, 65229

310, 90, 65402

310, 90, 64842

310, 90, 64927

320, 0, 72426

320, 0, 71950

320, 0, 71570

320, 0, 71712

320, 0, 72059

320, 0, 71736

320, 0, 71604

320, 0, 71591

320, 0, 71467

320, 0, 71354

320, 0, 71797

320, 0, 72102

320, 0, 71280

320, 0, 71454

320, 0, 71738

320, 10, 71922

320, 10, 71526

320, 10, 72126

320, 10, 71577

320, 10, 71851

320, 10, 71707

320, 10, 71461

320, 10, 71411

320, 10, 71161

320, 10, 71186

320, 10, 71441

320, 10, 71208

320, 10, 71677

320, 10, 71673

320, 10, 71214

320, 20, 71887

320, 20, 71741

320, 20, 71696

320, 20, 72031

320, 20, 71738

320, 20, 71561

320, 20, 71589

320, 20, 71601

320, 20, 71380

320, 20, 71814

320, 20, 71423

320, 20, 71319

320, 20, 71309

320, 20, 71852

320, 20, 71681

320, 30, 71716

320, 30, 71888

320, 30, 71801

320, 30, 71726

320, 30, 71638

320, 30, 71929

320, 30, 71375

320, 30, 71100

320, 30, 71508

320, 30, 71439

320, 30, 71818

320, 30, 71495

320, 30, 71583

320, 30, 71376

320, 30, 71405

320, 40, 72049

320, 40, 71472

320, 40, 70904

320, 40, 71085

320, 40, 71112

320, 40, 71227

320, 40, 71347

320, 40, 71385

320, 40, 71166

320, 40, 71150

320, 40, 71627

320, 40, 71180

320, 40, 71298

320, 40, 71650

320, 40, 71650

320, 50, 71971

320, 50, 71678

320, 50, 71715

320, 50, 72044

320, 50, 71580

320, 50, 71583

320, 50, 71829

320, 50, 71328

320, 50, 71810

320, 50, 71860

320, 50, 71662

320, 50, 71636

320, 50, 71859

320, 50, 71707

320, 50, 71612

320, 60, 72237

320, 60, 72397

320, 60, 71516

320, 60, 71327

320, 60, 71371

320, 60, 71475

320, 60, 71375

320, 60, 71291

320, 60, 71448

320, 60, 71388

320, 60, 71565

320, 60, 71478

320, 60, 71789

320, 60, 71451

320, 60, 71135

320, 70, 71970

320, 70, 71382

320, 70, 71332

320, 70, 71561

320, 70, 72864

320, 70, 73526

320, 70, 71604

320, 70, 71536

320, 70, 71590

320, 70, 71769

320, 70, 71995

320, 70, 71891

320, 70, 71775

320, 70, 72374

320, 70, 71685

320, 80, 72163

320, 80, 71939

320, 80, 71365

320, 80, 71327

320, 80, 71548

320, 80, 71212

320, 80, 83261

320, 80, 71264

320, 80, 71402

320, 80, 71633

320, 80, 71599

320, 80, 71789

320, 80, 71762

320, 80, 71724

320, 80, 71520

320, 90, 71634

320, 90, 71481

320, 90, 72017

320, 90, 71285

320, 90, 71358

320, 90, 71382

320, 90, 71570

320, 90, 71305

320, 90, 71355

320, 90, 71609

320, 90, 71698

320, 90, 71693

320, 90, 71874

320, 90, 71585

320, 90, 71481

330, 0, 78883

330, 0, 78127

330, 0, 78333

330, 0, 77921

330, 0, 78257

330, 0, 78354

330, 0, 78339

330, 0, 78291

330, 0, 77841

330, 0, 79757

330, 0, 78060

330, 0, 78184

330, 0, 78160

330, 0, 78467

330, 0, 78398

330, 10, 78646

330, 10, 78237

330, 10, 78446

330, 10, 78207

330, 10, 78316

330, 10, 78839

330, 10, 78921

330, 10, 78070

330, 10, 78421

330, 10, 78158

330, 10, 78471

330, 10, 78504

330, 10, 78080

330, 10, 78011

330, 10, 79597

330, 20, 78902

330, 20, 78138

330, 20, 77972

330, 20, 78149

330, 20, 78306

330, 20, 77832

330, 20, 77966

330, 20, 78300

330, 20, 78023

330, 20, 78270

330, 20, 78088

330, 20, 78290

330, 20, 78333

330, 20, 79118

330, 20, 78112

330, 30, 78843

330, 30, 78231

330, 30, 78438

330, 30, 78093

330, 30, 79464

330, 30, 78591

330, 30, 78367

330, 30, 78437

330, 30, 78034

330, 30, 78418

330, 30, 78864

330, 30, 90945

330, 30, 78309

330, 30, 77938

330, 30, 77991

330, 40, 78505

330, 40, 78352

330, 40, 78022

330, 40, 78140

330, 40, 78772

330, 40, 77947

330, 40, 78826

330, 40, 78792

330, 40, 78517

330, 40, 78548

330, 40, 78260

330, 40, 78470

330, 40, 78192

330, 40, 78487

330, 40, 78319

330, 50, 78943

330, 50, 78264

330, 50, 78205

330, 50, 78157

330, 50, 78183

330, 50, 78027

330, 50, 78302

330, 50, 77942

330, 50, 78314

330, 50, 78174

330, 50, 78220

330, 50, 78287

330, 50, 78194

330, 50, 78529

330, 50, 78489

330, 60, 78725

330, 60, 78070

330, 60, 78332

330, 60, 78175

330, 60, 78241

330, 60, 78219

330, 60, 78253

330, 60, 78301

330, 60, 78105

330, 60, 78203

330, 60, 78083

330, 60, 77995

330, 60, 78591

330, 60, 78967

330, 60, 78276

330, 70, 80435

330, 70, 77552

330, 70, 77893

330, 70, 78335

330, 70, 78325

330, 70, 78359

330, 70, 78565

330, 70, 78346

330, 70, 78168

330, 70, 78072

330, 70, 77988

330, 70, 78273

330, 70, 78372

330, 70, 78479

330, 70, 78469

330, 80, 78873

330, 80, 78040

330, 80, 78150

330, 80, 78221

330, 80, 78172

330, 80, 78439

330, 80, 78288

330, 80, 78295

330, 80, 78596

330, 80, 78064

330, 80, 78272

330, 80, 78187

330, 80, 78331

330, 80, 78187

330, 80, 77824

330, 90, 79153

330, 90, 79106

330, 90, 78656

330, 90, 78005

330, 90, 81828

330, 90, 78319

330, 90, 79486

330, 90, 78527

330, 90, 78421

330, 90, 78107

330, 90, 79508

330, 90, 78634

330, 90, 78200

330, 90, 78446

330, 90, 78427

340, 0, 87353

340, 0, 85120

340, 0, 85116

340, 0, 84855

340, 0, 85247

340, 0, 85028

340, 0, 85558

340, 0, 85630

340, 0, 85560

340, 0, 84999

340, 0, 84683

340, 0, 85099

340, 0, 85637

340, 0, 85659

340, 0, 85404

340, 10, 86270

340, 10, 85483

340, 10, 85357

340, 10, 85206

340, 10, 84889

340, 10, 85615

340, 10, 84787

340, 10, 85184

340, 10, 85415

340, 10, 88739

340, 10, 85378

340, 10, 85118

340, 10, 84856

340, 10, 85070

340, 10, 85199

340, 20, 85524

340, 20, 85210

340, 20, 87685

340, 20, 85491

340, 20, 85177

340, 20, 85067

340, 20, 85496

340, 20, 85189

340, 20, 85342

340, 20, 85796

340, 20, 85597

340, 20, 85201

340, 20, 85437

340, 20, 85478

340, 20, 85220

340, 30, 85680

340, 30, 86321

340, 30, 88653

340, 30, 86134

340, 30, 85223

340, 30, 85913

340, 30, 85459

340, 30, 85064

340, 30, 84896

340, 30, 85303

340, 30, 84890

340, 30, 84807

340, 30, 85404

340, 30, 85041

340, 30, 85729

340, 40, 85760

340, 40, 85082

340, 40, 85088

340, 40, 84825

340, 40, 84935

340, 40, 84808

340, 40, 85104

340, 40, 85511

340, 40, 85338

340, 40, 85064

340, 40, 85063

340, 40, 85018

340, 40, 85380

340, 40, 85337

340, 40, 85158

340, 50, 85555

340, 50, 85718

340, 50, 85557

340, 50, 85396

340, 50, 85252

340, 50, 85350

340, 50, 85101

340, 50, 85624

340, 50, 85261

340, 50, 85254

340, 50, 85344

340, 50, 84582

340, 50, 85043

340, 50, 85618

340, 50, 85484

340, 60, 86291

340, 60, 85373

340, 60, 85284

340, 60, 85073

340, 60, 85480

340, 60, 85272

340, 60, 85818

340, 60, 85322

340, 60, 85622

340, 60, 85448

340, 60, 85189

340, 60, 85143

340, 60, 85118

340, 60, 86024

340, 60, 85283

340, 70, 86791

340, 70, 86889

340, 70, 84972

340, 70, 85075

340, 70, 85512

340, 70, 85020

340, 70, 85677

340, 70, 85382

340, 70, 85534

340, 70, 85175

340, 70, 85489

340, 70, 85339

340, 70, 85229

340, 70, 85306

340, 70, 84977

340, 80, 85758

340, 80, 85543

340, 80, 85819

340, 80, 85450

340, 80, 85581

340, 80, 85368

340, 80, 85289

340, 80, 85061

340, 80, 85449

340, 80, 85250

340, 80, 84993

340, 80, 85539

340, 80, 85692

340, 80, 85501

340, 80, 85344

340, 90, 85892

340, 90, 85721

340, 90, 84944

340, 90, 85305

340, 90, 85198

340, 90, 85373

340, 90, 85432

340, 90, 85436

340, 90, 85519

340, 90, 85303

340, 90, 84962

340, 90, 85636

340, 90, 85198

340, 90, 85431

340, 90, 85028

350, 0, 93437

350, 0, 92803

350, 0, 92524

350, 0, 92888

350, 0, 93168

350, 0, 93165

350, 0, 92876

350, 0, 92631

350, 0, 92667

350, 0, 92768

350, 0, 92775

350, 0, 92489

350, 0, 92971

350, 0, 92645

350, 0, 92463

350, 10, 93395

350, 10, 93170

350, 10, 92849

350, 10, 92746

350, 10, 92844

350, 10, 92536

350, 10, 92661

350, 10, 92770

350, 10, 92848

350, 10, 92682

350, 10, 92620

350, 10, 93006

350, 10, 92973

350, 10, 93002

350, 10, 92635

350, 20, 94011

350, 20, 93557

350, 20, 92559

350, 20, 92875

350, 20, 93031

350, 20, 93454

350, 20, 93281

350, 20, 93619

350, 20, 93256

350, 20, 92835

350, 20, 93015

350, 20, 93275

350, 20, 92675

350, 20, 93330

350, 20, 92707

350, 30, 93431

350, 30, 93359

350, 30, 93020

350, 30, 93175

350, 30, 92872

350, 30, 93315

350, 30, 92710

350, 30, 92224

350, 30, 92542

350, 30, 92785

350, 30, 92242

350, 30, 92239

350, 30, 92536

350, 30, 92699

350, 30, 92872

350, 40, 92667

350, 40, 92787

350, 40, 93108

350, 40, 92804

350, 40, 92682

350, 40, 92694

350, 40, 92701

350, 40, 92807

350, 40, 92917

350, 40, 95975

350, 40, 92549

350, 40, 92831

350, 40, 92410

350, 40, 92677

350, 40, 92486

350, 50, 93591

350, 50, 92521

350, 50, 92666

350, 50, 93034

350, 50, 93124

350, 50, 93092

350, 50, 92878

350, 50, 93059

350, 50, 92972

350, 50, 92986

350, 50, 93006

350, 50, 92697

350, 50, 92330

350, 50, 92819

350, 50, 92724

350, 60, 93330

350, 60, 92887

350, 60, 92317

350, 60, 92978

350, 60, 93234

350, 60, 92918

350, 60, 92986

350, 60, 92709

350, 60, 92654

350, 60, 92494

350, 60, 92557

350, 60, 93157

350, 60, 92746

350, 60, 92849

350, 60, 92494

350, 70, 93275

350, 70, 92616

350, 70, 92853

350, 70, 92602

350, 70, 93352

350, 70, 93042

350, 70, 93275

350, 70, 92413

350, 70, 92703

350, 70, 92820

350, 70, 93000

350, 70, 92534

350, 70, 93012

350, 70, 92786

350, 70, 93078

350, 80, 93350

350, 80, 92605

350, 80, 92997

350, 80, 92799

350, 80, 92347

350, 80, 92906

350, 80, 93119

350, 80, 93286

350, 80, 93121

350, 80, 92786

350, 80, 93125

350, 80, 92791

350, 80, 92441

350, 80, 92417

350, 80, 93007

350, 90, 93057

350, 90, 93097

350, 90, 92870

350, 90, 92731

350, 90, 92684

350, 90, 92486

350, 90, 92762

350, 90, 93038

350, 90, 92613

350, 90, 93155

350, 90, 92636

350, 90, 92517

350, 90, 92549

350, 90, 93000

350, 90, 94370

360, 0, 100948

360, 0, 100407

360, 0, 100852

360, 0, 100898

360, 0, 100278

360, 0, 100498

360, 0, 100496

360, 0, 101143

360, 0, 101024

360, 0, 100689

360, 0, 100495

360, 0, 101015

360, 0, 100910

360, 0, 100440

360, 0, 100970

360, 10, 101204

360, 10, 100993

360, 10, 100536

360, 10, 100939

360, 10, 100715

360, 10, 100473

360, 10, 100542

360, 10, 100641

360, 10, 100827

360, 10, 100713

360, 10, 100825

360, 10, 100492

360, 10, 100602

360, 10, 101002

360, 10, 100611

360, 20, 101377

360, 20, 101097

360, 20, 100857

360, 20, 100382

360, 20, 100649

360, 20, 100864

360, 20, 100931

360, 20, 100757

360, 20, 100853

360, 20, 100540

360, 20, 100785

360, 20, 100577

360, 20, 100077

360, 20, 100233

360, 20, 100483

360, 30, 101225

360, 30, 100647

360, 30, 100240

360, 30, 100168

360, 30, 100234

360, 30, 100488

360, 30, 100115

360, 30, 100199

360, 30, 100992

360, 30, 100298

360, 30, 100818

360, 30, 100426

360, 30, 100867

360, 30, 100589

360, 30, 100335

360, 40, 101853

360, 40, 100625

360, 40, 100794

360, 40, 100942

360, 40, 100753

360, 40, 100379

360, 40, 100749

360, 40, 100537

360, 40, 100808

360, 40, 100586

360, 40, 100615

360, 40, 101109

360, 40, 100951

360, 40, 100340

360, 40, 100730

360, 50, 101445

360, 50, 100657

360, 50, 100700

360, 50, 100576

360, 50, 100641

360, 50, 99971

360, 50, 100402

360, 50, 100553

360, 50, 100493

360, 50, 100854

360, 50, 100700

360, 50, 100944

360, 50, 100493

360, 50, 100557

360, 50, 100828

360, 60, 103293

360, 60, 100903

360, 60, 100031

360, 60, 100553

360, 60, 100261

360, 60, 100772

360, 60, 101214

360, 60, 100233

360, 60, 100973

360, 60, 100349

360, 60, 100707

360, 60, 100674

360, 60, 101088

360, 60, 100105

360, 60, 100454

360, 70, 101506

360, 70, 101024

360, 70, 100610

360, 70, 100992

360, 70, 100520

360, 70, 100430

360, 70, 100799

360, 70, 101363

360, 70, 101523

360, 70, 100884

360, 70, 100873

360, 70, 100156

360, 70, 102108

360, 70, 101174

360, 70, 100706

360, 80, 100906

360, 80, 100602

360, 80, 101306

360, 80, 100514

360, 80, 100440

360, 80, 100400

360, 80, 100840

360, 80, 100762

360, 80, 100476

360, 80, 100557

360, 80, 100534

360, 80, 100307

360, 80, 100703

360, 80, 100273

360, 80, 100596

360, 90, 101190

360, 90, 100658

360, 90, 101035

360, 90, 101162

360, 90, 100882

360, 90, 100869

360, 90, 100524

360, 90, 100514

360, 90, 100576

360, 90, 100379

360, 90, 100901

360, 90, 100867

360, 90, 101252

360, 90, 99966

360, 90, 100290

370, 0, 109321

370, 0, 109470

370, 0, 108893

370, 0, 109425

370, 0, 109019

370, 0, 108932

370, 0, 109308

370, 0, 108972

370, 0, 109124

370, 0, 109180

370, 0, 109035

370, 0, 109114

370, 0, 108781

370, 0, 108927

370, 0, 109136

370, 10, 110249

370, 10, 109019

370, 10, 108774

370, 10, 109063

370, 10, 109437

370, 10, 108953

370, 10, 109391

370, 10, 109082

370, 10, 108953

370, 10, 109282

370, 10, 109278

370, 10, 108981

370, 10, 108846

370, 10, 109004

370, 10, 109117

370, 20, 110122

370, 20, 108360

370, 20, 111959

370, 20, 109433

370, 20, 109346

370, 20, 108948

370, 20, 108962

370, 20, 108711

370, 20, 109070

370, 20, 109091

370, 20, 108688

370, 20, 109435

370, 20, 109057

370, 20, 112087

370, 20, 108679

370, 30, 109252

370, 30, 109255

370, 30, 108884

370, 30, 109208

370, 30, 109140

370, 30, 109263

370, 30, 108860

370, 30, 108744

370, 30, 108905

370, 30, 109245

370, 30, 109264

370, 30, 109458

370, 30, 109686

370, 30, 108880

370, 30, 108897

370, 40, 109612

370, 40, 109213

370, 40, 108551

370, 40, 113664

370, 40, 108886

370, 40, 108788

370, 40, 108679

370, 40, 108740

370, 40, 108964

370, 40, 109688

370, 40, 109411

370, 40, 109272

370, 40, 109086

370, 40, 108778

370, 40, 108729

370, 50, 109472

370, 50, 109131

370, 50, 110645

370, 50, 109608

370, 50, 109490

370, 50, 109054

370, 50, 108416

370, 50, 109121

370, 50, 109146

370, 50, 109535

370, 50, 109053

370, 50, 108993

370, 50, 109129

370, 50, 109377

370, 50, 109710

370, 60, 109938

370, 60, 109507

370, 60, 109532

370, 60, 109052

370, 60, 109218

370, 60, 108869

370, 60, 108996

370, 60, 109137

370, 60, 109885

370, 60, 113155

370, 60, 109221

370, 60, 109358

370, 60, 109093

370, 60, 111573

370, 60, 109183

370, 70, 109999

370, 70, 109744

370, 70, 109327

370, 70, 109088

370, 70, 110762

370, 70, 109489

370, 70, 109200

370, 70, 109839

370, 70, 113938

370, 70, 108980

370, 70, 108450

370, 70, 109079

370, 70, 109182

370, 70, 108554

370, 70, 108633

370, 80, 109678

370, 80, 108754

370, 80, 108861

370, 80, 108964

370, 80, 109079

370, 80, 109245

370, 80, 108746

370, 80, 109788

370, 80, 108937

370, 80, 109076

370, 80, 108972

370, 80, 109185

370, 80, 109218

370, 80, 109863

370, 80, 109094

370, 90, 109957

370, 90, 108935

370, 90, 108351

370, 90, 108917

370, 90, 108783

370, 90, 108913

370, 90, 108664

370, 90, 108721

370, 90, 108578

370, 90, 108488

370, 90, 108744

370, 90, 109064

370, 90, 109246

370, 90, 109065

370, 90, 108951

380, 0, 117945

380, 0, 117947

380, 0, 117444

380, 0, 118472

380, 0, 117989

380, 0, 117991

380, 0, 117858

380, 0, 117818

380, 0, 117500

380, 0, 117839

380, 0, 118642

380, 0, 118188

380, 0, 117834

380, 0, 117866

380, 0, 117860

380, 10, 118422

380, 10, 118468

380, 10, 118117

380, 10, 118709

380, 10, 117439

380, 10, 117769

380, 10, 117704

380, 10, 117802

380, 10, 118784

380, 10, 117423

380, 10, 118267

380, 10, 117718

380, 10, 117825

380, 10, 117670

380, 10, 117261

380, 20, 119171

380, 20, 117858

380, 20, 118119

380, 20, 118107

380, 20, 117796

380, 20, 117589

380, 20, 118141

380, 20, 118014

380, 20, 120511

380, 20, 117820

380, 20, 117752

380, 20, 117574

380, 20, 117306

380, 20, 118601

380, 20, 118145

380, 30, 118249

380, 30, 117654

380, 30, 117624

380, 30, 117909

380, 30, 117563

380, 30, 118628

380, 30, 118655

380, 30, 118455

380, 30, 117545

380, 30, 117685

380, 30, 117722

380, 30, 118660

380, 30, 117371

380, 30, 117568

380, 30, 117589

380, 40, 118417

380, 40, 117783

380, 40, 118060

380, 40, 117080

380, 40, 117754

380, 40, 119832

380, 40, 117463

380, 40, 117522

380, 40, 117618

380, 40, 118695

380, 40, 117765

380, 40, 118110

380, 40, 117930

380, 40, 118424

380, 40, 117875

380, 50, 118934

380, 50, 117845

380, 50, 117614

380, 50, 120230

380, 50, 117976

380, 50, 118065

380, 50, 117812

380, 50, 118622

380, 50, 117963

380, 50, 117412

380, 50, 118571

380, 50, 117866

380, 50, 118308

380, 50, 117519

380, 50, 118762

380, 60, 118377

380, 60, 120931

380, 60, 117695

380, 60, 117472

380, 60, 117000

380, 60, 117572

380, 60, 118112

380, 60, 117777

380, 60, 117828

380, 60, 117656

380, 60, 117766

380, 60, 117911

380, 60, 118245

380, 60, 117092

380, 60, 117873

380, 70, 119700

380, 70, 117602

380, 70, 117699

380, 70, 118676

380, 70, 117781

380, 70, 118134

380, 70, 118465

380, 70, 118133

380, 70, 117969

380, 70, 117516

380, 70, 118502

380, 70, 117665

380, 70, 117746

380, 70, 118328

380, 70, 118172

380, 80, 118644

380, 80, 118108

380, 80, 117945

380, 80, 117809

380, 80, 118230

380, 80, 118281

380, 80, 117674

380, 80, 117982

380, 80, 117853

380, 80, 117840

380, 80, 118152

380, 80, 118720

380, 80, 117810

380, 80, 117847

380, 80, 118010

380, 90, 117875

380, 90, 117807

380, 90, 117900

380, 90, 117520

380, 90, 117852

380, 90, 118090

380, 90, 117754

380, 90, 117714

380, 90, 117839

380, 90, 118295

380, 90, 117560

380, 90, 117297

380, 90, 117494

380, 90, 117583

380, 90, 118098

390, 0, 127038

390, 0, 126789

390, 0, 127618

390, 0, 127634

390, 0, 127422

390, 0, 127298

390, 0, 127457

390, 0, 127240

390, 0, 127107

390, 0, 126911

390, 0, 126776

390, 0, 126866

390, 0, 126764

390, 0, 127259

390, 0, 126941

390, 10, 127596

390, 10, 127281

390, 10, 127003

390, 10, 127151

390, 10, 127599

390, 10, 127448

390, 10, 127165

390, 10, 127674

390, 10, 127645

390, 10, 127225

390, 10, 127008

390, 10, 127137

390, 10, 127661

390, 10, 127766

390, 10, 127167

390, 20, 128066

390, 20, 127405

390, 20, 126716

390, 20, 127417

390, 20, 127510

390, 20, 127096

390, 20, 127465

390, 20, 129082

390, 20, 127455

390, 20, 127222

390, 20, 127022

390, 20, 127094

390, 20, 127541

390, 20, 126952

390, 20, 127613

390, 30, 127298

390, 30, 126517

390, 30, 127138

390, 30, 127613

390, 30, 126862

390, 30, 126994

390, 30, 127323

390, 30, 127166

390, 30, 127409

390, 30, 127381

390, 30, 127935

390, 30, 127394

390, 30, 127096

390, 30, 127590

390, 30, 127728

390, 40, 127504

390, 40, 127808

390, 40, 128175

390, 40, 127883

390, 40, 127325

390, 40, 127894

390, 40, 127306

390, 40, 126645

390, 40, 127180

390, 40, 127263

390, 40, 127576

390, 40, 127480

390, 40, 127173

390, 40, 128993

390, 40, 127015

390, 50, 127819

390, 50, 127642

390, 50, 127427

390, 50, 127382

390, 50, 127382

390, 50, 126989

390, 50, 126984

390, 50, 127076

390, 50, 127038

390, 50, 127332

390, 50, 127611

390, 50, 126836

390, 50, 127104

390, 50, 127224

390, 50, 127521

390, 60, 127897

390, 60, 127614

390, 60, 127360

390, 60, 127236

390, 60, 127227

390, 60, 126575

390, 60, 128954

390, 60, 127048

390, 60, 126607

390, 60, 126362

390, 60, 130688

390, 60, 127078

390, 60, 126809

390, 60, 126701

390, 60, 127228

390, 70, 127693

390, 70, 126946

390, 70, 127067

390, 70, 127324

390, 70, 126541

390, 70, 127419

390, 70, 127388

390, 70, 127883

390, 70, 127070

390, 70, 127327

390, 70, 126997

390, 70, 127862

390, 70, 127101

390, 70, 126544

390, 70, 127878

390, 80, 127560

390, 80, 127275

390, 80, 126983

390, 80, 126646

390, 80, 126934

390, 80, 127557

390, 80, 127087

390, 80, 127258

390, 80, 127336

390, 80, 127529

390, 80, 127210

390, 80, 127801

390, 80, 126827

390, 80, 127277

390, 80, 126711

390, 90, 127117

390, 90, 126617

390, 90, 127338

390, 90, 127309

390, 90, 127710

390, 90, 126894

390, 90, 127036

390, 90, 127246

390, 90, 127524

390, 90, 129145

390, 90, 126927

390, 90, 127550

390, 90, 127281

390, 90, 126857

390, 90, 127006

