paradas, gimnasios, mochila, amplitud, promedio de tiempo, desviaci√≥n estandar de tiempo 
1, 0, 0, 0, 5.26666666667, 1.18133634311
1, 0, 0, 1, 4.06666666667, 0.99777530314
1, 0, 0, 2, 3.8, 1.37598449604
1, 0, 0, 3, 4.2, 2.00665559244
1, 0, 0, 4, 5.26666666667, 1.06249183003
1, 0, 1, 0, 4.46666666667, 1.78387842137
1, 0, 1, 1, 5.46666666667, 1.30979218029
1, 0, 1, 2, 4.93333333333, 1.23648246607
1, 0, 1, 3, 4.6, 1.1430952133
1, 0, 1, 4, 5.0, 1.67332005307
1, 0, 2, 0, 5.06666666667, 1.28927197372
1, 0, 2, 1, 5.53333333333, 0.95684667296
1, 0, 2, 2, 3.46666666667, 1.54344492037
1, 0, 2, 3, 3.93333333333, 1.38884444373
1, 0, 2, 4, 4.73333333333, 1.38884444373
1, 0, 3, 0, 5.2, 1.04562580942
1, 0, 3, 1, 3.66666666667, 2.05480466766
1, 0, 3, 2, 5.4, 1.01980390272
1, 0, 3, 3, 5.0, 1.46059348668
1, 0, 3, 4, 4.4, 1.74355957742
1, 0, 4, 0, 3.46666666667, 1.78387842137
1, 0, 4, 1, 4.73333333333, 1.56914697279
1, 0, 4, 2, 5.0, 1.09544511501
1, 0, 4, 3, 3.53333333333, 1.92757763931
1, 0, 4, 4, 5.26666666667, 1.43604394857
1, 0, 5, 0, 5.0, 1.50554530542
1, 0, 5, 1, 4.8, 2.25684145064
1, 0, 5, 2, 6.0, 2.19089023002
1, 0, 5, 3, 7.13333333333, 1.74610678049
1, 0, 5, 4, 4.93333333333, 1.06249183003
1, 0, 6, 0, 5.53333333333, 1.35973853696
1, 0, 6, 1, 4.8, 1.86904610252
1, 0, 6, 2, 4.73333333333, 2.32283351869
1, 0, 6, 3, 6.6, 1.62480768093
1, 0, 6, 4, 4.26666666667, 1.73076733143
1, 0, 7, 0, 3.93333333333, 1.33998341615
1, 0, 7, 1, 3.73333333333, 1.73076733143
1, 0, 7, 2, 5.13333333333, 0.95684667296
1, 0, 7, 3, 5.0, 2.98886823619
1, 0, 7, 4, 3.73333333333, 1.69181033873
1, 0, 8, 0, 4.2, 1.86904610252
1, 0, 8, 1, 3.73333333333, 1.56914697279
1, 0, 8, 2, 3.86666666667, 1.66799946709
1, 0, 8, 3, 4.8, 1.6
1, 0, 8, 4, 4.66666666667, 2.41292814278
1, 0, 9, 0, 4.33333333333, 1.01105005921
1, 0, 9, 1, 6.73333333333, 1.12348663642
1, 0, 9, 2, 5.2, 1.93907194297
1, 0, 9, 3, 5.13333333333, 2.41844761963
1, 0, 9, 4, 5.6, 2.82370914461
2, 0, 0, 0, 4.46666666667, 2.77768888747
2, 0, 0, 1, 4.73333333333, 1.5260697523
2, 0, 0, 2, 4.6, 1.95959179423
2, 0, 0, 3, 4.4, 1.92527054376
2, 0, 0, 4, 4.33333333333, 1.29957257931
2, 0, 1, 0, 5.13333333333, 2.09337579575
2, 0, 1, 1, 5.06666666667, 1.61107279648
2, 0, 1, 2, 4.33333333333, 1.61932770687
2, 0, 1, 3, 4.4, 1.62480768093
2, 0, 1, 4, 3.26666666667, 1.33998341615
2, 0, 2, 0, 5.46666666667, 1.25786415094
2, 0, 2, 1, 5.4, 1.08320512062
2, 0, 2, 2, 5.6, 1.25432584815
2, 0, 2, 3, 5.33333333333, 1.39841179756
2, 0, 2, 4, 5.33333333333, 1.192569588
2, 0, 3, 0, 4.4, 1.45143607047
2, 0, 3, 1, 6.93333333333, 3.0433899228
2, 0, 3, 2, 4.73333333333, 1.61107279648
2, 0, 3, 3, 4.2, 1.64113781668
2, 0, 3, 4, 6.6, 1.92527054376
2, 0, 4, 0, 7.2, 1.32664991614
2, 0, 4, 1, 2.93333333333, 1.56914697279
2, 0, 4, 2, 4.4, 1.58324561161
2, 0, 4, 3, 3.33333333333, 1.44529889258
2, 0, 4, 4, 5.8, 1.93907194297
2, 0, 5, 0, 5.8, 1.37598449604
2, 0, 5, 1, 5.4, 1.78138522878
2, 0, 5, 2, 3.2, 1.72046505341
2, 0, 5, 3, 6.26666666667, 1.76886655486
2, 0, 5, 4, 6.06666666667, 1.84270332814
2, 0, 6, 0, 6.4, 1.99332218503
2, 0, 6, 1, 6.0, 1.15470053838
2, 0, 6, 2, 7.6, 1.95959179423
2, 0, 6, 3, 4.33333333333, 1.44529889258
2, 0, 6, 4, 4.6, 1.78138522878
2, 0, 7, 0, 7.0, 1.50554530542
2, 0, 7, 1, 5.33333333333, 2.086996779
2, 0, 7, 2, 4.46666666667, 2.09337579575
2, 0, 7, 3, 6.6, 2.24499443206
2, 0, 7, 4, 3.73333333333, 2.01549552771
2, 0, 8, 0, 6.13333333333, 2.15612821717
2, 0, 8, 1, 5.33333333333, 1.34989711542
2, 0, 8, 2, 5.93333333333, 1.69181033873
2, 0, 8, 3, 6.13333333333, 2.80158685193
2, 0, 8, 4, 6.93333333333, 2.79205221218
2, 0, 9, 0, 7.46666666667, 1.58605030045
2, 0, 9, 1, 4.66666666667, 2.11869981094
2, 0, 9, 2, 4.26666666667, 1.73076733143
2, 0, 9, 3, 8.06666666667, 1.98214249964
2, 0, 9, 4, 6.6, 2.36079082795
2, 1, 0, 0, 6.8, 2.34378611083
2, 1, 0, 1, 5.33333333333, 2.79682359512
2, 1, 0, 2, 6.93333333333, 1.87853370715
2, 1, 0, 3, 7.33333333333, 2.46756740311
2, 1, 0, 4, 5.13333333333, 2.62974438978
2, 1, 1, 0, 5.26666666667, 2.14372469211
2, 1, 1, 1, 5.93333333333, 2.26470503353
2, 1, 1, 2, 4.2, 2.4
2, 1, 1, 3, 5.33333333333, 2.41292814278
2, 1, 1, 4, 7.53333333333, 2.02868320729
2, 1, 2, 0, 6.4, 6.67133170114
2, 1, 2, 1, 8.26666666667, 2.59401019445
2, 1, 2, 2, 6.33333333333, 2.21108319357
2, 1, 2, 3, 5.2, 2.4
2, 1, 2, 4, 5.26666666667, 2.61958436059
2, 1, 3, 0, 8.0, 1.59164485151
2, 1, 3, 1, 7.73333333333, 2.23507394857
2, 1, 3, 2, 9.0, 2.12916258969
2, 1, 3, 3, 7.53333333333, 2.44585817705
2, 1, 3, 4, 6.73333333333, 1.12348663642
2, 1, 4, 0, 8.46666666667, 2.62974438978
2, 1, 4, 1, 8.6, 3.49857113691
2, 1, 4, 2, 9.13333333333, 3.42279937413
2, 1, 4, 3, 6.6, 2.49799919936
2, 1, 4, 4, 4.53333333333, 2.36267268622
2, 1, 5, 0, 7.26666666667, 2.11239726903
2, 1, 5, 1, 7.93333333333, 1.91369334592
2, 1, 5, 2, 7.0, 1.31656117721
2, 1, 5, 3, 8.0, 1.8973665961
2, 1, 5, 4, 6.4, 3.77359245282
2, 1, 6, 0, 7.26666666667, 3.62338086445
2, 1, 6, 1, 8.13333333333, 1.49962958389
2, 1, 6, 2, 9.26666666667, 1.98214249964
2, 1, 6, 3, 7.33333333333, 2.02210011841
2, 1, 6, 4, 7.13333333333, 2.52630604287
2, 1, 7, 0, 3.93333333333, 1.28927197372
2, 1, 7, 1, 6.2, 3.12409987036
2, 1, 7, 2, 7.66666666667, 3.06956384886
2, 1, 7, 3, 8.66666666667, 3.35989417823
2, 1, 7, 4, 8.06666666667, 3.33599893419
2, 1, 8, 0, 6.6, 1.74355957742
2, 1, 8, 1, 7.6, 1.8547236991
2, 1, 8, 2, 9.0, 0.632455532034
2, 1, 8, 3, 4.06666666667, 1.91369334592
2, 1, 8, 4, 7.86666666667, 3.15946549629
2, 1, 9, 0, 5.13333333333, 1.8208667045
2, 1, 9, 1, 7.73333333333, 1.28927197372
2, 1, 9, 2, 6.06666666667, 1.76886655486
2, 1, 9, 3, 4.26666666667, 1.91369334592
2, 1, 9, 4, 9.0, 2.03306009093
3, 0, 0, 0, 5.33333333333, 1.39841179756
3, 0, 0, 1, 4.2, 1.16619037897
3, 0, 0, 2, 4.93333333333, 0.99777530314
3, 0, 0, 3, 2.4, 1.08320512062
3, 0, 0, 4, 5.33333333333, 1.61932770687
3, 0, 1, 0, 3.6, 2.09125161885
3, 0, 1, 1, 5.0, 1.8973665961
3, 0, 1, 2, 4.06666666667, 1.91369334592
3, 0, 1, 3, 4.6, 1.8547236991
3, 0, 1, 4, 4.26666666667, 1.33998341615
3, 0, 2, 0, 4.2, 1.51437555888
3, 0, 2, 1, 5.86666666667, 2.52630604287
3, 0, 2, 2, 5.8, 2.37205958329
3, 0, 2, 3, 5.13333333333, 1.58605030045
3, 0, 2, 4, 5.6, 1.62480768093
3, 0, 3, 0, 5.26666666667, 2.01549552771
3, 0, 3, 1, 4.33333333333, 1.192569588
3, 0, 3, 2, 5.33333333333, 1.1352924244
3, 0, 3, 3, 4.86666666667, 2.15612821717
3, 0, 3, 4, 5.4, 3.99666527662
3, 0, 4, 0, 8.0, 2.09761769634
3, 0, 4, 1, 5.33333333333, 1.95505043982
3, 0, 4, 2, 4.2, 2.16641024124
3, 0, 4, 3, 5.2, 2.22710574513
3, 0, 4, 4, 6.4, 1.35646599663
3, 0, 5, 0, 6.0, 2.42212028328
3, 0, 5, 1, 6.06666666667, 1.87853370715
3, 0, 5, 2, 5.33333333333, 2.21108319357
3, 0, 5, 3, 5.53333333333, 2.06128331117
3, 0, 5, 4, 4.66666666667, 2.11869981094
3, 0, 6, 0, 6.0, 2.3380903889
3, 0, 6, 1, 8.06666666667, 3.19304800395
3, 0, 6, 2, 4.6, 1.74355957742
3, 0, 6, 3, 5.66666666667, 1.65998661307
3, 0, 6, 4, 5.6, 1.49666295471
3, 0, 7, 0, 4.8, 1.55777619274
3, 0, 7, 1, 4.46666666667, 1.58605030045
3, 0, 7, 2, 3.6, 1.40475383371
3, 0, 7, 3, 5.73333333333, 2.51572830188
3, 0, 7, 4, 5.46666666667, 2.21710521978
3, 0, 8, 0, 4.4, 1.25432584815
3, 0, 8, 1, 3.86666666667, 1.70749979665
3, 0, 8, 2, 2.8, 0.4
3, 0, 8, 3, 8.06666666667, 2.04830553276
3, 0, 8, 4, 4.06666666667, 1.98214249964
3, 0, 9, 0, 5.86666666667, 2.87208789714
3, 0, 9, 1, 5.4, 2.41660919472
3, 0, 9, 2, 4.86666666667, 1.49962958389
3, 0, 9, 3, 6.93333333333, 2.69485105752
3, 0, 9, 4, 8.46666666667, 1.45449494862
3, 1, 0, 0, 6.66666666667, 2.46756740311
3, 1, 0, 1, 8.2, 1.37598449604
3, 1, 0, 2, 6.13333333333, 2.47296493213
3, 1, 0, 3, 7.06666666667, 2.69485105752
3, 1, 0, 4, 3.13333333333, 0.33993463424
3, 1, 1, 0, 8.73333333333, 0.442216638714
3, 1, 1, 1, 5.6, 2.30362033909
3, 1, 1, 2, 6.53333333333, 1.49962958389
3, 1, 1, 3, 5.06666666667, 2.56818137123
3, 1, 1, 4, 3.6, 1.78138522878
3, 1, 2, 0, 5.33333333333, 2.05480466766
3, 1, 2, 1, 6.93333333333, 1.23648246607
3, 1, 2, 2, 7.8, 1.72046505341
3, 1, 2, 3, 3.0, 0.0
3, 1, 2, 4, 5.73333333333, 1.69181033873
3, 1, 3, 0, 6.6, 2.02649122048
3, 1, 3, 1, 7.66666666667, 1.73845397472
3, 1, 3, 2, 5.6, 2.41660919472
3, 1, 3, 3, 5.66666666667, 2.27058484879
3, 1, 3, 4, 8.06666666667, 1.94821855949
3, 1, 4, 0, 7.26666666667, 2.20504472114
3, 1, 4, 1, 7.93333333333, 1.48174071806
3, 1, 4, 2, 6.2, 1.93907194297
3, 1, 4, 3, 6.86666666667, 3.18049611783
3, 1, 4, 4, 10.1333333333, 2.94089933335
3, 1, 5, 0, 5.26666666667, 2.14372469211
3, 1, 5, 1, 9.0, 2.09761769634
3, 1, 5, 2, 6.46666666667, 2.30554886211
3, 1, 5, 3, 6.13333333333, 2.30554886211
3, 1, 5, 4, 8.2, 2.58714772159
3, 1, 6, 0, 10.6666666667, 2.52102272016
3, 1, 6, 1, 10.0666666667, 2.11239726903
3, 1, 6, 2, 4.66666666667, 2.6749870197
3, 1, 6, 3, 8.53333333333, 3.87928974026
3, 1, 6, 4, 12.0666666667, 1.23648246607
3, 1, 7, 0, 8.26666666667, 2.29395340454
3, 1, 7, 1, 6.66666666667, 1.57762127549
3, 1, 7, 2, 8.73333333333, 2.83940525854
3, 1, 7, 3, 9.33333333333, 3.15524255099
3, 1, 7, 4, 5.46666666667, 2.89520676675
3, 1, 8, 0, 7.6, 3.86091526282
3, 1, 8, 1, 11.3333333333, 1.6996731712
3, 1, 8, 2, 8.86666666667, 2.80158685193
3, 1, 8, 3, 3.53333333333, 1.25786415094
3, 1, 8, 4, 8.6, 2.82370914461
3, 1, 9, 0, 9.2, 2.25684145064
3, 1, 9, 1, 9.53333333333, 2.2764494772
3, 1, 9, 2, 9.8, 2.31516738056
3, 1, 9, 3, 4.13333333333, 2.15612821717
3, 1, 9, 4, 6.66666666667, 3.64539283053
3, 2, 0, 0, 10.0, 2.58198889747
3, 2, 0, 1, 8.33333333333, 4.1419265512
3, 2, 0, 2, 8.4, 3.75588427227
3, 2, 0, 3, 9.26666666667, 2.14372469211
3, 2, 0, 4, 10.4666666667, 3.61232458244
3, 2, 1, 0, 9.33333333333, 3.06956384886
3, 2, 1, 1, 9.6, 1.78138522878
3, 2, 1, 2, 8.66666666667, 2.49443825785
3, 2, 1, 3, 5.66666666667, 2.49443825785
3, 2, 1, 4, 5.66666666667, 3.23865541373
3, 2, 2, 0, 4.6, 1.01980390272
3, 2, 2, 1, 4.26666666667, 2.37954243968
3, 2, 2, 2, 10.9333333333, 1.76886655486
3, 2, 2, 3, 8.4, 2.0591260282
3, 2, 2, 4, 4.4, 0.611010092661
3, 2, 3, 0, 8.8, 2.4819347292
3, 2, 3, 1, 8.6, 2.41660919472
3, 2, 3, 2, 11.8, 2.31516738056
3, 2, 3, 3, 4.93333333333, 2.17460085737
3, 2, 3, 4, 9.26666666667, 2.56818137123
3, 2, 4, 0, 11.8, 2.71293199325
3, 2, 4, 1, 5.4, 3.00665927567
3, 2, 4, 2, 6.0, 3.03315017762
3, 2, 4, 3, 6.6, 3.61109401705
3, 2, 4, 4, 7.13333333333, 3.49984126624
3, 2, 5, 0, 5.13333333333, 2.15612821717
3, 2, 5, 1, 8.6, 1.74355957742
3, 2, 5, 2, 9.6, 3.55527776693
3, 2, 5, 3, 7.93333333333, 3.29578855848
3, 2, 5, 4, 9.26666666667, 4.31225643435
3, 2, 6, 0, 5.86666666667, 3.28362942827
3, 2, 6, 1, 6.8, 4.06939798988
3, 2, 6, 2, 10.6, 4.78609095888
3, 2, 6, 3, 10.1333333333, 2.6549743669
3, 2, 6, 4, 10.4666666667, 3.28362942827
3, 2, 7, 0, 8.33333333333, 4.51171315085
3, 2, 7, 1, 9.6, 3.2
3, 2, 7, 2, 7.2, 3.48711915483
3, 2, 7, 3, 8.73333333333, 3.62338086445
3, 2, 7, 4, 12.0666666667, 2.40739601137
3, 2, 8, 0, 11.5333333333, 2.55255862921
3, 2, 8, 1, 11.4, 3.51757492221
3, 2, 8, 2, 10.6666666667, 2.4404006957
3, 2, 8, 3, 6.0, 3.24550971857
3, 2, 8, 4, 10.3333333333, 3.02581485811
3, 2, 9, 0, 11.8666666667, 1.96185852927
3, 2, 9, 1, 8.0, 3.50238014308
3, 2, 9, 2, 11.8666666667, 2.06128331117
3, 2, 9, 3, 11.1333333333, 3.13829394558
3, 2, 9, 4, 5.8, 3.08112533554
4, 0, 0, 0, 5.33333333333, 1.34989711542
4, 0, 0, 1, 4.26666666667, 0.771722460186
4, 0, 0, 2, 4.66666666667, 1.39841179756
4, 0, 0, 3, 4.46666666667, 1.35973853696
4, 0, 0, 4, 3.8, 1.97315314493
4, 0, 1, 0, 5.06666666667, 1.38884444373
4, 0, 1, 1, 5.33333333333, 1.1352924244
4, 0, 1, 2, 5.0, 2.82842712475
4, 0, 1, 3, 4.53333333333, 1.96185852927
4, 0, 1, 4, 5.06666666667, 1.48174071806
4, 0, 2, 0, 5.53333333333, 2.02868320729
4, 0, 2, 1, 7.4, 6.63123920043
4, 0, 2, 2, 5.2, 1.72046505341
4, 0, 2, 3, 5.4, 1.40475383371
4, 0, 2, 4, 4.4, 1.54056266777
4, 0, 3, 0, 6.33333333333, 1.81352940116
4, 0, 3, 1, 5.73333333333, 0.928559218479
4, 0, 3, 2, 5.33333333333, 1.44529889258
4, 0, 3, 3, 7.13333333333, 1.54344492037
4, 0, 3, 4, 6.8, 4.1825032377
4, 0, 4, 0, 5.6, 1.01980390272
4, 0, 4, 1, 5.46666666667, 1.35973853696
4, 0, 4, 2, 6.26666666667, 1.94821855949
4, 0, 4, 3, 3.6, 1.95959179423
4, 0, 4, 4, 4.8, 1.4236104336
4, 0, 5, 0, 6.4, 2.24499443206
4, 0, 5, 1, 6.06666666667, 1.48174071806
4, 0, 5, 2, 3.53333333333, 2.02868320729
4, 0, 5, 3, 6.53333333333, 1.89267594221
4, 0, 5, 4, 3.66666666667, 1.57762127549
4, 0, 6, 0, 7.2, 2.03960780544
4, 0, 6, 1, 2.46666666667, 1.25786415094
4, 0, 6, 2, 5.06666666667, 4.41915024511
4, 0, 6, 3, 7.53333333333, 1.30979218029
4, 0, 6, 4, 5.4, 1.08320512062
4, 0, 7, 0, 2.46666666667, 0.618241233033
4, 0, 7, 1, 5.33333333333, 2.57336787542
4, 0, 7, 2, 6.2, 2.4276188608
4, 0, 7, 3, 5.2, 3.2903900478
4, 0, 7, 4, 7.6, 1.8547236991
4, 0, 8, 0, 5.73333333333, 2.37954243968
4, 0, 8, 1, 5.4, 1.49666295471
4, 0, 8, 2, 6.26666666667, 2.14372469211
4, 0, 8, 3, 8.06666666667, 2.56818137123
4, 0, 8, 4, 7.53333333333, 1.8208667045
4, 0, 9, 0, 5.53333333333, 1.49962958389
4, 0, 9, 1, 3.13333333333, 1.66799946709
4, 0, 9, 2, 4.93333333333, 1.18133634311
4, 0, 9, 3, 7.53333333333, 1.96185852927
4, 0, 9, 4, 6.26666666667, 1.73076733143
4, 1, 0, 0, 7.33333333333, 1.77638834593
4, 1, 0, 1, 5.33333333333, 2.32856655954
4, 1, 0, 2, 6.93333333333, 2.37954243968
4, 1, 0, 3, 5.86666666667, 1.20369800568
4, 1, 0, 4, 5.86666666667, 2.4997777679
4, 1, 1, 0, 7.26666666667, 2.48908729368
4, 1, 1, 1, 8.93333333333, 2.04830553276
4, 1, 1, 2, 5.46666666667, 1.49962958389
4, 1, 1, 3, 5.8, 2.34378611083
4, 1, 1, 4, 4.46666666667, 2.33428552
4, 1, 2, 0, 6.33333333333, 2.62466929134
4, 1, 2, 1, 6.4, 1.54056266777
4, 1, 2, 2, 6.26666666667, 2.14372469211
4, 1, 2, 3, 8.06666666667, 1.61107279648
4, 1, 2, 4, 5.33333333333, 2.84409720103
4, 1, 3, 0, 6.66666666667, 2.05480466766
4, 1, 3, 1, 6.26666666667, 2.35135894514
4, 1, 3, 2, 8.86666666667, 3.22214559296
4, 1, 3, 3, 4.0, 0.36514837167
4, 1, 3, 4, 5.0, 2.39443799948
4, 1, 4, 0, 7.8, 1.51437555888
4, 1, 4, 1, 6.86666666667, 1.25786415094
4, 1, 4, 2, 7.86666666667, 3.095516471
4, 1, 4, 3, 6.06666666667, 2.17460085737
4, 1, 4, 4, 6.13333333333, 2.21710521978
4, 1, 5, 0, 8.26666666667, 2.32283351869
4, 1, 5, 1, 5.0, 1.67332005307
4, 1, 5, 2, 5.73333333333, 1.56914697279
4, 1, 5, 3, 9.6, 3.26190128606
4, 1, 5, 4, 6.26666666667, 2.76807193227
4, 1, 6, 0, 5.53333333333, 2.21710521978
4, 1, 6, 1, 4.06666666667, 1.38884444373
4, 1, 6, 2, 8.66666666667, 3.41890170799
4, 1, 6, 3, 10.2, 6.53401357003
4, 1, 6, 4, 7.73333333333, 2.29395340454
4, 1, 7, 0, 4.26666666667, 2.23507394857
4, 1, 7, 1, 7.53333333333, 2.09337579575
4, 1, 7, 2, 7.33333333333, 2.77288457908
4, 1, 7, 3, 5.53333333333, 2.55255862921
4, 1, 7, 4, 5.8, 1.83303027798
4, 1, 8, 0, 11.4666666667, 2.52630604287
4, 1, 8, 1, 7.13333333333, 2.30554886211
4, 1, 8, 2, 7.73333333333, 1.84270332814
4, 1, 8, 3, 10.8666666667, 3.63073301445
4, 1, 8, 4, 7.8, 2.92574776767
4, 1, 9, 0, 7.13333333333, 1.70749979665
4, 1, 9, 1, 5.93333333333, 2.35135894514
4, 1, 9, 2, 7.6, 2.38886304896
4, 1, 9, 3, 6.66666666667, 2.89059778516
4, 1, 9, 4, 7.53333333333, 2.87208789714
4, 2, 0, 0, 7.06666666667, 3.19304800395
4, 2, 0, 1, 9.0, 2.683281573
4, 2, 0, 2, 7.53333333333, 3.91350936572
4, 2, 0, 3, 10.1333333333, 2.41844761963
4, 2, 0, 4, 11.3333333333, 2.29975844142
4, 2, 1, 0, 8.53333333333, 2.98589275687
4, 2, 1, 1, 6.86666666667, 2.09337579575
4, 2, 1, 2, 6.6, 2.52454616383
4, 2, 1, 3, 8.06666666667, 3.0433899228
4, 2, 1, 4, 5.66666666667, 1.53478192443
4, 2, 2, 0, 7.26666666667, 2.93181779031
4, 2, 2, 1, 6.86666666667, 1.4079141388
4, 2, 2, 2, 8.66666666667, 3.84129607757
4, 2, 2, 3, 10.4, 1.95959179423
4, 2, 2, 4, 7.86666666667, 3.15946549629
4, 2, 3, 0, 5.66666666667, 1.24721912892
4, 2, 3, 1, 11.8, 3.03754286664
4, 2, 3, 2, 8.06666666667, 3.33599893419
4, 2, 3, 3, 7.33333333333, 2.27058484879
4, 2, 3, 4, 11.0, 2.75680975042
4, 2, 4, 0, 9.66666666667, 1.92064803879
4, 2, 4, 1, 11.2, 3.2083225108
4, 2, 4, 2, 6.4, 3.24139887497
4, 2, 4, 3, 6.0, 2.36643191324
4, 2, 4, 4, 10.2666666667, 5.01287231923
4, 2, 5, 0, 12.0666666667, 3.43446583264
4, 2, 5, 1, 11.2666666667, 2.93181779031
4, 2, 5, 2, 11.6666666667, 3.71782493163
4, 2, 5, 3, 9.2, 4.36959189551
4, 2, 5, 4, 12.5333333333, 3.44222150491
4, 2, 6, 0, 9.2, 3.05941170816
4, 2, 6, 1, 11.2, 3.93615717843
4, 2, 6, 2, 5.2, 0.4
4, 2, 6, 3, 11.5333333333, 3.68540665629
4, 2, 6, 4, 10.8, 3.83318840306
4, 2, 7, 0, 12.4666666667, 2.96348143612
4, 2, 7, 1, 11.8, 2.58714772159
4, 2, 7, 2, 13.0666666667, 2.43493098237
4, 2, 7, 3, 10.0666666667, 4.24996732014
4, 2, 7, 4, 10.3333333333, 4.57043640027
4, 2, 8, 0, 11.2, 3.81575680567
4, 2, 8, 1, 10.3333333333, 2.89059778516
4, 2, 8, 2, 9.06666666667, 3.94067112164
4, 2, 8, 3, 12.0666666667, 3.88958723888
4, 2, 8, 4, 8.13333333333, 4.61687725151
4, 2, 9, 0, 10.5333333333, 5.18802038889
4, 2, 9, 1, 10.4666666667, 3.28362942827
4, 2, 9, 2, 12.2666666667, 3.29578855848
4, 2, 9, 3, 14.0666666667, 0.573488351136
4, 2, 9, 4, 12.4666666667, 3.34398298773
4, 3, 0, 0, 8.26666666667, 3.82041300851
4, 3, 0, 1, 9.93333333333, 3.641733409
4, 3, 0, 2, 9.6, 3.30252428707
4, 3, 0, 3, 10.2666666667, 4.91889779885
4, 3, 0, 4, 14.1333333333, 3.44222150491
4, 3, 1, 0, 7.93333333333, 4.05736641459
4, 3, 1, 1, 9.4, 4.0463975748
4, 3, 1, 2, 7.33333333333, 4.04420023683
4, 3, 1, 3, 13.0666666667, 1.76886655486
4, 3, 1, 4, 12.0666666667, 4.73943268991
4, 3, 2, 0, 10.8, 3.91918358845
4, 3, 2, 1, 10.2, 2.97097066069
4, 3, 2, 2, 10.2, 3.2083225108
4, 3, 2, 3, 9.2, 3.9530578881
4, 3, 2, 4, 13.1333333333, 3.72140952985
4, 3, 3, 0, 9.33333333333, 3.84129607757
4, 3, 3, 1, 13.6666666667, 3.57149206293
4, 3, 3, 2, 11.6, 5.97550555741
4, 3, 3, 3, 13.3333333333, 4.1419265512
4, 3, 3, 4, 9.86666666667, 3.63073301445
4, 3, 4, 0, 11.9333333333, 4.63992337101
4, 3, 4, 1, 10.4666666667, 5.27720464724
4, 3, 4, 2, 16.2, 3.50618501128
4, 3, 4, 3, 10.7333333333, 4.91889779885
4, 3, 4, 4, 8.53333333333, 2.44585817705
4, 3, 5, 0, 16.4, 4.22374241639
4, 3, 5, 1, 15.6666666667, 3.02581485811
4, 3, 5, 2, 16.6666666667, 1.73845397472
4, 3, 5, 3, 12.9333333333, 3.641733409
4, 3, 5, 4, 15.1333333333, 3.96428499928
4, 3, 6, 0, 7.53333333333, 4.2562372532
4, 3, 6, 1, 13.6, 4.27083130081
4, 3, 6, 2, 8.33333333333, 4.40706503494
4, 3, 6, 3, 12.4666666667, 1.85711843696
4, 3, 6, 4, 13.5333333333, 3.38362067745
4, 3, 7, 0, 13.0, 5.50151494287
4, 3, 7, 1, 11.0, 5.40370243444
4, 3, 7, 2, 13.5333333333, 2.80158685193
4, 3, 7, 3, 11.3333333333, 4.64279609239
4, 3, 7, 4, 14.2666666667, 5.13116837464
4, 3, 8, 0, 12.1333333333, 4.58790680909
4, 3, 8, 1, 16.8, 3.7094473982
4, 3, 8, 2, 16.6666666667, 3.53396220819
4, 3, 8, 3, 13.8, 4.76375202265
4, 3, 8, 4, 17.0666666667, 4.1707979519
4, 3, 9, 0, 8.8, 4.70744091838
4, 3, 9, 1, 7.6, 4.07921561087
4, 3, 9, 2, 14.9333333333, 4.80925034583
4, 3, 9, 3, 12.8, 5.97996655509
4, 3, 9, 4, 17.8, 3.67332728372
5, 0, 0, 0, 5.8, 0.832666399786
5, 0, 0, 1, 5.6, 1.30639452948
5, 0, 0, 2, 6.53333333333, 6.87863035462
5, 0, 0, 3, 5.13333333333, 0.884433277428
5, 0, 0, 4, 4.73333333333, 1.28927197372
5, 0, 1, 0, 3.86666666667, 1.20369800568
5, 0, 1, 1, 2.2, 0.541602560309
5, 0, 1, 2, 2.66666666667, 1.192569588
5, 0, 1, 3, 3.26666666667, 1.5260697523
5, 0, 1, 4, 3.26666666667, 1.12348663642
5, 0, 2, 0, 3.93333333333, 1.73076733143
5, 0, 2, 1, 4.46666666667, 1.35973853696
5, 0, 2, 2, 5.66666666667, 1.65998661307
5, 0, 2, 3, 5.66666666667, 1.61932770687
5, 0, 2, 4, 5.73333333333, 1.28927197372
5, 0, 3, 0, 5.66666666667, 1.65998661307
5, 0, 3, 1, 5.93333333333, 0.928559218479
5, 0, 3, 2, 5.73333333333, 1.12348663642
5, 0, 3, 3, 4.53333333333, 2.18682926225
5, 0, 3, 4, 4.4, 1.54056266777
5, 0, 4, 0, 6.53333333333, 1.4079141388
5, 0, 4, 1, 4.6, 1.70489491367
5, 0, 4, 2, 6.26666666667, 2.54209012866
5, 0, 4, 3, 5.0, 1.67332005307
5, 0, 4, 4, 2.6, 1.08320512062
5, 0, 5, 0, 4.13333333333, 1.8208667045
5, 0, 5, 1, 4.0, 1.75119007154
5, 0, 5, 2, 5.0, 1.09544511501
5, 0, 5, 3, 3.33333333333, 1.65998661307
5, 0, 5, 4, 7.13333333333, 3.63073301445
5, 0, 6, 0, 4.6, 1.49666295471
5, 0, 6, 1, 5.2, 2.56124969497
5, 0, 6, 2, 6.6, 1.8903262505
5, 0, 6, 3, 7.6, 2.36079082795
5, 0, 6, 4, 5.66666666667, 1.1352924244
5, 0, 7, 0, 7.06666666667, 1.43604394857
5, 0, 7, 1, 5.06666666667, 1.18133634311
5, 0, 7, 2, 2.93333333333, 1.56914697279
5, 0, 7, 3, 3.06666666667, 0.853749898324
5, 0, 7, 4, 5.4, 1.35646599663
5, 0, 8, 0, 6.13333333333, 2.39072281027
5, 0, 8, 1, 4.13333333333, 1.8208667045
5, 0, 8, 2, 3.53333333333, 1.89267594221
5, 0, 8, 3, 4.6, 1.8903262505
5, 0, 8, 4, 4.0, 1.41421356237
5, 0, 9, 0, 6.4, 1.95959179423
5, 0, 9, 1, 4.73333333333, 2.29395340454
5, 0, 9, 2, 6.8, 2.99332590942
5, 0, 9, 3, 5.86666666667, 1.58605030045
5, 0, 9, 4, 5.93333333333, 2.59401019445
5, 1, 0, 0, 5.73333333333, 2.46215804168
5, 1, 0, 1, 6.86666666667, 1.92757763931
5, 1, 0, 2, 3.66666666667, 1.53478192443
5, 1, 0, 3, 8.93333333333, 0.442216638714
5, 1, 0, 4, 8.13333333333, 1.74610678049
5, 1, 1, 0, 2.93333333333, 0.679869268479
5, 1, 1, 1, 8.33333333333, 2.02210011841
5, 1, 1, 2, 7.13333333333, 2.06128331117
5, 1, 1, 3, 4.93333333333, 1.65193489245
5, 1, 1, 4, 5.0, 2.12916258969
5, 1, 2, 0, 4.13333333333, 3.46153466287
5, 1, 2, 1, 7.66666666667, 2.385139176
5, 1, 2, 2, 6.4, 1.66533279957
5, 1, 2, 3, 3.53333333333, 1.49962958389
5, 1, 2, 4, 6.06666666667, 1.5260697523
5, 1, 3, 0, 8.2, 1.46969384567
5, 1, 3, 1, 7.4, 2.0591260282
5, 1, 3, 2, 8.46666666667, 2.6799668323
5, 1, 3, 3, 7.93333333333, 1.84270332814
5, 1, 3, 4, 6.26666666667, 3.0214051183
5, 1, 4, 0, 8.26666666667, 3.33599893419
5, 1, 4, 1, 11.0666666667, 1.23648246607
5, 1, 4, 2, 4.26666666667, 0.99777530314
5, 1, 4, 3, 7.33333333333, 1.24721912892
5, 1, 4, 4, 5.66666666667, 2.14993539955
5, 1, 5, 0, 8.73333333333, 2.43493098237
5, 1, 5, 1, 7.73333333333, 3.641733409
5, 1, 5, 2, 7.4, 3.5364765893
5, 1, 5, 3, 8.4, 1.81842422626
5, 1, 5, 4, 8.66666666667, 2.89059778516
5, 1, 6, 0, 5.86666666667, 3.2427697352
5, 1, 6, 1, 7.2, 1.32664991614
5, 1, 6, 2, 5.2, 2.56124969497
5, 1, 6, 3, 7.73333333333, 2.86278807381
5, 1, 6, 4, 4.13333333333, 0.33993463424
5, 1, 7, 0, 6.66666666667, 3.57149206293
5, 1, 7, 1, 6.33333333333, 2.21108319357
5, 1, 7, 2, 8.06666666667, 4.72534537245
5, 1, 7, 3, 8.73333333333, 7.04714284105
5, 1, 7, 4, 7.73333333333, 2.88598144292
5, 1, 8, 0, 12.0666666667, 1.87853370715
5, 1, 8, 1, 10.4, 4.16012820315
5, 1, 8, 2, 11.0666666667, 4.29676881182
5, 1, 8, 3, 8.6, 1.25432584815
5, 1, 8, 4, 7.0, 2.73252020426
5, 1, 9, 0, 10.2666666667, 2.48908729368
5, 1, 9, 1, 10.2, 3.4292856399
5, 1, 9, 2, 8.33333333333, 7.44461028008
5, 1, 9, 3, 8.6, 1.35646599663
5, 1, 9, 4, 10.0666666667, 8.52030255071
5, 2, 0, 0, 10.7333333333, 2.59401019445
5, 2, 0, 1, 7.53333333333, 4.08030499949
5, 2, 0, 2, 9.66666666667, 2.89059778516
5, 2, 0, 3, 6.8, 2.4819347292
5, 2, 0, 4, 9.13333333333, 4.44022021476
5, 2, 1, 0, 9.0, 2.2803508502
5, 2, 1, 1, 5.2, 2.4276188608
5, 2, 1, 2, 8.73333333333, 2.54209012866
5, 2, 1, 3, 9.2, 2.5086516963
5, 2, 1, 4, 6.6, 2.30362033909
5, 2, 2, 0, 9.53333333333, 2.52630604287
5, 2, 2, 1, 4.46666666667, 2.02868320729
5, 2, 2, 2, 6.46666666667, 3.94743235816
5, 2, 2, 3, 6.13333333333, 1.78387842137
5, 2, 2, 4, 4.86666666667, 2.21710521978
5, 2, 3, 0, 10.6666666667, 3.35989417823
5, 2, 3, 1, 8.2, 2.58714772159
5, 2, 3, 2, 6.0, 3.32665998663
5, 2, 3, 3, 8.13333333333, 3.11697859402
5, 2, 3, 4, 12.4666666667, 2.09337579575
5, 2, 4, 0, 10.2, 3.85054108752
5, 2, 4, 1, 6.0, 3.32665998663
5, 2, 4, 2, 10.2, 1.6
5, 2, 4, 3, 12.9333333333, 2.35135894514
5, 2, 4, 4, 7.86666666667, 2.39072281027
5, 2, 5, 0, 10.8666666667, 4.7870194856
5, 2, 5, 1, 9.0, 2.47655674947
5, 2, 5, 2, 13.0, 2.0
5, 2, 5, 3, 7.66666666667, 3.15524255099
5, 2, 5, 4, 13.3333333333, 3.51504702039
5, 2, 6, 0, 10.9333333333, 3.19304800395
5, 2, 6, 1, 10.9333333333, 5.45853053079
5, 2, 6, 2, 14.1333333333, 3.64904858224
5, 2, 6, 3, 8.2, 2.92574776767
5, 2, 6, 4, 11.4666666667, 3.59382185918
5, 2, 7, 0, 16.8666666667, 4.20898509804
5, 2, 7, 1, 9.8, 3.01551543411
5, 2, 7, 2, 15.5333333333, 5.17515431869
5, 2, 7, 3, 13.2, 4.06939798988
5, 2, 7, 4, 8.4, 3.61109401705
5, 2, 8, 0, 15.2, 3.93615717843
5, 2, 8, 1, 9.66666666667, 4.48206301706
5, 2, 8, 2, 6.0, 1.15470053838
5, 2, 8, 3, 17.9333333333, 1.65193489245
5, 2, 8, 4, 7.26666666667, 3.74996296278
5, 2, 9, 0, 8.8, 4.66476151588
5, 2, 9, 1, 14.6, 4.77214137818
5, 2, 9, 2, 12.8666666667, 4.41008944228
5, 2, 9, 3, 14.4, 3.66606055596
5, 2, 9, 4, 12.4, 3.22076595445
5, 3, 0, 0, 12.5333333333, 4.55875226594
5, 3, 0, 1, 11.6, 3.97994974843
5, 3, 0, 2, 12.6, 2.77608837515
5, 3, 0, 3, 13.4, 3.73809220503
5, 3, 0, 4, 8.8, 4.81940521918
5, 3, 1, 0, 12.1333333333, 3.15946549629
5, 3, 1, 1, 6.46666666667, 3.36386021641
5, 3, 1, 2, 10.6666666667, 3.94405318873
5, 3, 1, 3, 9.66666666667, 5.04204544032
5, 3, 1, 4, 15.0, 2.96647939484
5, 3, 2, 0, 12.0, 2.98886823619
5, 3, 2, 1, 11.5333333333, 1.92757763931
5, 3, 2, 2, 10.0666666667, 3.97436228288
5, 3, 2, 3, 12.9333333333, 4.07376429799
5, 3, 2, 4, 12.8, 2.97097066069
5, 3, 3, 0, 16.7333333333, 4.02437020608
5, 3, 3, 1, 11.4666666667, 3.26326353347
5, 3, 3, 2, 10.6, 3.02875111776
5, 3, 3, 3, 5.66666666667, 2.52102272016
5, 3, 3, 4, 14.3333333333, 3.89301368551
5, 3, 4, 0, 14.0666666667, 4.85065860362
5, 3, 4, 1, 8.53333333333, 4.45520918576
5, 3, 4, 2, 16.0666666667, 4.32768863123
5, 3, 4, 3, 15.3333333333, 3.77123616633
5, 3, 4, 4, 8.2, 1.90438091428
5, 3, 5, 0, 13.7333333333, 5.2085399959
5, 3, 5, 1, 18.5333333333, 8.29350482138
5, 3, 5, 2, 19.2, 4.41512551728
5, 3, 5, 3, 14.0, 6.87992248018
5, 3, 5, 4, 7.8, 3.22903494355
5, 3, 6, 0, 17.7333333333, 6.14780900448
5, 3, 6, 1, 18.6, 3.66606055596
5, 3, 6, 2, 8.33333333333, 1.95505043982
5, 3, 6, 3, 17.7333333333, 2.88598144292
5, 3, 6, 4, 12.7333333333, 4.00777023072
5, 3, 7, 0, 13.9333333333, 5.33499973966
5, 3, 7, 1, 11.6666666667, 3.71782493163
5, 3, 7, 2, 14.8, 5.70613704707
5, 3, 7, 3, 7.2, 1.90438091428
5, 3, 7, 4, 14.5333333333, 4.45520918576
5, 3, 8, 0, 9.86666666667, 3.80992854993
5, 3, 8, 1, 15.8, 4.19841239836
5, 3, 8, 2, 13.2666666667, 5.97178551375
5, 3, 8, 3, 13.5333333333, 3.095516471
5, 3, 8, 4, 16.5333333333, 2.77768888747
5, 3, 9, 0, 8.6, 3.86091526282
5, 3, 9, 1, 17.2, 4.38482230731
5, 3, 9, 2, 17.9333333333, 3.51125175527
5, 3, 9, 3, 16.6, 4.16012820315
5, 3, 9, 4, 5.06666666667, 2.69485105752
5, 4, 0, 0, 14.2666666667, 5.63875478768
5, 4, 0, 1, 14.8, 5.58808255725
5, 4, 0, 2, 13.3333333333, 3.06956384886
5, 4, 0, 3, 13.0666666667, 10.1091817451
5, 4, 0, 4, 13.9333333333, 4.43421043955
5, 4, 1, 0, 9.73333333333, 3.35592345297
5, 4, 1, 1, 12.0, 6.07728009338
5, 4, 1, 2, 16.2, 4.13440846232
5, 4, 1, 3, 15.0, 3.98329846568
5, 4, 1, 4, 10.0666666667, 5.07893252126
5, 4, 2, 0, 15.3333333333, 2.54732975661
5, 4, 2, 1, 12.4666666667, 4.17718671942
5, 4, 2, 2, 13.0666666667, 4.38887482417
5, 4, 2, 3, 8.93333333333, 4.55289895439
5, 4, 2, 4, 12.4666666667, 5.89764548123
5, 4, 3, 0, 17.0, 8.9293523468
5, 4, 3, 1, 16.8, 6.16657657592
5, 4, 3, 2, 19.2666666667, 5.59126302567
5, 4, 3, 3, 17.8, 4.70744091838
5, 4, 3, 4, 18.1333333333, 4.92431608337
5, 4, 4, 0, 18.0, 5.00666222814
5, 4, 4, 1, 21.1333333333, 5.51200709563
5, 4, 4, 2, 17.6666666667, 5.84997625826
5, 4, 4, 3, 16.4666666667, 4.75908487935
5, 4, 4, 4, 22.4666666667, 2.96348143612
5, 4, 5, 0, 14.2666666667, 7.03767638421
5, 4, 5, 1, 11.0666666667, 5.34748123471
5, 4, 5, 2, 12.4, 6.44773862167
5, 4, 5, 3, 10.0666666667, 5.85908601139
5, 4, 5, 4, 19.8666666667, 5.59603033905
5, 4, 6, 0, 9.93333333333, 5.38475213502
5, 4, 6, 1, 15.2, 5.23067873225
5, 4, 6, 2, 19.2666666667, 5.1441444597
5, 4, 6, 3, 17.0666666667, 5.18287779349
5, 4, 6, 4, 19.5333333333, 5.46341366628
5, 4, 7, 0, 21.6666666667, 2.46756740311
5, 4, 7, 1, 17.8666666667, 5.20085463062
5, 4, 7, 2, 19.7333333333, 6.14780900448
5, 4, 7, 3, 16.4, 7.4993333037
5, 4, 7, 4, 21.2666666667, 5.2085399959
5, 4, 8, 0, 17.7333333333, 5.40945674003
5, 4, 8, 1, 22.9333333333, 6.95189822199
5, 4, 8, 2, 20.0, 4.57529598314
5, 4, 8, 3, 11.5333333333, 4.57335276964
5, 4, 8, 4, 20.2666666667, 4.43421043955
5, 4, 9, 0, 19.2, 3.81575680567
5, 4, 9, 1, 18.7333333333, 5.13116837464
5, 4, 9, 2, 22.4666666667, 1.99555060628
5, 4, 9, 3, 18.4, 5.36407805064
5, 4, 9, 4, 20.0, 5.3166405433
6, 0, 0, 0, 4.6, 1.49666295471
6, 0, 0, 1, 5.13333333333, 1.49962958389
6, 0, 0, 2, 5.6, 3.24139887497
6, 0, 0, 3, 4.06666666667, 1.61107279648
6, 0, 0, 4, 5.46666666667, 1.4079141388
6, 0, 1, 0, 5.6, 1.01980390272
6, 0, 1, 1, 2.53333333333, 1.30979218029
6, 0, 1, 2, 4.4, 1.66533279957
6, 0, 1, 3, 5.4, 1.40475383371
6, 0, 1, 4, 5.8, 1.27540843131
6, 0, 2, 0, 2.53333333333, 1.25786415094
6, 0, 2, 1, 5.8, 1.64113781668
6, 0, 2, 2, 4.46666666667, 2.33428552
6, 0, 2, 3, 5.93333333333, 1.18133634311
6, 0, 2, 4, 4.86666666667, 0.95684667296
6, 0, 3, 0, 3.06666666667, 1.28927197372
6, 0, 3, 1, 5.2, 1.6
6, 0, 3, 2, 4.93333333333, 1.48174071806
6, 0, 3, 3, 5.33333333333, 1.98885785202
6, 0, 3, 4, 4.8, 1.64113781668
6, 0, 4, 0, 5.4, 1.70489491367
6, 0, 4, 1, 4.86666666667, 1.14697670227
6, 0, 4, 2, 7.2, 1.46969384567
6, 0, 4, 3, 4.73333333333, 2.14372469211
6, 0, 4, 4, 5.8, 1.86904610252
6, 0, 5, 0, 7.0, 1.63299316186
6, 0, 5, 1, 5.06666666667, 1.80616229122
6, 0, 5, 2, 7.0, 3.07679486912
6, 0, 5, 3, 7.53333333333, 2.36267268622
6, 0, 5, 4, 6.73333333333, 2.46215804168
6, 0, 6, 0, 6.4, 1.45143607047
6, 0, 6, 1, 5.4, 1.95959179423
6, 0, 6, 2, 5.93333333333, 2.90898989724
6, 0, 6, 3, 6.46666666667, 2.47296493213
6, 0, 6, 4, 5.06666666667, 1.5260697523
6, 0, 7, 0, 7.93333333333, 1.18133634311
6, 0, 7, 1, 8.13333333333, 5.21365727894
6, 0, 7, 2, 7.0, 3.36650164612
6, 0, 7, 3, 6.0, 1.8618986725
6, 0, 7, 4, 6.46666666667, 1.02415276638
6, 0, 8, 0, 6.13333333333, 2.55255862921
6, 0, 8, 1, 4.73333333333, 1.91369334592
6, 0, 8, 2, 3.8, 1.16619037897
6, 0, 8, 3, 6.0, 2.36643191324
6, 0, 8, 4, 7.73333333333, 2.43493098237
6, 0, 9, 0, 3.53333333333, 1.74610678049
6, 0, 9, 1, 9.73333333333, 1.87853370715
6, 0, 9, 2, 8.6, 4.12795348811
6, 0, 9, 3, 8.13333333333, 1.54344492037
6, 0, 9, 4, 6.33333333333, 3.17630113322
6, 1, 0, 0, 8.73333333333, 1.80616229122
6, 1, 0, 1, 7.86666666667, 1.78387842137
6, 1, 0, 2, 4.6, 1.95959179423
6, 1, 0, 3, 4.2, 1.72046505341
6, 1, 0, 4, 6.73333333333, 2.71947707392
6, 1, 1, 0, 6.26666666667, 2.40739601137
6, 1, 1, 1, 5.13333333333, 2.41844761963
6, 1, 1, 2, 8.33333333333, 1.8499249234
6, 1, 1, 3, 7.66666666667, 2.52102272016
6, 1, 1, 4, 5.8, 2.00665559244
6, 1, 2, 0, 6.53333333333, 2.55255862921
6, 1, 2, 1, 7.66666666667, 1.98885785202
6, 1, 2, 2, 6.46666666667, 2.96348143612
6, 1, 2, 3, 8.66666666667, 1.53478192443
6, 1, 2, 4, 7.6, 2.38886304896
6, 1, 3, 0, 7.93333333333, 1.5260697523
6, 1, 3, 1, 5.4, 2.30362033909
6, 1, 3, 2, 7.4, 1.49666295471
6, 1, 3, 3, 6.06666666667, 2.46215804168
6, 1, 3, 4, 8.13333333333, 2.30554886211
6, 1, 4, 0, 5.33333333333, 2.02210011841
6, 1, 4, 1, 6.86666666667, 2.57854394744
6, 1, 4, 2, 12.3333333333, 4.06065128876
6, 1, 4, 3, 7.66666666667, 3.68178700573
6, 1, 4, 4, 13.2666666667, 5.82485097568
6, 1, 5, 0, 9.46666666667, 3.66727267719
6, 1, 5, 1, 6.6, 3.11555238548
6, 1, 5, 2, 9.53333333333, 2.87208789714
6, 1, 5, 3, 6.33333333333, 2.49443825785
6, 1, 5, 4, 9.0, 4.04969134626
6, 1, 6, 0, 6.93333333333, 2.93181779031
6, 1, 6, 1, 6.8, 1.86904610252
6, 1, 6, 2, 9.66666666667, 2.93636207274
6, 1, 6, 3, 8.8, 2.37205958329
6, 1, 6, 4, 8.0, 2.0
6, 1, 7, 0, 9.33333333333, 2.84409720103
6, 1, 7, 1, 7.73333333333, 3.21385887819
6, 1, 7, 2, 8.53333333333, 3.49984126624
6, 1, 7, 3, 6.4, 3.26190128606
6, 1, 7, 4, 9.8, 1.86904610252
6, 1, 8, 0, 4.6, 3.62950869035
6, 1, 8, 1, 8.66666666667, 2.385139176
6, 1, 8, 2, 6.13333333333, 1.99555060628
6, 1, 8, 3, 12.3333333333, 3.04776785351
6, 1, 8, 4, 13.0, 2.52982212813
6, 1, 9, 0, 12.6, 2.44404037064
6, 1, 9, 1, 10.0, 3.74165738677
6, 1, 9, 2, 7.73333333333, 2.17460085737
6, 1, 9, 3, 9.13333333333, 3.75706741429
6, 1, 9, 4, 10.0, 3.86436713232
6, 2, 0, 0, 11.4, 1.92527054376
6, 2, 0, 1, 10.5333333333, 3.00813711271
6, 2, 0, 2, 11.4, 2.44404037064
6, 2, 0, 3, 10.9333333333, 3.25508149753
6, 2, 0, 4, 12.0, 2.39443799948
6, 2, 1, 0, 7.2, 3.780652501
6, 2, 1, 1, 10.3333333333, 2.46756740311
6, 2, 1, 2, 6.33333333333, 3.35989417823
6, 2, 1, 3, 9.0, 3.28633534503
6, 2, 1, 4, 10.4666666667, 2.94089933335
6, 2, 2, 0, 9.53333333333, 3.0521395046
6, 2, 2, 1, 6.73333333333, 3.53018727863
6, 2, 2, 2, 8.4, 2.8
6, 2, 2, 3, 10.0666666667, 2.71947707392
6, 2, 2, 4, 9.4, 3.68420050124
6, 2, 3, 0, 9.93333333333, 4.56751816879
6, 2, 3, 1, 9.26666666667, 3.78535188442
6, 2, 3, 2, 10.4, 3.09408036957
6, 2, 3, 3, 9.93333333333, 3.19304800395
6, 2, 3, 4, 15.6, 6.25886038615
6, 2, 4, 0, 10.2666666667, 4.3736585245
6, 2, 4, 1, 7.53333333333, 2.96348143612
6, 2, 4, 2, 10.8, 3.22903494355
6, 2, 4, 3, 7.33333333333, 1.61932770687
6, 2, 4, 4, 9.6, 2.77608837515
6, 2, 5, 0, 10.6666666667, 4.64279609239
6, 2, 5, 1, 10.3333333333, 2.32856655954
6, 2, 5, 2, 11.5333333333, 3.2427697352
6, 2, 5, 3, 14.9333333333, 3.74996296278
6, 2, 5, 4, 12.8666666667, 2.2764494772
6, 2, 6, 0, 11.3333333333, 2.24103150853
6, 2, 6, 1, 14.4666666667, 3.40326640483
6, 2, 6, 2, 10.2, 2.34378611083
6, 2, 6, 3, 10.9333333333, 3.92371705855
6, 2, 6, 4, 7.53333333333, 2.41844761963
6, 2, 7, 0, 11.2666666667, 3.58639404168
6, 2, 7, 1, 12.7333333333, 4.24996732014
6, 2, 7, 2, 12.7333333333, 3.82041300851
6, 2, 7, 3, 11.3333333333, 3.60863162739
6, 2, 7, 4, 14.6666666667, 6.26808494589
6, 2, 8, 0, 15.5333333333, 4.82861838993
6, 2, 8, 1, 9.66666666667, 3.09120616517
6, 2, 8, 2, 8.46666666667, 4.1931160516
6, 2, 8, 3, 5.93333333333, 2.32283351869
6, 2, 8, 4, 11.5333333333, 3.70345184329
6, 2, 9, 0, 8.06666666667, 3.3954217542
6, 2, 9, 1, 14.4666666667, 5.05788713024
6, 2, 9, 2, 13.9333333333, 2.66999791927
6, 2, 9, 3, 10.2, 3.33066559915
6, 2, 9, 4, 11.7333333333, 2.29395340454
6, 3, 0, 0, 14.4666666667, 4.28744938422
6, 3, 0, 1, 14.6, 3.5364765893
6, 3, 0, 2, 10.4666666667, 4.03099105542
6, 3, 0, 3, 11.4666666667, 5.05788713024
6, 3, 0, 4, 11.0, 2.92118697336
6, 3, 1, 0, 10.5333333333, 2.89520676675
6, 3, 1, 1, 10.8666666667, 3.42279937413
6, 3, 1, 2, 13.6, 2.0591260282
6, 3, 1, 3, 9.26666666667, 3.60493488923
6, 3, 1, 4, 6.93333333333, 2.90898989724
6, 3, 2, 0, 12.9333333333, 3.65999392835
6, 3, 2, 1, 12.8, 3.05941170816
6, 3, 2, 2, 13.4, 2.24499443206
6, 3, 2, 3, 10.8666666667, 4.04749579644
6, 3, 2, 4, 10.6666666667, 3.00370142029
6, 3, 3, 0, 12.5333333333, 3.49984126624
6, 3, 3, 1, 9.8, 2.4549270186
6, 3, 3, 2, 8.73333333333, 3.0214051183
6, 3, 3, 3, 16.6, 2.60256283946
6, 3, 3, 4, 14.4666666667, 7.83893416791
6, 3, 4, 0, 15.0666666667, 7.88641588781
6, 3, 4, 1, 10.2, 4.65044800709
6, 3, 4, 2, 9.46666666667, 3.3038697849
6, 3, 4, 3, 16.7333333333, 1.06249183003
6, 3, 4, 4, 11.7333333333, 3.74996296278
6, 3, 5, 0, 16.3333333333, 3.4576806613
6, 3, 5, 1, 20.6666666667, 3.875851161
6, 3, 5, 2, 11.5333333333, 2.80158685193
6, 3, 5, 3, 15.5333333333, 6.44842788765
6, 3, 5, 4, 21.8, 4.96923870762
6, 3, 6, 0, 22.0, 1.93218356616
6, 3, 6, 1, 15.5333333333, 4.49987654152
6, 3, 6, 2, 15.4666666667, 5.08418025732
6, 3, 6, 3, 15.8, 9.94786409236
6, 3, 6, 4, 7.33333333333, 3.59010987142
6, 3, 7, 0, 8.6, 4.48404579221
6, 3, 7, 1, 15.8666666667, 7.49992592556
6, 3, 7, 2, 13.3333333333, 2.74873708375
6, 3, 7, 3, 17.2, 3.93615717843
6, 3, 7, 4, 16.8666666667, 6.82023134179
6, 3, 8, 0, 17.2666666667, 7.05659659861
6, 3, 8, 1, 10.8, 6.15575611386
6, 3, 8, 2, 13.4666666667, 4.7870194856
6, 3, 8, 3, 10.0666666667, 5.74417579428
6, 3, 8, 4, 20.3333333333, 4.10960933531
6, 3, 9, 0, 20.3333333333, 4.49691252108
6, 3, 9, 1, 15.7333333333, 7.27980463718
6, 3, 9, 2, 11.4666666667, 6.29144039328
6, 3, 9, 3, 21.8666666667, 3.20138858761
6, 3, 9, 4, 17.0666666667, 5.57932692078
6, 4, 0, 0, 16.4666666667, 5.57215298506
6, 4, 0, 1, 13.2, 5.6709787515
6, 4, 0, 2, 17.2666666667, 5.97178551375
6, 4, 0, 3, 21.8666666667, 8.10651315644
6, 4, 0, 4, 18.6, 4.49888875168
6, 4, 1, 0, 14.5333333333, 5.65528268279
6, 4, 1, 1, 7.86666666667, 3.82738669184
6, 4, 1, 2, 16.0666666667, 4.75347825866
6, 4, 1, 3, 11.8, 3.31058907145
6, 4, 1, 4, 15.8666666667, 4.01441845795
6, 4, 2, 0, 17.6666666667, 3.7535168694
6, 4, 2, 1, 15.3333333333, 2.21108319357
6, 4, 2, 2, 16.5333333333, 4.17718671942
6, 4, 2, 3, 15.2, 4.10203201678
6, 4, 2, 4, 11.2666666667, 5.43404903262
6, 4, 3, 0, 16.3333333333, 4.59951688284
6, 4, 3, 1, 15.6666666667, 5.27467745196
6, 4, 3, 2, 9.06666666667, 5.01287231923
6, 4, 3, 3, 18.0666666667, 3.6781637931
6, 4, 3, 4, 21.0666666667, 5.47073019705
6, 4, 4, 0, 9.2, 4.79165942028
6, 4, 4, 1, 16.9333333333, 3.95755255457
6, 4, 4, 2, 22.1333333333, 3.57522338074
6, 4, 4, 3, 19.4, 3.73809220503
6, 4, 4, 4, 9.8, 4.87442304278
6, 4, 5, 0, 16.8, 5.25610755851
6, 4, 5, 1, 17.6666666667, 4.81202198203
6, 4, 5, 2, 12.9333333333, 4.1707979519
6, 4, 5, 3, 17.0666666667, 6.44429118592
6, 4, 5, 4, 16.3333333333, 5.10772834917
6, 4, 6, 0, 18.3333333333, 6.46701030015
6, 4, 6, 1, 13.7333333333, 4.63992337101
6, 4, 6, 2, 21.6666666667, 5.83856907888
6, 4, 6, 3, 19.2666666667, 7.65477338368
6, 4, 6, 4, 17.0666666667, 4.89171635409
6, 4, 7, 0, 17.2666666667, 4.32768863123
6, 4, 7, 1, 19.5333333333, 5.22642856601
6, 4, 7, 2, 14.6666666667, 4.7842333648
6, 4, 7, 3, 22.0, 6.22896460096
6, 4, 7, 4, 21.8, 4.50481224174
6, 4, 8, 0, 24.9333333333, 10.0496544993
6, 4, 8, 1, 20.7333333333, 5.42176682969
6, 4, 8, 2, 23.2, 5.29402178562
6, 4, 8, 3, 19.6666666667, 8.45116691482
6, 4, 8, 4, 18.2666666667, 4.10636362518
6, 4, 9, 0, 18.9333333333, 6.43393779544
6, 4, 9, 1, 20.7333333333, 5.3099487338
6, 4, 9, 2, 14.3333333333, 7.56894238906
6, 4, 9, 3, 25.8666666667, 8.23704369837
6, 4, 9, 4, 14.6, 6.12970907412
6, 5, 0, 0, 19.8, 6.95892712037
6, 5, 0, 1, 24.6666666667, 4.07703596038
6, 5, 0, 2, 25.0, 2.96647939484
6, 5, 0, 3, 22.0, 5.3166405433
6, 5, 0, 4, 23.3333333333, 5.71158666416
6, 5, 1, 0, 23.0, 5.27888877195
6, 5, 1, 1, 10.2, 4.87442304278
6, 5, 1, 2, 21.4666666667, 5.09727596096
6, 5, 1, 3, 16.5333333333, 6.36518307322
6, 5, 1, 4, 18.6, 4.12795348811
6, 5, 2, 0, 16.9333333333, 4.44921965692
6, 5, 2, 1, 21.2666666667, 5.5433644016
6, 5, 2, 2, 15.6, 5.2
6, 5, 2, 3, 18.6, 5.13549737935
6, 5, 2, 4, 9.86666666667, 2.82528268006
6, 5, 3, 0, 17.4666666667, 8.86090038064
6, 5, 3, 1, 17.0, 4.84424056656
6, 5, 3, 2, 20.2666666667, 10.0893783533
6, 5, 3, 3, 15.6666666667, 6.67998669327
6, 5, 3, 4, 16.7333333333, 7.88641588781
6, 5, 4, 0, 20.0666666667, 15.4551681396
6, 5, 4, 1, 14.3333333333, 3.7888725969
6, 5, 4, 2, 15.8666666667, 7.95710723539
6, 5, 4, 3, 13.6, 4.33282048247
6, 5, 4, 4, 15.2666666667, 4.4790872086
6, 5, 5, 0, 22.7333333333, 7.81849658751
6, 5, 5, 1, 24.0, 8.67179335547
6, 5, 5, 2, 12.1333333333, 4.99154841262
6, 5, 5, 3, 18.9333333333, 5.32248897499
6, 5, 5, 4, 20.7333333333, 3.65999392835
6, 5, 6, 0, 24.4, 6.1838499335
6, 5, 6, 1, 14.7333333333, 6.27658789117
6, 5, 6, 2, 24.3333333333, 5.68819440205
6, 5, 6, 3, 11.6666666667, 5.1854497287
6, 5, 6, 4, 28.4, 6.41664502161
6, 5, 7, 0, 23.6, 4.8
6, 5, 7, 1, 21.4666666667, 8.34958415465
6, 5, 7, 2, 25.8, 7.11055553385
6, 5, 7, 3, 17.1333333333, 7.68432748449
6, 5, 7, 4, 21.2, 4.51958700178
6, 5, 8, 0, 12.8, 6.75475141413
6, 5, 8, 1, 20.0, 5.03322295685
6, 5, 8, 2, 15.8666666667, 8.23704369837
6, 5, 8, 3, 22.2, 12.2485373276
6, 5, 8, 4, 20.3333333333, 7.5777451938
6, 5, 9, 0, 17.1333333333, 9.0470375753
6, 5, 9, 1, 23.6666666667, 7.09616484839
6, 5, 9, 2, 15.8666666667, 5.79501701656
6, 5, 9, 3, 21.8666666667, 8.77015139867
6, 5, 9, 4, 14.4666666667, 2.89520676675
7, 0, 0, 0, 5.0, 3.26598632371
7, 0, 0, 1, 5.46666666667, 2.15612821717
7, 0, 0, 2, 5.2, 1.46969384567
7, 0, 0, 3, 4.8, 2.07203603572
7, 0, 0, 4, 4.73333333333, 1.48174071806
7, 0, 1, 0, 5.4, 1.62480768093
7, 0, 1, 1, 4.8, 1.90438091428
7, 0, 1, 2, 3.46666666667, 1.49962958389
7, 0, 1, 3, 5.4, 2.8
7, 0, 1, 4, 3.13333333333, 1.54344492037
7, 0, 2, 0, 4.86666666667, 1.62754074876
7, 0, 2, 1, 4.2, 1.6
7, 0, 2, 2, 4.66666666667, 1.192569588
7, 0, 2, 3, 6.13333333333, 1.62754074876
7, 0, 2, 4, 4.2, 1.51437555888
7, 0, 3, 0, 3.66666666667, 1.44529889258
7, 0, 3, 1, 4.73333333333, 2.17460085737
7, 0, 3, 2, 3.4, 1.01980390272
7, 0, 3, 3, 3.13333333333, 1.92757763931
7, 0, 3, 4, 3.26666666667, 1.84270332814
7, 0, 4, 0, 8.73333333333, 0.771722460186
7, 0, 4, 1, 5.73333333333, 2.23507394857
7, 0, 4, 2, 5.33333333333, 1.24721912892
7, 0, 4, 3, 5.6, 1.2
7, 0, 4, 4, 7.86666666667, 1.35973853696
7, 0, 5, 0, 5.13333333333, 2.60426999795
7, 0, 5, 1, 4.8, 1.6
7, 0, 5, 2, 5.13333333333, 1.45449494862
7, 0, 5, 3, 5.66666666667, 1.57762127549
7, 0, 5, 4, 2.6, 1.01980390272
7, 0, 6, 0, 5.86666666667, 1.54344492037
7, 0, 6, 1, 5.86666666667, 2.06128331117
7, 0, 6, 2, 2.46666666667, 1.25786415094
7, 0, 6, 3, 8.4, 1.45143607047
7, 0, 6, 4, 4.86666666667, 1.54344492037
7, 0, 7, 0, 6.8, 2.61278905897
7, 0, 7, 1, 6.8, 2.4
7, 0, 7, 2, 7.53333333333, 1.85711843696
7, 0, 7, 3, 10.2666666667, 1.56914697279
7, 0, 7, 4, 5.13333333333, 1.92757763931
7, 0, 8, 0, 4.46666666667, 1.85711843696
7, 0, 8, 1, 7.46666666667, 1.70749979665
7, 0, 8, 2, 3.26666666667, 1.43604394857
7, 0, 8, 3, 6.46666666667, 0.80553639824
7, 0, 8, 4, 6.0, 2.16024689947
7, 0, 9, 0, 5.53333333333, 1.74610678049
7, 0, 9, 1, 3.8, 1.90438091428
7, 0, 9, 2, 6.6, 3.68420050124
7, 0, 9, 3, 7.53333333333, 1.66799946709
7, 0, 9, 4, 2.8, 1.51437555888
7, 1, 0, 0, 7.93333333333, 2.04830553276
7, 1, 0, 1, 8.46666666667, 2.8487814159
7, 1, 0, 2, 6.4, 2.33238075794
7, 1, 0, 3, 4.6, 2.24499443206
7, 1, 0, 4, 9.06666666667, 1.12348663642
7, 1, 1, 0, 5.6, 2.8
7, 1, 1, 1, 7.0, 2.82842712475
7, 1, 1, 2, 4.6, 2.49799919936
7, 1, 1, 3, 3.86666666667, 1.8208667045
7, 1, 1, 4, 4.13333333333, 1.99555060628
7, 1, 2, 0, 5.46666666667, 2.18682926225
7, 1, 2, 1, 3.53333333333, 1.62754074876
7, 1, 2, 2, 6.66666666667, 1.57762127549
7, 1, 2, 3, 6.66666666667, 1.24721912892
7, 1, 2, 4, 9.0, 7.37563556583
7, 1, 3, 0, 9.13333333333, 2.21710521978
7, 1, 3, 1, 4.0, 2.0
7, 1, 3, 2, 7.53333333333, 1.25786415094
7, 1, 3, 3, 7.4, 2.02649122048
7, 1, 3, 4, 5.8, 2.85657137142
7, 1, 4, 0, 7.73333333333, 1.28927197372
7, 1, 4, 1, 9.86666666667, 2.41844761963
7, 1, 4, 2, 3.8, 1.72046505341
7, 1, 4, 3, 8.4, 1.95959179423
7, 1, 4, 4, 12.0, 2.16024689947
7, 1, 5, 0, 7.53333333333, 2.75358352374
7, 1, 5, 1, 8.93333333333, 2.26470503353
7, 1, 5, 2, 6.6, 2.15406592285
7, 1, 5, 3, 9.4, 2.87054001888
7, 1, 5, 4, 5.06666666667, 2.93181779031
7, 1, 6, 0, 7.13333333333, 1.74610678049
7, 1, 6, 1, 7.4, 2.41660919472
7, 1, 6, 2, 9.73333333333, 3.80292285252
7, 1, 6, 3, 7.0, 3.40587727319
7, 1, 6, 4, 8.2, 1.93907194297
7, 1, 7, 0, 14.0, 1.41421356237
7, 1, 7, 1, 8.6, 1.49666295471
7, 1, 7, 2, 8.93333333333, 2.26470503353
7, 1, 7, 3, 8.93333333333, 2.11239726903
7, 1, 7, 4, 11.4, 3.2
7, 1, 8, 0, 11.8666666667, 2.60426999795
7, 1, 8, 1, 8.13333333333, 4.31843593085
7, 1, 8, 2, 7.86666666667, 3.42279937413
7, 1, 8, 3, 9.46666666667, 2.94089933335
7, 1, 8, 4, 8.13333333333, 3.11697859402
7, 1, 9, 0, 9.0, 1.26491106407
7, 1, 9, 1, 12.2666666667, 2.90898989724
7, 1, 9, 2, 11.5333333333, 3.03021818063
7, 1, 9, 3, 10.4, 3.13687742827
7, 1, 9, 4, 6.53333333333, 3.11697859402
7, 2, 0, 0, 5.26666666667, 2.37954243968
7, 2, 0, 1, 6.2, 3.24961536185
7, 2, 0, 2, 11.0666666667, 3.71423687392
7, 2, 0, 3, 8.33333333333, 2.49443825785
7, 2, 0, 4, 7.6, 2.96198131887
7, 2, 1, 0, 10.2666666667, 3.25508149753
7, 2, 1, 1, 9.6, 3.51757492221
7, 2, 1, 2, 12.8666666667, 7.57070376884
7, 2, 1, 3, 7.8, 4.26145515053
7, 2, 1, 4, 11.4, 2.65329983228
7, 2, 2, 0, 11.3333333333, 8.20298048815
7, 2, 2, 1, 9.13333333333, 2.94089933335
7, 2, 2, 2, 7.06666666667, 3.95755255457
7, 2, 2, 3, 10.7333333333, 2.74388208363
7, 2, 2, 4, 10.4666666667, 2.80158685193
7, 2, 3, 0, 8.13333333333, 4.27187182496
7, 2, 3, 1, 11.4, 2.49799919936
7, 2, 3, 2, 9.46666666667, 3.32398689662
7, 2, 3, 3, 10.0666666667, 3.08688984074
7, 2, 3, 4, 11.8666666667, 6.30202789232
7, 2, 4, 0, 7.0, 3.68781778292
7, 2, 4, 1, 8.73333333333, 4.41915024511
7, 2, 4, 2, 4.46666666667, 2.02868320729
7, 2, 4, 3, 8.8, 3.03754286664
7, 2, 4, 4, 16.6666666667, 2.82055944017
7, 2, 5, 0, 13.0, 4.1150131632
7, 2, 5, 1, 8.46666666667, 3.93050745946
7, 2, 5, 2, 11.0, 3.91578004149
7, 2, 5, 3, 10.8, 5.21791784783
7, 2, 5, 4, 9.8, 4.13440846232
7, 2, 6, 0, 9.66666666667, 3.17630113322
7, 2, 6, 1, 11.2666666667, 5.81339449509
7, 2, 6, 2, 11.1333333333, 4.16119640915
7, 2, 6, 3, 11.9333333333, 6.67799038301
7, 2, 6, 4, 13.4666666667, 3.22214559296
7, 2, 7, 0, 14.0, 5.4893836934
7, 2, 7, 1, 7.4, 2.87054001888
7, 2, 7, 2, 14.1333333333, 6.30202789232
7, 2, 7, 3, 10.7333333333, 1.69181033873
7, 2, 7, 4, 13.2666666667, 2.93181779031
7, 2, 8, 0, 5.26666666667, 2.29395340454
7, 2, 8, 1, 15.0666666667, 4.15478305357
7, 2, 8, 2, 10.2, 3.86781592116
7, 2, 8, 3, 13.6666666667, 5.26202326951
7, 2, 8, 4, 16.6666666667, 3.85861230093
7, 2, 9, 0, 15.0666666667, 4.80925034583
7, 2, 9, 1, 11.4, 5.51120071612
7, 2, 9, 2, 12.5333333333, 4.96476473651
7, 2, 9, 3, 9.33333333333, 2.93636207274
7, 2, 9, 4, 11.9333333333, 4.1867515915
7, 3, 0, 0, 12.6666666667, 3.7535168694
7, 3, 0, 1, 10.2, 3.74521917472
7, 3, 0, 2, 8.06666666667, 4.40403855064
7, 3, 0, 3, 8.8, 4.70744091838
7, 3, 0, 4, 12.2, 3.96988664826
7, 3, 1, 0, 9.13333333333, 4.81479202274
7, 3, 1, 1, 14.9333333333, 3.99110121256
7, 3, 1, 2, 11.8666666667, 3.32398689662
7, 3, 1, 3, 13.0, 4.21109645263
7, 3, 1, 4, 8.6, 3.32264954517
7, 3, 2, 0, 11.2666666667, 3.62338086445
7, 3, 2, 1, 8.93333333333, 2.93181779031
7, 3, 2, 2, 10.5333333333, 4.41008944228
7, 3, 2, 3, 10.5333333333, 3.86206622879
7, 3, 2, 4, 10.3333333333, 3.15524255099
7, 3, 3, 0, 10.1333333333, 4.48503685108
7, 3, 3, 1, 9.66666666667, 3.7888725969
7, 3, 3, 2, 11.4, 5.78273291792
7, 3, 3, 3, 12.2666666667, 3.65999392835
7, 3, 3, 4, 8.6, 4.46915353656
7, 3, 4, 0, 9.6, 3.8952963088
7, 3, 4, 1, 15.8, 4.44522215418
7, 3, 4, 2, 16.4, 5.77119282875
7, 3, 4, 3, 6.73333333333, 2.56818137123
7, 3, 4, 4, 18.5333333333, 4.24054503834
7, 3, 5, 0, 11.5333333333, 5.77196288584
7, 3, 5, 1, 17.6, 5.70146180086
7, 3, 5, 2, 12.6, 4.39393521421
7, 3, 5, 3, 10.0, 3.86436713232
7, 3, 5, 4, 12.6, 6.94550214167
7, 3, 6, 0, 15.2, 4.1825032377
7, 3, 6, 1, 11.0, 4.61880215352
7, 3, 6, 2, 9.66666666667, 3.04776785351
7, 3, 6, 3, 8.4, 4.31740662898
7, 3, 6, 4, 16.9333333333, 7.9537552277
7, 3, 7, 0, 21.8666666667, 12.4518628682
7, 3, 7, 1, 10.0666666667, 5.23407638037
7, 3, 7, 2, 13.3333333333, 2.77288457908
7, 3, 7, 3, 13.0, 5.92171146432
7, 3, 7, 4, 17.1333333333, 4.17718671942
7, 3, 8, 0, 21.6666666667, 5.37483849887
7, 3, 8, 1, 26.9333333333, 2.26470503353
7, 3, 8, 2, 17.6, 4.02988833592
7, 3, 8, 3, 18.7333333333, 6.76724135491
7, 3, 8, 4, 16.5333333333, 6.92692011086
7, 3, 9, 0, 13.4, 4.51368290128
7, 3, 9, 1, 16.0, 8.77116487893
7, 3, 9, 2, 16.9333333333, 8.17693232345
7, 3, 9, 3, 15.4, 6.22682369538
7, 3, 9, 4, 16.0666666667, 7.59356452677
7, 4, 0, 0, 18.0666666667, 4.98620318702
7, 4, 0, 1, 8.06666666667, 1.98214249964
7, 4, 0, 2, 17.5333333333, 7.04146449414
7, 4, 0, 3, 21.4, 4.09552601424
7, 4, 0, 4, 13.0, 6.20752231839
7, 4, 1, 0, 18.0, 3.7594325813
7, 4, 1, 1, 10.6666666667, 4.01109572173
7, 4, 1, 2, 14.6666666667, 4.67142614436
7, 4, 1, 3, 15.0, 6.21825270206
7, 4, 1, 4, 13.4, 4.42417600614
7, 4, 2, 0, 8.4, 2.33238075794
7, 4, 2, 1, 16.6, 5.17429544318
7, 4, 2, 2, 12.7333333333, 5.67411275492
7, 4, 2, 3, 13.5333333333, 9.03228776237
7, 4, 2, 4, 14.8666666667, 4.1931160516
7, 4, 3, 0, 15.4, 2.91661904723
7, 4, 3, 1, 24.2666666667, 9.65723677986
7, 4, 3, 2, 17.0666666667, 4.1707979519
7, 4, 3, 3, 13.5333333333, 5.87499408983
7, 4, 3, 4, 13.2666666667, 5.53132493672
7, 4, 4, 0, 12.8666666667, 4.55875226594
7, 4, 4, 1, 12.5333333333, 3.61232458244
7, 4, 4, 2, 12.9333333333, 6.47525203285
7, 4, 4, 3, 11.5333333333, 4.96476473651
7, 4, 4, 4, 17.2666666667, 7.25227933519
7, 4, 5, 0, 24.0666666667, 4.89171635409
7, 4, 5, 1, 13.4, 6.88767014309
7, 4, 5, 2, 13.9333333333, 7.11305528979
7, 4, 5, 3, 24.5333333333, 6.83975308196
7, 4, 5, 4, 24.7333333333, 5.77888878207
7, 4, 6, 0, 22.5333333333, 8.3415959038
7, 4, 6, 1, 21.8, 6.23110477096
7, 4, 6, 2, 17.6, 3.84360941477
7, 4, 6, 3, 15.0, 5.5497747702
7, 4, 6, 4, 25.0, 8.20568908339
7, 4, 7, 0, 13.8, 5.7988504608
7, 4, 7, 1, 17.0, 6.81175454637
7, 4, 7, 2, 23.4, 4.74411916658
7, 4, 7, 3, 21.0666666667, 6.02734509456
7, 4, 7, 4, 17.5333333333, 7.60584570504
7, 4, 8, 0, 24.6666666667, 8.94923957043
7, 4, 8, 1, 22.2, 3.83318840306
7, 4, 8, 2, 19.0666666667, 8.57489876843
7, 4, 8, 3, 20.1333333333, 11.8144920425
7, 4, 8, 4, 21.6, 6.79018900081
7, 4, 9, 0, 18.1333333333, 7.81337883946
7, 4, 9, 1, 14.8, 7.00666349508
7, 4, 9, 2, 25.8, 5.8901046963
7, 4, 9, 3, 15.0, 6.97614984549
7, 4, 9, 4, 21.5333333333, 6.16297186609
7, 5, 0, 0, 9.73333333333, 2.23507394857
7, 5, 0, 1, 12.2666666667, 7.00920030309
7, 5, 0, 2, 22.8666666667, 5.72557614762
7, 5, 0, 3, 25.3333333333, 3.25917508309
7, 5, 0, 4, 25.0666666667, 4.98620318702
7, 5, 1, 0, 19.7333333333, 5.56736522563
7, 5, 1, 1, 18.9333333333, 4.90532590377
7, 5, 1, 2, 22.7333333333, 8.99975308303
7, 5, 1, 3, 15.2666666667, 5.32248897499
7, 5, 1, 4, 25.0666666667, 4.41915024511
7, 5, 2, 0, 9.93333333333, 5.5433644016
7, 5, 2, 1, 17.2, 5.84465567848
7, 5, 2, 2, 16.1333333333, 5.41438413447
7, 5, 2, 3, 15.9333333333, 6.00518294661
7, 5, 2, 4, 13.5333333333, 5.56017585653
7, 5, 3, 0, 13.0666666667, 10.0230844665
7, 5, 3, 1, 13.9333333333, 4.75347825866
7, 5, 3, 2, 16.5333333333, 5.30241035337
7, 5, 3, 3, 24.7333333333, 4.85065860362
7, 5, 3, 4, 24.8666666667, 6.80065356336
7, 5, 4, 0, 20.6, 5.85149553533
7, 5, 4, 1, 20.7333333333, 7.03767638421
7, 5, 4, 2, 24.4, 6.66133119829
7, 5, 4, 3, 19.9333333333, 6.20179185576
7, 5, 4, 4, 21.0666666667, 7.83553160644
7, 5, 5, 0, 24.0666666667, 4.29676881182
7, 5, 5, 1, 23.4666666667, 7.82190655929
7, 5, 5, 2, 20.0, 10.9117673484
7, 5, 5, 3, 22.2666666667, 6.14780900448
7, 5, 5, 4, 18.2666666667, 8.18508127972
7, 5, 6, 0, 20.3333333333, 7.61285462593
7, 5, 6, 1, 23.1333333333, 11.7067881543
7, 5, 6, 2, 23.5333333333, 10.3786104829
7, 5, 6, 3, 19.2, 9.65539572812
7, 5, 6, 4, 24.6666666667, 11.53352601
7, 5, 7, 0, 17.8, 4.96923870762
7, 5, 7, 1, 21.0, 8.63326898303
7, 5, 7, 2, 25.6666666667, 7.18021974285
7, 5, 7, 3, 26.7333333333, 8.02883691591
7, 5, 7, 4, 16.6, 6.82934843159
7, 5, 8, 0, 20.4, 8.61626369142
7, 5, 8, 1, 29.1333333333, 6.93653772105
7, 5, 8, 2, 18.8, 9.41063228481
7, 5, 8, 3, 14.0, 6.12100209661
7, 5, 8, 4, 22.3333333333, 6.91536132261
7, 5, 9, 0, 22.8666666667, 12.4679143761
7, 5, 9, 1, 13.4666666667, 5.66705880996
7, 5, 9, 2, 22.8, 4.26145515053
7, 5, 9, 3, 19.5333333333, 8.04874041215
7, 5, 9, 4, 24.3333333333, 10.8607345772
7, 6, 0, 0, 22.5333333333, 10.281807018
7, 6, 0, 1, 23.0666666667, 9.05882013411
7, 6, 0, 2, 16.0, 8.29457654133
7, 6, 0, 3, 26.0666666667, 7.39789759924
7, 6, 0, 4, 13.4, 5.93071103101
7, 6, 1, 0, 21.8, 6.03545082547
7, 6, 1, 1, 12.8, 6.80392043849
7, 6, 1, 2, 24.6, 6.74091981854
7, 6, 1, 3, 26.2666666667, 5.37235723144
7, 6, 1, 4, 25.2, 9.31808277848
7, 6, 2, 0, 14.7333333333, 2.54209012866
7, 6, 2, 1, 20.6666666667, 8.14589194352
7, 6, 2, 2, 16.3333333333, 4.770278352
7, 6, 2, 3, 16.2666666667, 6.06043636126
7, 6, 2, 4, 16.3333333333, 7.11492953038
7, 6, 3, 0, 23.0, 5.25357021463
7, 6, 3, 1, 24.8666666667, 8.85337349388
7, 6, 3, 2, 19.6666666667, 8.61523198888
7, 6, 3, 3, 13.6666666667, 7.20802022441
7, 6, 3, 4, 26.5333333333, 9.41535389079
7, 6, 4, 0, 27.3333333333, 12.4721912892
7, 6, 4, 1, 31.2, 9.62773770589
7, 6, 4, 2, 14.9333333333, 7.68953112282
7, 6, 4, 3, 20.0666666667, 10.7484365788
7, 6, 4, 4, 21.8666666667, 8.79292645003
7, 6, 5, 0, 26.4, 7.83836717691
7, 6, 5, 1, 25.6, 5.38887743412
7, 6, 5, 2, 23.1333333333, 6.3442012018
7, 6, 5, 3, 26.4666666667, 6.10864596744
7, 6, 5, 4, 33.2666666667, 4.04090198952
7, 6, 6, 0, 29.1333333333, 7.24676172891
7, 6, 6, 1, 18.4, 7.5524830354
7, 6, 6, 2, 32.4666666667, 5.86363558061
7, 6, 6, 3, 12.7333333333, 2.76807193227
7, 6, 6, 4, 23.8666666667, 10.1644259826
7, 6, 7, 0, 32.0666666667, 8.18508127972
7, 6, 7, 1, 32.6, 4.85523772161
7, 6, 7, 2, 29.6, 6.38540001357
7, 6, 7, 3, 29.6666666667, 7.87118514301
7, 6, 7, 4, 16.8666666667, 8.3255964084
7, 6, 8, 0, 30.6, 6.55031805844
7, 6, 8, 1, 19.8, 5.77581163128
7, 6, 8, 2, 30.3333333333, 7.39068482769
7, 6, 8, 3, 28.8666666667, 11.9324021983
7, 6, 8, 4, 30.0666666667, 8.25806003584
7, 6, 9, 0, 35.6, 4.97728172131
7, 6, 9, 1, 32.8666666667, 8.71677820196
7, 6, 9, 2, 27.6666666667, 10.1827741254
7, 6, 9, 3, 28.4, 9.27218061371
7, 6, 9, 4, 23.3333333333, 8.67691701521
8, 0, 0, 0, 5.53333333333, 1.45449494862
8, 0, 0, 1, 3.13333333333, 1.66799946709
8, 0, 0, 2, 3.73333333333, 1.69181033873
8, 0, 0, 3, 4.46666666667, 2.18682926225
8, 0, 0, 4, 3.46666666667, 1.92757763931
8, 0, 1, 0, 6.0, 1.31656117721
8, 0, 1, 1, 6.13333333333, 1.20369800568
8, 0, 1, 2, 5.4, 1.8547236991
8, 0, 1, 3, 4.13333333333, 2.15612821717
8, 0, 1, 4, 6.06666666667, 1.48174071806
8, 0, 2, 0, 3.86666666667, 2.12498366007
8, 0, 2, 1, 6.66666666667, 1.01105005921
8, 0, 2, 2, 2.6, 0.879393730552
8, 0, 2, 3, 6.4, 0.611010092661
8, 0, 2, 4, 5.8, 1.64113781668
8, 0, 3, 0, 5.2, 1.7587874611
8, 0, 3, 1, 5.8, 1.55777619274
8, 0, 3, 2, 3.93333333333, 1.87853370715
8, 0, 3, 3, 6.13333333333, 1.54344492037
8, 0, 3, 4, 5.2, 1.93907194297
8, 0, 4, 0, 5.53333333333, 1.54344492037
8, 0, 4, 1, 4.46666666667, 1.8208667045
8, 0, 4, 2, 5.06666666667, 2.51572830188
8, 0, 4, 3, 3.33333333333, 1.192569588
8, 0, 4, 4, 4.6, 2.12289111041
8, 0, 5, 0, 4.8, 2.07203603572
8, 0, 5, 1, 4.6, 1.58324561161
8, 0, 5, 2, 5.93333333333, 3.0214051183
8, 0, 5, 3, 6.0, 1.50554530542
8, 0, 5, 4, 5.53333333333, 1.45449494862
8, 0, 6, 0, 8.8, 2.10396451174
8, 0, 6, 1, 8.6, 1.54056266777
8, 0, 6, 2, 5.06666666667, 2.11239726903
8, 0, 6, 3, 7.2, 1.7587874611
8, 0, 6, 4, 5.33333333333, 2.14993539955
8, 0, 7, 0, 6.53333333333, 1.25786415094
8, 0, 7, 1, 7.26666666667, 2.54209012866
8, 0, 7, 2, 6.4, 1.25432584815
8, 0, 7, 3, 5.33333333333, 2.02210011841
8, 0, 7, 4, 6.26666666667, 2.90898989724
8, 0, 8, 0, 4.06666666667, 0.99777530314
8, 0, 8, 1, 4.06666666667, 2.17460085737
8, 0, 8, 2, 7.13333333333, 2.02868320729
8, 0, 8, 3, 7.53333333333, 2.09337579575
8, 0, 8, 4, 5.2, 2.31516738056
8, 0, 9, 0, 6.4, 2.89367125523
8, 0, 9, 1, 5.2, 1.86904610252
8, 0, 9, 2, 6.06666666667, 1.65193489245
8, 0, 9, 3, 5.8, 1.90438091428
8, 0, 9, 4, 5.8, 2.34378611083
8, 1, 0, 0, 7.33333333333, 3.4576806613
8, 1, 0, 1, 6.0, 2.75680975042
8, 1, 0, 2, 5.13333333333, 2.18682926225
8, 1, 0, 3, 7.93333333333, 2.9769484749
8, 1, 0, 4, 8.2, 1.97315314493
8, 1, 1, 0, 9.13333333333, 5.92021020648
8, 1, 1, 1, 6.13333333333, 4.2562372532
8, 1, 1, 2, 4.2, 1.6
8, 1, 1, 3, 4.0, 2.03306009093
8, 1, 1, 4, 6.6, 1.58324561161
8, 1, 2, 0, 7.93333333333, 2.43493098237
8, 1, 2, 1, 7.93333333333, 2.29395340454
8, 1, 2, 2, 5.26666666667, 3.15101394616
8, 1, 2, 3, 7.13333333333, 1.99555060628
8, 1, 2, 4, 8.4, 2.09125161885
8, 1, 3, 0, 8.6, 2.15406592285
8, 1, 3, 1, 8.26666666667, 2.11239726903
8, 1, 3, 2, 8.86666666667, 2.60426999795
8, 1, 3, 3, 7.0, 2.55603860169
8, 1, 3, 4, 8.66666666667, 2.385139176
8, 1, 4, 0, 7.86666666667, 2.44585817705
8, 1, 4, 1, 10.1333333333, 3.73928097663
8, 1, 4, 2, 8.53333333333, 2.57854394744
8, 1, 4, 3, 8.4, 3.59258495608
8, 1, 4, 4, 7.53333333333, 2.12498366007
8, 1, 5, 0, 6.6, 2.47116706571
8, 1, 5, 1, 4.73333333333, 2.17460085737
8, 1, 5, 2, 7.33333333333, 1.6996731712
8, 1, 5, 3, 9.13333333333, 1.30979218029
8, 1, 5, 4, 9.73333333333, 3.60493488923
8, 1, 6, 0, 5.4, 2.41660919472
8, 1, 6, 1, 7.53333333333, 2.09337579575
8, 1, 6, 2, 4.26666666667, 1.61107279648
8, 1, 6, 3, 10.7333333333, 3.49221356099
8, 1, 6, 4, 5.46666666667, 1.8208667045
8, 1, 7, 0, 6.73333333333, 2.01549552771
8, 1, 7, 1, 6.93333333333, 3.31595469745
8, 1, 7, 2, 6.86666666667, 3.34398298773
8, 1, 7, 3, 10.3333333333, 4.65713311909
8, 1, 7, 4, 8.8, 3.14536696322
8, 1, 8, 0, 6.4, 4.73004580668
8, 1, 8, 1, 9.6, 2.7030846577
8, 1, 8, 2, 6.13333333333, 2.02868320729
8, 1, 8, 3, 5.6, 1.78138522878
8, 1, 8, 4, 10.3333333333, 3.29983164554
8, 1, 9, 0, 6.2, 6.50333247907
8, 1, 9, 1, 5.66666666667, 2.62466929134
8, 1, 9, 2, 10.0666666667, 3.08688984074
8, 1, 9, 3, 13.2, 2.80950766743
8, 1, 9, 4, 8.8, 3.54400902933
8, 2, 0, 0, 9.8, 3.2083225108
8, 2, 0, 1, 10.9333333333, 3.54902177445
8, 2, 0, 2, 12.4, 2.49799919936
8, 2, 0, 3, 12.2, 3.74521917472
8, 2, 0, 4, 11.0, 2.52982212813
8, 2, 1, 0, 9.6, 2.91661904723
8, 2, 1, 1, 8.66666666667, 2.98142397
8, 2, 1, 2, 9.33333333333, 3.31997322613
8, 2, 1, 3, 9.4, 3.70225156718
8, 2, 1, 4, 7.4, 2.75196899207
8, 2, 2, 0, 9.2, 3.2083225108
8, 2, 2, 1, 6.8, 3.2083225108
8, 2, 2, 2, 8.73333333333, 5.56736522563
8, 2, 2, 3, 8.4, 3.46025047263
8, 2, 2, 4, 8.33333333333, 3.00370142029
8, 2, 3, 0, 10.4, 2.84722086721
8, 2, 3, 1, 9.66666666667, 4.62841465539
8, 2, 3, 2, 10.2, 3.52514775104
8, 2, 3, 3, 7.26666666667, 3.43446583264
8, 2, 3, 4, 9.2, 2.4
8, 2, 4, 0, 10.1333333333, 3.49984126624
8, 2, 4, 1, 12.6666666667, 3.94405318873
8, 2, 4, 2, 10.3333333333, 2.05480466766
8, 2, 4, 3, 10.4, 2.7276363394
8, 2, 4, 4, 9.93333333333, 2.71947707392
8, 2, 5, 0, 10.2666666667, 4.09009644005
8, 2, 5, 1, 11.8, 3.2083225108
8, 2, 5, 2, 10.4666666667, 4.52941006706
8, 2, 5, 3, 10.4666666667, 4.03099105542
8, 2, 5, 4, 8.13333333333, 1.58605030045
8, 2, 6, 0, 11.0, 4.28952211791
8, 2, 6, 1, 10.3333333333, 2.91356978445
8, 2, 6, 2, 15.9333333333, 7.61985709986
8, 2, 6, 3, 12.6, 4.58693797647
8, 2, 6, 4, 11.9333333333, 4.87806883465
8, 2, 7, 0, 15.4, 4.37873649965
8, 2, 7, 1, 12.9333333333, 4.13870618538
8, 2, 7, 2, 7.86666666667, 2.82528268006
8, 2, 7, 3, 10.0, 2.85189995149
8, 2, 7, 4, 11.5333333333, 3.98106630049
8, 2, 8, 0, 14.6, 4.70177271533
8, 2, 8, 1, 16.7333333333, 6.53673380894
8, 2, 8, 2, 8.73333333333, 4.68282915436
8, 2, 8, 3, 17.2666666667, 4.56751816879
8, 2, 8, 4, 13.8666666667, 3.94743235816
8, 2, 9, 0, 9.93333333333, 4.24996732014
8, 2, 9, 1, 12.1333333333, 4.63129451546
8, 2, 9, 2, 12.4, 2.75196899207
8, 2, 9, 3, 8.33333333333, 3.3993463424
8, 2, 9, 4, 16.9333333333, 5.05261208573
8, 3, 0, 0, 9.0, 4.17931413831
8, 3, 0, 1, 10.2, 4.7215816559
8, 3, 0, 2, 10.6, 3.46025047263
8, 3, 0, 3, 13.3333333333, 3.89301368551
8, 3, 0, 4, 9.6, 3.70225156718
8, 3, 1, 0, 12.9333333333, 3.71423687392
8, 3, 1, 1, 10.5333333333, 5.35246568311
8, 3, 1, 2, 10.2666666667, 3.4149995933
8, 3, 1, 3, 10.2, 4.33897069207
8, 3, 1, 4, 11.1333333333, 4.01441845795
8, 3, 2, 0, 7.93333333333, 3.43446583264
8, 3, 2, 1, 12.8666666667, 4.04749579644
8, 3, 2, 2, 12.1333333333, 4.60241482509
8, 3, 2, 3, 10.2, 3.4486712417
8, 3, 2, 4, 8.8, 4.06939798988
8, 3, 3, 0, 11.4, 4.16012820315
8, 3, 3, 1, 11.6, 5.28898225875
8, 3, 3, 2, 11.8, 5.55217675031
8, 3, 3, 3, 11.2, 4.76375202265
8, 3, 3, 4, 12.4, 4.36348484585
8, 3, 4, 0, 16.6666666667, 6.78887979632
8, 3, 4, 1, 10.1333333333, 3.89643711899
8, 3, 4, 2, 9.2, 2.76164202363
8, 3, 4, 3, 11.8, 6.22039655756
8, 3, 4, 4, 9.8, 3.780652501
8, 3, 5, 0, 13.4666666667, 6.0428102366
8, 3, 5, 1, 13.0, 5.79655069848
8, 3, 5, 2, 6.33333333333, 0.942809041582
8, 3, 5, 3, 10.0, 2.09761769634
8, 3, 5, 4, 20.8666666667, 9.39408797536
8, 3, 6, 0, 14.2, 5.11468474102
8, 3, 6, 1, 10.6, 3.40196021925
8, 3, 6, 2, 13.2, 5.06227880175
8, 3, 6, 3, 11.0, 4.48701831212
8, 3, 6, 4, 12.0, 6.18600571182
8, 3, 7, 0, 23.1333333333, 6.61177400972
8, 3, 7, 1, 13.6, 6.10791835789
8, 3, 7, 2, 21.2666666667, 6.71780387395
8, 3, 7, 3, 19.1333333333, 5.88633068124
8, 3, 7, 4, 24.6666666667, 3.279566367
8, 3, 8, 0, 26.1333333333, 7.47321141738
8, 3, 8, 1, 15.4666666667, 6.7908435084
8, 3, 8, 2, 11.9333333333, 4.20264466999
8, 3, 8, 3, 18.8666666667, 3.20138858761
8, 3, 8, 4, 18.6, 6.32244678375
8, 3, 9, 0, 21.2, 11.5366083982
8, 3, 9, 1, 17.0666666667, 8.7823054427
8, 3, 9, 2, 17.4, 6.6211781429
8, 3, 9, 3, 21.2, 3.76297754445
8, 3, 9, 4, 15.4, 8.23650411279
8, 4, 0, 0, 18.9333333333, 9.58099971587
8, 4, 0, 1, 13.4, 6.94550214167
8, 4, 0, 2, 11.4, 5.31413210223
8, 4, 0, 3, 16.4666666667, 5.3274968064
8, 4, 0, 4, 17.1333333333, 4.11285248405
8, 4, 1, 0, 14.6, 6.11882341631
8, 4, 1, 1, 19.9333333333, 2.83940525854
8, 4, 1, 2, 15.6666666667, 6.02955682912
8, 4, 1, 3, 16.6, 5.95315042645
8, 4, 1, 4, 16.6666666667, 4.83965104344
8, 4, 2, 0, 12.3333333333, 3.57149206293
8, 4, 2, 1, 18.5333333333, 4.80092583664
8, 4, 2, 2, 13.0666666667, 5.75577005177
8, 4, 2, 3, 9.86666666667, 5.59603033905
8, 4, 2, 4, 9.46666666667, 3.51883819211
8, 4, 3, 0, 13.8666666667, 4.45520918576
8, 4, 3, 1, 18.4666666667, 6.74157910944
8, 4, 3, 2, 18.1333333333, 7.92352334648
8, 4, 3, 3, 19.2, 7.80768851838
8, 4, 3, 4, 18.1333333333, 3.75706741429
8, 4, 4, 0, 21.6666666667, 9.01603509803
8, 4, 4, 1, 15.6, 4.67332857822
8, 4, 4, 2, 16.2, 4.24578222082
8, 4, 4, 3, 16.3333333333, 5.49747416749
8, 4, 4, 4, 14.0666666667, 8.07024713927
8, 4, 5, 0, 16.0666666667, 9.92281322117
8, 4, 5, 1, 22.5333333333, 7.15417516016
8, 4, 5, 2, 14.9333333333, 6.27658789117
8, 4, 5, 3, 25.2666666667, 4.52351878765
8, 4, 5, 4, 18.6, 7.50821772016
8, 4, 6, 0, 18.3333333333, 7.85422745335
8, 4, 6, 1, 17.6666666667, 7.0584858307
8, 4, 6, 2, 29.4666666667, 2.55255862921
8, 4, 6, 3, 21.2666666667, 6.95189822199
8, 4, 6, 4, 24.4, 5.91945943478
8, 4, 7, 0, 14.6666666667, 6.1499774164
8, 4, 7, 1, 13.8, 5.99110451698
8, 4, 7, 2, 25.5333333333, 10.4808820664
8, 4, 7, 3, 13.3333333333, 4.2216373864
8, 4, 7, 4, 21.8666666667, 8.17203904924
8, 4, 8, 0, 19.0, 7.91622805803
8, 4, 8, 1, 21.2, 7.2590173807
8, 4, 8, 2, 20.0, 4.78887599895
8, 4, 8, 3, 20.4666666667, 9.68067949865
8, 4, 8, 4, 27.6, 5.23832034148
8, 4, 9, 0, 18.7333333333, 6.37146416105
8, 4, 9, 1, 18.9333333333, 8.16060999899
8, 4, 9, 2, 30.4, 5.85149553533
8, 4, 9, 3, 25.0666666667, 10.3245123641
8, 4, 9, 4, 29.2666666667, 7.89486471631
8, 5, 0, 0, 21.0666666667, 6.9423018917
8, 5, 0, 1, 16.5333333333, 8.80807710129
8, 5, 0, 2, 25.2, 6.65532368359
8, 5, 0, 3, 16.6, 8.06473806146
8, 5, 0, 4, 24.5333333333, 7.70165927288
8, 5, 1, 0, 24.4666666667, 8.79292645003
8, 5, 1, 1, 16.2666666667, 6.8163202846
8, 5, 1, 2, 12.3333333333, 6.52856969192
8, 5, 1, 3, 20.0666666667, 5.57932692078
8, 5, 1, 4, 21.3333333333, 6.12825877028
8, 5, 2, 0, 15.8, 5.31914780142
8, 5, 2, 1, 18.8666666667, 5.60793089195
8, 5, 2, 2, 14.9333333333, 6.7967312405
8, 5, 2, 3, 18.0666666667, 4.52351878765
8, 5, 2, 4, 19.9333333333, 5.9606114526
8, 5, 3, 0, 20.0, 5.7735026919
8, 5, 3, 1, 20.4666666667, 5.05788713024
8, 5, 3, 2, 21.8, 8.32025640631
8, 5, 3, 3, 20.4666666667, 6.62184935565
8, 5, 3, 4, 22.7333333333, 5.60317370385
8, 5, 4, 0, 21.4666666667, 7.00349119289
8, 5, 4, 1, 20.0, 9.21592824046
8, 5, 4, 2, 22.2, 5.46747961435
8, 5, 4, 3, 18.7333333333, 5.77888878207
8, 5, 4, 4, 24.4, 6.5401325165
8, 5, 5, 0, 25.3333333333, 8.59198593005
8, 5, 5, 1, 16.9333333333, 5.85908601139
8, 5, 5, 2, 19.0, 7.74596669241
8, 5, 5, 3, 19.7333333333, 5.92696287224
8, 5, 5, 4, 20.2, 6.92050094526
8, 5, 6, 0, 22.0666666667, 8.09499159289
8, 5, 6, 1, 24.8, 8.76508223958
8, 5, 6, 2, 24.4, 9.09798512492
8, 5, 6, 3, 16.2666666667, 9.21206937784
8, 5, 6, 4, 32.0, 7.29383301152
8, 5, 7, 0, 26.0666666667, 10.7049313662
8, 5, 7, 1, 23.8666666667, 4.71687278702
8, 5, 7, 2, 29.4666666667, 7.41949384317
8, 5, 7, 3, 29.0666666667, 6.96148132384
8, 5, 7, 4, 32.2666666667, 6.53673380894
8, 5, 8, 0, 28.4, 9.72830920561
8, 5, 8, 1, 21.2666666667, 13.2386639138
8, 5, 8, 2, 28.4666666667, 9.68067949865
8, 5, 8, 3, 33.2666666667, 7.04714284105
8, 5, 8, 4, 26.7333333333, 9.86891866192
8, 5, 9, 0, 20.5333333333, 6.33368420081
8, 5, 9, 1, 20.0, 6.61311827607
8, 5, 9, 2, 25.4666666667, 8.24513324466
8, 5, 9, 3, 20.7333333333, 10.2141514033
8, 5, 9, 4, 31.8666666667, 7.70165927288
8, 6, 0, 0, 24.2, 7.53834641461
8, 6, 0, 1, 17.0666666667, 8.73664059515
8, 6, 0, 2, 25.9333333333, 10.5733417402
8, 6, 0, 3, 17.6666666667, 6.39444203108
8, 6, 0, 4, 22.8, 9.94116022739
8, 6, 1, 0, 17.6666666667, 7.97217382873
8, 6, 1, 1, 21.0666666667, 8.07850371184
8, 6, 1, 2, 20.9333333333, 11.3693545209
8, 6, 1, 3, 30.0666666667, 0.249443825785
8, 6, 1, 4, 14.2, 11.2558133128
8, 6, 2, 0, 20.5333333333, 5.63165655518
8, 6, 2, 1, 24.2666666667, 6.71780387395
8, 6, 2, 2, 18.0, 5.8080404039
8, 6, 2, 3, 25.1333333333, 7.88979650491
8, 6, 2, 4, 25.3333333333, 6.37355648145
8, 6, 3, 0, 22.0666666667, 5.72091678745
8, 6, 3, 1, 29.4, 6.8
8, 6, 3, 2, 25.3333333333, 6.02955682912
8, 6, 3, 3, 23.3333333333, 6.54896090146
8, 6, 3, 4, 17.8666666667, 9.85133944644
8, 6, 4, 0, 30.0666666667, 8.10322295277
8, 6, 4, 1, 23.8666666667, 9.32285125675
8, 6, 4, 2, 30.0, 9.3666073545
8, 6, 4, 3, 30.7333333333, 10.6549936128
8, 6, 4, 4, 20.3333333333, 12.8460975484
8, 6, 5, 0, 34.6, 6.48896499194
8, 6, 5, 1, 19.6666666667, 10.1631141334
8, 6, 5, 2, 21.6, 8.86791971096
8, 6, 5, 3, 25.2666666667, 10.9023952516
8, 6, 5, 4, 31.5333333333, 10.1315787955
8, 6, 6, 0, 16.8, 9.2822411087
8, 6, 6, 1, 29.4666666667, 10.0390349248
8, 6, 6, 2, 37.2, 6.67532770731
8, 6, 6, 3, 35.6, 9.56939566187
8, 6, 6, 4, 21.0, 11.9163752878
8, 6, 7, 0, 27.6, 12.3547561692
8, 6, 7, 1, 37.2, 7.81622244651
8, 6, 7, 2, 29.8, 12.1666210045
8, 6, 7, 3, 35.6, 10.6633328123
8, 6, 7, 4, 31.4, 6.76067057818
8, 6, 8, 0, 32.9333333333, 7.81849658751
8, 6, 8, 1, 26.7333333333, 10.8226100775
8, 6, 8, 2, 33.2, 10.3807514179
8, 6, 8, 3, 24.8, 11.6972931342
8, 6, 8, 4, 35.2, 6.7052218457
8, 6, 9, 0, 18.8666666667, 10.4362615699
8, 6, 9, 1, 24.6666666667, 12.6420814039
8, 6, 9, 2, 35.6, 8.30903123114
8, 6, 9, 3, 23.0, 7.78031704581
8, 6, 9, 4, 35.0, 8.1567967569
8, 7, 0, 0, 17.5333333333, 9.22219544842
8, 7, 0, 1, 39.5333333333, 6.61177400972
8, 7, 0, 2, 34.6666666667, 6.67998669327
8, 7, 0, 3, 34.3333333333, 12.5998236319
8, 7, 0, 4, 21.9333333333, 12.3745258046
8, 7, 1, 0, 21.4, 9.20724352525
8, 7, 1, 1, 25.8, 6.12318000171
8, 7, 1, 2, 19.8666666667, 10.4234777732
8, 7, 1, 3, 16.8, 6.8527366796
8, 7, 1, 4, 17.2, 9.15933039765
8, 7, 2, 0, 24.1333333333, 7.48212685152
8, 7, 2, 1, 32.1333333333, 9.68756361986
8, 7, 2, 2, 20.7333333333, 7.79287423797
8, 7, 2, 3, 30.5333333333, 2.57854394744
8, 7, 2, 4, 23.8, 6.37913264742
8, 7, 3, 0, 30.4666666667, 8.18019288009
8, 7, 3, 1, 35.0666666667, 13.9066730585
8, 7, 3, 2, 30.4, 8.28492607088
8, 7, 3, 3, 19.5333333333, 7.88134224327
8, 7, 3, 4, 20.4666666667, 7.79629541656
8, 7, 4, 0, 25.8, 11.7371206009
8, 7, 4, 1, 28.1333333333, 10.5126378971
8, 7, 4, 2, 33.8666666667, 11.0082797122
8, 7, 4, 3, 24.1333333333, 12.060219272
8, 7, 4, 4, 30.6, 7.91454357496
8, 7, 5, 0, 27.8666666667, 8.12294418436
8, 7, 5, 1, 27.2666666667, 9.45492229241
8, 7, 5, 2, 24.6, 8.30100395535
8, 7, 5, 3, 35.1333333333, 10.9658054373
8, 7, 5, 4, 35.5333333333, 11.4360055186
8, 7, 6, 0, 27.2666666667, 9.30567329942
8, 7, 6, 1, 21.0666666667, 4.89171635409
8, 7, 6, 2, 28.4666666667, 12.170273438
8, 7, 6, 3, 28.2666666667, 12.1954454158
8, 7, 6, 4, 31.2, 12.8488650601
8, 7, 7, 0, 32.0, 13.3666251038
8, 7, 7, 1, 30.0, 9.5638207149
8, 7, 7, 2, 29.3333333333, 10.1631141334
8, 7, 7, 3, 33.3333333333, 15.1774686808
8, 7, 7, 4, 34.4, 11.283025599
8, 7, 8, 0, 38.2, 18.7161249551
8, 7, 8, 1, 23.6666666667, 11.1335329323
8, 7, 8, 2, 34.4666666667, 10.1971673627
8, 7, 8, 3, 38.4, 9.47839648886
8, 7, 8, 4, 17.2666666667, 7.43385648383
8, 7, 9, 0, 32.0, 8.74070935336
8, 7, 9, 1, 31.2, 17.3328205052
8, 7, 9, 2, 28.1333333333, 12.1593128461
8, 7, 9, 3, 27.5333333333, 13.5640046528
8, 7, 9, 4, 22.6666666667, 12.5627314793
9, 0, 0, 0, 5.0, 2.82842712475
9, 0, 0, 1, 5.8, 2.4819347292
9, 0, 0, 2, 4.26666666667, 1.5260697523
9, 0, 0, 3, 5.4, 1.54056266777
9, 0, 0, 4, 3.66666666667, 2.02210011841
9, 0, 1, 0, 4.86666666667, 2.18682926225
9, 0, 1, 1, 6.13333333333, 1.54344492037
9, 0, 1, 2, 6.0, 1.03279555899
9, 0, 1, 3, 3.86666666667, 1.4079141388
9, 0, 1, 4, 5.13333333333, 1.99555060628
9, 0, 2, 0, 4.2, 1.22202018532
9, 0, 2, 1, 6.06666666667, 1.5260697523
9, 0, 2, 2, 4.13333333333, 1.08730042869
9, 0, 2, 3, 3.6, 1.8903262505
9, 0, 2, 4, 4.46666666667, 1.54344492037
9, 0, 3, 0, 4.53333333333, 2.18682926225
9, 0, 3, 1, 5.8, 2.63818119165
9, 0, 3, 2, 4.6, 2.21509969678
9, 0, 3, 3, 5.2, 1.93907194297
9, 0, 3, 4, 5.13333333333, 1.8208667045
9, 0, 4, 0, 6.73333333333, 2.59401019445
9, 0, 4, 1, 6.06666666667, 1.43604394857
9, 0, 4, 2, 6.86666666667, 1.70749979665
9, 0, 4, 3, 6.66666666667, 1.07496769977
9, 0, 4, 4, 5.0, 1.59164485151
9, 0, 5, 0, 8.26666666667, 1.5260697523
9, 0, 5, 1, 4.73333333333, 2.59401019445
9, 0, 5, 2, 8.33333333333, 1.6996731712
9, 0, 5, 3, 6.33333333333, 1.29957257931
9, 0, 5, 4, 7.73333333333, 1.73076733143
9, 0, 6, 0, 5.93333333333, 2.66999791927
9, 0, 6, 1, 4.8, 1.32664991614
9, 0, 6, 2, 5.73333333333, 2.46215804168
9, 0, 6, 3, 6.53333333333, 1.85711843696
9, 0, 6, 4, 6.26666666667, 1.84270332814
9, 0, 7, 0, 8.53333333333, 2.55255862921
9, 0, 7, 1, 9.53333333333, 2.12498366007
9, 0, 7, 2, 7.13333333333, 2.44585817705
9, 0, 7, 3, 5.13333333333, 1.70749979665
9, 0, 7, 4, 6.33333333333, 2.35702260396
9, 0, 8, 0, 5.6, 2.65329983228
9, 0, 8, 1, 5.93333333333, 1.38884444373
9, 0, 8, 2, 8.13333333333, 2.91814248377
9, 0, 8, 3, 6.26666666667, 3.97436228288
9, 0, 8, 4, 7.53333333333, 1.92757763931
9, 0, 9, 0, 7.8, 2.80950766743
9, 0, 9, 1, 9.13333333333, 1.85711843696
9, 0, 9, 2, 3.33333333333, 1.490711985
9, 0, 9, 3, 5.46666666667, 1.25786415094
9, 0, 9, 4, 8.93333333333, 2.59401019445
9, 1, 0, 0, 9.26666666667, 1.48174071806
9, 1, 0, 1, 5.86666666667, 2.89520676675
9, 1, 0, 2, 7.13333333333, 2.94089933335
9, 1, 0, 3, 7.46666666667, 1.85711843696
9, 1, 0, 4, 8.33333333333, 2.02210011841
9, 1, 1, 0, 9.4, 1.40475383371
9, 1, 1, 1, 7.4, 3.00665927567
9, 1, 1, 2, 8.46666666667, 2.36267268622
9, 1, 1, 3, 9.4, 2.41660919472
9, 1, 1, 4, 8.2, 1.93907194297
9, 1, 2, 0, 7.8, 5.82179811857
9, 1, 2, 1, 6.8, 1.6
9, 1, 2, 2, 6.06666666667, 3.12978522515
9, 1, 2, 3, 8.6, 3.44093010682
9, 1, 2, 4, 5.73333333333, 2.04830553276
9, 1, 3, 0, 10.2, 5.40616931539
9, 1, 3, 1, 7.53333333333, 3.42279937413
9, 1, 3, 2, 7.53333333333, 2.12498366007
9, 1, 3, 3, 5.73333333333, 2.29395340454
9, 1, 3, 4, 5.8, 1.4236104336
9, 1, 4, 0, 6.53333333333, 2.6549743669
9, 1, 4, 1, 10.4666666667, 3.46153466287
9, 1, 4, 2, 7.73333333333, 2.9769484749
9, 1, 4, 3, 8.46666666667, 2.33428552
9, 1, 4, 4, 9.26666666667, 4.72534537245
9, 1, 5, 0, 9.33333333333, 3.35989417823
9, 1, 5, 1, 6.06666666667, 2.14372469211
9, 1, 5, 2, 4.46666666667, 2.15612821717
9, 1, 5, 3, 6.66666666667, 3.47690794944
9, 1, 5, 4, 8.2, 2.94844591833
9, 1, 6, 0, 9.8, 4.36959189551
9, 1, 6, 1, 8.53333333333, 4.33384612351
9, 1, 6, 2, 11.0666666667, 1.94821855949
9, 1, 6, 3, 12.0, 2.92118697336
9, 1, 6, 4, 11.3333333333, 2.14993539955
9, 1, 7, 0, 7.4, 2.89367125523
9, 1, 7, 1, 12.7333333333, 2.29395340454
9, 1, 7, 2, 7.53333333333, 2.33428552
9, 1, 7, 3, 8.06666666667, 2.71947707392
9, 1, 7, 4, 10.7333333333, 2.71947707392
9, 1, 8, 0, 11.0666666667, 4.63992337101
9, 1, 8, 1, 9.4, 3.77359245282
9, 1, 8, 2, 10.8, 3.14536696322
9, 1, 8, 3, 13.3333333333, 3.11269800798
9, 1, 8, 4, 8.26666666667, 3.06521704869
9, 1, 9, 0, 11.2666666667, 3.85515527861
9, 1, 9, 1, 17.1333333333, 3.15946549629
9, 1, 9, 2, 7.2, 3.01551543411
9, 1, 9, 3, 10.9333333333, 3.53018727863
9, 1, 9, 4, 9.46666666667, 2.6549743669
9, 2, 0, 0, 10.6, 2.67830792355
9, 2, 0, 1, 8.4, 2.84722086721
9, 2, 0, 2, 8.33333333333, 3.82390143992
9, 2, 0, 3, 7.0, 2.52982212813
9, 2, 0, 4, 10.2666666667, 3.08688984074
9, 2, 1, 0, 12.8, 1.32664991614
9, 2, 1, 1, 8.2, 3.37045990927
9, 2, 1, 2, 11.4666666667, 8.05701902415
9, 2, 1, 3, 8.93333333333, 3.12978522515
9, 2, 1, 4, 9.6, 2.84722086721
9, 2, 2, 0, 10.8, 2.63818119165
9, 2, 2, 1, 7.4, 1.70489491367
9, 2, 2, 2, 7.73333333333, 3.0433899228
9, 2, 2, 3, 8.26666666667, 2.23507394857
9, 2, 2, 4, 9.73333333333, 2.43493098237
9, 2, 3, 0, 9.06666666667, 2.81582827759
9, 2, 3, 1, 12.6, 4.39393521421
9, 2, 3, 2, 6.93333333333, 2.01549552771
9, 2, 3, 3, 7.66666666667, 2.05480466766
9, 2, 3, 4, 6.6, 1.40475383371
9, 2, 4, 0, 7.06666666667, 3.35592345297
9, 2, 4, 1, 6.8, 1.83303027798
9, 2, 4, 2, 11.5333333333, 3.32398689662
9, 2, 4, 3, 8.8, 3.16649122321
9, 2, 4, 4, 12.0, 4.28952211791
9, 2, 5, 0, 11.7333333333, 2.32283351869
9, 2, 5, 1, 8.06666666667, 2.64491125665
9, 2, 5, 2, 9.13333333333, 3.79239004089
9, 2, 5, 3, 9.8, 3.03754286664
9, 2, 5, 4, 9.66666666667, 4.15799096787
9, 2, 6, 0, 12.2, 4.38482230731
9, 2, 6, 1, 11.7333333333, 4.50875691171
9, 2, 6, 2, 13.0666666667, 3.62338086445
9, 2, 6, 3, 10.9333333333, 3.92371705855
9, 2, 6, 4, 10.2666666667, 4.23425186885
9, 2, 7, 0, 13.8, 4.92882677047
9, 2, 7, 1, 12.7333333333, 4.23425186885
9, 2, 7, 2, 5.8, 2.71293199325
9, 2, 7, 3, 10.8, 5.38144961883
9, 2, 7, 4, 11.1333333333, 3.7747700445
9, 2, 8, 0, 15.8666666667, 4.34920171475
9, 2, 8, 1, 18.2666666667, 6.07142670401
9, 2, 8, 2, 11.7333333333, 4.61109772421
9, 2, 8, 3, 12.6, 2.24499443206
9, 2, 8, 4, 16.8, 2.63818119165
9, 2, 9, 0, 14.1333333333, 3.98106630049
9, 2, 9, 1, 8.06666666667, 1.91369334592
9, 2, 9, 2, 12.5333333333, 2.41844761963
9, 2, 9, 3, 10.2666666667, 4.58209074065
9, 2, 9, 4, 12.4666666667, 4.84240527929
9, 3, 0, 0, 13.0, 5.7735026919
9, 3, 0, 1, 12.9333333333, 5.2085399959
9, 3, 0, 2, 10.5333333333, 5.07105073486
9, 3, 0, 3, 13.2, 3.76297754445
9, 3, 0, 4, 12.8, 4.5782092569
9, 3, 1, 0, 11.3333333333, 3.29983164554
9, 3, 1, 1, 11.3333333333, 5.14673575083
9, 3, 1, 2, 12.4, 3.62950869035
9, 3, 1, 3, 10.2, 3.31058907145
9, 3, 1, 4, 8.86666666667, 4.86986196473
9, 3, 2, 0, 9.86666666667, 3.3038697849
9, 3, 2, 1, 11.2, 5.46747961435
9, 3, 2, 2, 11.4666666667, 4.20898509804
9, 3, 2, 3, 8.66666666667, 2.84409720103
9, 3, 2, 4, 10.5333333333, 2.96348143612
9, 3, 3, 0, 19.0, 5.00666222814
9, 3, 3, 1, 14.8666666667, 2.70472837001
9, 3, 3, 2, 14.3333333333, 1.490711985
9, 3, 3, 3, 12.3333333333, 4.1419265512
9, 3, 3, 4, 10.9333333333, 5.34748123471
9, 3, 4, 0, 7.93333333333, 2.99925916779
9, 3, 4, 1, 15.2666666667, 6.42356771757
9, 3, 4, 2, 16.2, 4.74973683482
9, 3, 4, 3, 10.1333333333, 3.00813711271
9, 3, 4, 4, 11.7333333333, 3.10841152717
9, 3, 5, 0, 9.46666666667, 2.94089933335
9, 3, 5, 1, 13.9333333333, 2.88598144292
9, 3, 5, 2, 17.7333333333, 5.23407638037
9, 3, 5, 3, 10.8666666667, 4.60241482509
9, 3, 5, 4, 15.6666666667, 5.53373492519
9, 3, 6, 0, 18.3333333333, 5.72324694169
9, 3, 6, 1, 18.1333333333, 6.68198240711
9, 3, 6, 2, 17.0666666667, 7.10367666932
9, 3, 6, 3, 14.6, 6.43739077577
9, 3, 6, 4, 11.1333333333, 3.98106630049
9, 3, 7, 0, 11.0, 4.77493455453
9, 3, 7, 1, 11.2666666667, 4.43421043955
9, 3, 7, 2, 18.2, 3.4486712417
9, 3, 7, 3, 12.8666666667, 4.7870194856
9, 3, 7, 4, 12.7333333333, 3.92371705855
9, 3, 8, 0, 21.0666666667, 6.3083718625
9, 3, 8, 1, 19.2666666667, 5.29737880675
9, 3, 8, 2, 14.9333333333, 4.38887482417
9, 3, 8, 3, 23.7333333333, 8.91789711136
9, 3, 8, 4, 19.6666666667, 8.0553639824
9, 3, 9, 0, 24.4666666667, 5.78350143848
9, 3, 9, 1, 22.5333333333, 5.89764548123
9, 3, 9, 2, 21.4, 5.18716364371
9, 3, 9, 3, 31.0666666667, 9.71916777416
9, 3, 9, 4, 27.4666666667, 6.530611678
9, 4, 0, 0, 16.2, 6.56455126672
9, 4, 0, 1, 18.4666666667, 5.49989898897
9, 4, 0, 2, 23.5333333333, 7.88979650491
9, 4, 0, 3, 12.6666666667, 3.73571352697
9, 4, 0, 4, 13.7333333333, 4.90532590377
9, 4, 1, 0, 12.0, 5.09901951359
9, 4, 1, 1, 16.6, 4.77214137818
9, 4, 1, 2, 18.0, 3.44480284874
9, 4, 1, 3, 12.6, 4.28641264151
9, 4, 1, 4, 14.9333333333, 4.65426924686
9, 4, 2, 0, 13.3333333333, 4.9888765157
9, 4, 2, 1, 19.0, 4.38178046004
9, 4, 2, 2, 10.8666666667, 4.22479453807
9, 4, 2, 3, 17.7333333333, 5.03940031706
9, 4, 2, 4, 12.4666666667, 5.5240886629
9, 4, 3, 0, 13.0666666667, 3.0433899228
9, 4, 3, 1, 13.8, 5.9576281634
9, 4, 3, 2, 15.2666666667, 6.18025529857
9, 4, 3, 3, 9.13333333333, 3.40326640483
9, 4, 3, 4, 14.6666666667, 6.36308799946
9, 4, 4, 0, 17.2666666667, 5.8817986667
9, 4, 4, 1, 16.2666666667, 5.9606114526
9, 4, 4, 2, 15.5333333333, 4.27187182496
9, 4, 4, 3, 21.2, 9.60694193452
9, 4, 4, 4, 16.4, 7.30114146327
9, 4, 5, 0, 17.1333333333, 4.34920171475
9, 4, 5, 1, 17.9333333333, 6.33999649492
9, 4, 5, 2, 22.4666666667, 8.66307617933
9, 4, 5, 3, 10.9333333333, 2.64491125665
9, 4, 5, 4, 20.4, 9.286549413
9, 4, 6, 0, 18.5333333333, 5.35246568311
9, 4, 6, 1, 14.6, 7.71837634048
9, 4, 6, 2, 17.8, 8.61162005664
9, 4, 6, 3, 19.4666666667, 6.80065356336
9, 4, 6, 4, 22.5333333333, 7.7877396521
9, 4, 7, 0, 27.0, 11.6332855777
9, 4, 7, 1, 19.0, 6.09918027279
9, 4, 7, 2, 26.1333333333, 2.33428552
9, 4, 7, 3, 24.1333333333, 5.81797979447
9, 4, 7, 4, 26.0666666667, 9.41252121143
9, 4, 8, 0, 24.3333333333, 8.3559692569
9, 4, 8, 1, 13.6666666667, 3.06956384886
9, 4, 8, 2, 24.8666666667, 6.5203953527
9, 4, 8, 3, 33.9333333333, 8.48894706205
9, 4, 8, 4, 23.8666666667, 6.03176775268
9, 4, 9, 0, 31.5333333333, 6.4793689679
9, 4, 9, 1, 27.4666666667, 5.54817287242
9, 4, 9, 2, 20.1333333333, 7.1448505155
9, 4, 9, 3, 27.5333333333, 9.52097100557
9, 4, 9, 4, 31.3333333333, 6.0736223861
9, 5, 0, 0, 14.9333333333, 8.03713602943
9, 5, 0, 1, 27.4666666667, 4.09661106553
9, 5, 0, 2, 20.4666666667, 7.11680327738
9, 5, 0, 3, 19.1333333333, 5.87499408983
9, 5, 0, 4, 16.4, 7.2461484022
9, 5, 1, 0, 16.8666666667, 7.62335592476
9, 5, 1, 1, 20.7333333333, 7.36176307385
9, 5, 1, 2, 18.8666666667, 4.04749579644
9, 5, 1, 3, 18.0, 4.87168690839
9, 5, 1, 4, 9.26666666667, 1.18133634311
9, 5, 2, 0, 16.6, 6.78036380538
9, 5, 2, 1, 16.6, 6.56048778674
9, 5, 2, 2, 17.8666666667, 5.43895414783
9, 5, 2, 3, 18.4, 4.25519290593
9, 5, 2, 4, 23.7333333333, 9.3841473892
9, 5, 3, 0, 11.2, 6.24179461373
9, 5, 3, 1, 18.4, 8.19593395125
9, 5, 3, 2, 21.2666666667, 4.00777023072
9, 5, 3, 3, 19.6666666667, 6.65999666333
9, 5, 3, 4, 16.4666666667, 2.41844761963
9, 5, 4, 0, 13.4666666667, 4.31843593085
9, 5, 4, 1, 24.0, 5.04645089807
9, 5, 4, 2, 23.1333333333, 11.152677805
9, 5, 4, 3, 16.3333333333, 5.91795760565
9, 5, 4, 4, 19.4, 9.25778951298
9, 5, 5, 0, 20.0666666667, 6.24464214792
9, 5, 5, 1, 26.2, 6.36867333124
9, 5, 5, 2, 34.2666666667, 5.73255808712
9, 5, 5, 3, 15.7333333333, 3.78535188442
9, 5, 5, 4, 38.9333333333, 6.31893099257
9, 5, 6, 0, 29.8, 7.95151977088
9, 5, 6, 1, 14.4, 3.8952963088
9, 5, 6, 2, 30.0666666667, 10.1814646403
9, 5, 6, 3, 30.4, 6.9933301557
9, 5, 6, 4, 26.7333333333, 6.80653280965
9, 5, 7, 0, 29.4666666667, 6.42771775637
9, 5, 7, 1, 20.7333333333, 6.75738279382
9, 5, 7, 2, 22.7333333333, 8.168775238
9, 5, 7, 3, 24.0666666667, 7.49636949166
9, 5, 7, 4, 28.4666666667, 7.04146449414
9, 5, 8, 0, 31.0666666667, 12.9535923803
9, 5, 8, 1, 21.2, 10.2384894719
9, 5, 8, 2, 25.0666666667, 11.304669635
9, 5, 8, 3, 25.1333333333, 13.1699995782
9, 5, 8, 4, 33.8666666667, 7.283466818
9, 5, 9, 0, 32.9333333333, 8.27419012485
9, 5, 9, 1, 27.0666666667, 12.0358723083
9, 5, 9, 2, 24.0, 10.2371871137
9, 5, 9, 3, 26.7333333333, 8.83528280375
9, 5, 9, 4, 22.6, 9.46431895771
9, 6, 0, 0, 20.3333333333, 7.56012933458
9, 6, 0, 1, 25.8, 11.7654862486
9, 6, 0, 2, 23.4666666667, 8.8307543405
9, 6, 0, 3, 24.4666666667, 8.3255964084
9, 6, 0, 4, 22.1333333333, 8.49208782076
9, 6, 1, 0, 18.3333333333, 6.1064628787
9, 6, 1, 1, 18.0666666667, 6.98060806011
9, 6, 1, 2, 18.2, 5.57613964435
9, 6, 1, 3, 20.2666666667, 7.75857948052
9, 6, 1, 4, 22.1333333333, 6.05383257853
9, 6, 2, 0, 24.0666666667, 5.63875478768
9, 6, 2, 1, 26.3333333333, 6.56928881657
9, 6, 2, 2, 22.2666666667, 7.72413245758
9, 6, 2, 3, 30.2, 4.5636242907
9, 6, 2, 4, 30.2666666667, 7.37081331258
9, 6, 3, 0, 29.3333333333, 12.3486391513
9, 6, 3, 1, 24.6666666667, 10.9706679631
9, 6, 3, 2, 14.5333333333, 8.24513324466
9, 6, 3, 3, 20.0666666667, 6.41318087137
9, 6, 3, 4, 24.8666666667, 5.53614386454
9, 6, 4, 0, 29.8666666667, 10.6261731378
9, 6, 4, 1, 21.6666666667, 10.4477536129
9, 6, 4, 2, 29.8666666667, 7.83893416791
9, 6, 4, 3, 39.2666666667, 11.6359595889
9, 6, 4, 4, 20.3333333333, 9.0308114561
9, 6, 5, 0, 33.0, 10.2632028789
9, 6, 5, 1, 27.6, 8.06473806146
9, 6, 5, 2, 25.1333333333, 6.85921926234
9, 6, 5, 3, 23.6, 7.70973410696
9, 6, 5, 4, 23.2, 9.84005420039
9, 6, 6, 0, 38.0666666667, 7.36176307385
9, 6, 6, 1, 35.4666666667, 12.0159153718
9, 6, 6, 2, 44.1333333333, 8.56245032427
9, 6, 6, 3, 22.7333333333, 12.3151216893
9, 6, 6, 4, 21.6, 12.5475097131
9, 6, 7, 0, 20.1333333333, 10.3335483849
9, 6, 7, 1, 38.6666666667, 10.9036181559
9, 6, 7, 2, 40.6, 0.489897948557
9, 6, 7, 3, 31.9333333333, 11.681704594
9, 6, 7, 4, 36.8, 5.50393798415
9, 6, 8, 0, 28.0, 14.9799866489
9, 6, 8, 1, 27.6666666667, 10.9767430911
9, 6, 8, 2, 29.4666666667, 12.4411503577
9, 6, 8, 3, 38.8666666667, 9.4224318635
9, 6, 8, 4, 31.2, 8.97552226893
9, 6, 9, 0, 26.4666666667, 10.9536396792
9, 6, 9, 1, 42.6, 6.24819974073
9, 6, 9, 2, 37.2, 10.5527247666
9, 6, 9, 3, 19.3333333333, 10.0840908806
9, 6, 9, 4, 33.5333333333, 13.7930739463
9, 7, 0, 0, 34.8, 9.39645323158
9, 7, 0, 1, 20.1333333333, 7.24676172891
9, 7, 0, 2, 28.4666666667, 11.8144920425
9, 7, 0, 3, 32.0, 6.83130051064
9, 7, 0, 4, 14.7333333333, 1.98214249964
9, 7, 1, 0, 19.7333333333, 11.1741765792
9, 7, 1, 1, 29.2, 7.20370275159
9, 7, 1, 2, 31.4, 10.5754432531
9, 7, 1, 3, 37.4, 6.25886038615
9, 7, 1, 4, 14.4666666667, 6.66199836552
9, 7, 2, 0, 27.2, 9.61387885646
9, 7, 2, 1, 25.1333333333, 5.36490654366
9, 7, 2, 2, 22.8, 9.9679486355
9, 7, 2, 3, 29.1333333333, 12.1483423652
9, 7, 2, 4, 24.7333333333, 6.55709962983
9, 7, 3, 0, 17.6666666667, 7.53362831281
9, 7, 3, 1, 19.9333333333, 10.8962786716
9, 7, 3, 2, 37.9333333333, 0.249443825785
9, 7, 3, 3, 39.0, 10.3537432844
9, 7, 3, 4, 32.1333333333, 7.63209596958
9, 7, 4, 0, 37.6, 11.1522792887
9, 7, 4, 1, 33.1333333333, 9.30853849371
9, 7, 4, 2, 38.6666666667, 13.675606832
9, 7, 4, 3, 29.5333333333, 12.8315583188
9, 7, 4, 4, 24.2666666667, 11.2869639654
9, 7, 5, 0, 29.8, 7.88416133777
9, 7, 5, 1, 39.2666666667, 6.75738279382
9, 7, 5, 2, 36.8, 7.01617179569
9, 7, 5, 3, 37.1333333333, 6.78101926131
9, 7, 5, 4, 39.6, 12.1918005233
9, 7, 6, 0, 41.8, 13.049648782
9, 7, 6, 1, 37.3333333333, 9.19903376569
9, 7, 6, 2, 25.0, 13.9570770579
9, 7, 6, 3, 46.4, 11.9766439373
9, 7, 6, 4, 36.2, 13.6538150957
9, 7, 7, 0, 42.7333333333, 11.2099162451
9, 7, 7, 1, 37.4666666667, 13.9612161202
9, 7, 7, 2, 33.0, 14.5327216997
9, 7, 7, 3, 36.2666666667, 15.3165125128
9, 7, 7, 4, 42.9333333333, 14.7624147377
9, 7, 8, 0, 38.6, 9.63189147226
9, 7, 8, 1, 36.9333333333, 9.36992825776
9, 7, 8, 2, 37.7333333333, 13.1274098317
9, 7, 8, 3, 27.2, 14.8018016921
9, 7, 8, 4, 35.9333333333, 16.0310809229
9, 7, 9, 0, 40.2, 12.1117023301
9, 7, 9, 1, 40.1333333333, 13.2758762004
9, 7, 9, 2, 38.8, 14.5931490776
9, 7, 9, 3, 39.0, 14.3805424098
9, 7, 9, 4, 24.6, 14.2070405081
9, 8, 0, 0, 37.8666666667, 14.0279086903
9, 8, 0, 1, 39.0666666667, 11.4453289842
9, 8, 0, 2, 44.9333333333, 8.63687186171
9, 8, 0, 3, 39.2666666667, 14.5394482549
9, 8, 0, 4, 37.9333333333, 10.9876698571
9, 8, 1, 0, 38.8, 8.47899365098
9, 8, 1, 1, 40.3333333333, 12.8927197372
9, 8, 1, 2, 32.2666666667, 9.61572785712
9, 8, 1, 3, 23.3333333333, 12.0867236623
9, 8, 1, 4, 30.6, 9.91160935469
9, 8, 2, 0, 25.9333333333, 12.1186724612
9, 8, 2, 1, 35.6, 10.5691374609
9, 8, 2, 2, 38.2666666667, 8.02883691591
9, 8, 2, 3, 37.1333333333, 4.47014789713
9, 8, 2, 4, 36.7333333333, 0.99777530314
9, 8, 3, 0, 26.9333333333, 14.4612893232
9, 8, 3, 1, 45.1333333333, 8.02385332756
9, 8, 3, 2, 41.4666666667, 14.9348213544
9, 8, 3, 3, 46.0, 15.1084965058
9, 8, 3, 4, 45.6, 10.467728184
9, 8, 4, 0, 25.3333333333, 8.646129513
9, 8, 4, 1, 28.0, 9.84547273285
9, 8, 4, 2, 45.3333333333, 11.5969344608
9, 8, 4, 3, 44.4, 10.5375518979
9, 8, 4, 4, 41.9333333333, 16.679195291
9, 8, 5, 0, 37.2666666667, 8.63687186171
9, 8, 5, 1, 38.4, 8.38888153053
9, 8, 5, 2, 45.1333333333, 15.1519709022
9, 8, 5, 3, 23.0666666667, 3.49221356099
9, 8, 5, 4, 46.1333333333, 12.2521653415
9, 8, 6, 0, 29.5333333333, 15.5686294266
9, 8, 6, 1, 41.8666666667, 8.30956610714
9, 8, 6, 2, 43.4, 14.0133269902
9, 8, 6, 3, 31.3333333333, 11.0975472766
9, 8, 6, 4, 32.0666666667, 9.73972392947
9, 8, 7, 0, 32.0666666667, 11.2039675512
9, 8, 7, 1, 46.9333333333, 11.7272711612
9, 8, 7, 2, 40.4, 14.150618361
9, 8, 7, 3, 41.2666666667, 18.37195931
9, 8, 7, 4, 39.9333333333, 13.2084148262
9, 8, 8, 0, 36.5333333333, 11.0686745167
9, 8, 8, 1, 40.8, 13.1919167169
9, 8, 8, 2, 48.6666666667, 9.40685329368
9, 8, 8, 3, 47.6666666667, 14.5541135842
9, 8, 8, 4, 43.2666666667, 11.1801411241
9, 8, 9, 0, 46.9333333333, 11.840420413
9, 8, 9, 1, 48.0666666667, 12.6410266812
9, 8, 9, 2, 47.7333333333, 13.6697557484
9, 8, 9, 3, 27.2666666667, 4.05736641459
9, 8, 9, 4, 20.8, 4.83321838944
