Cantidad de gimnasios,Cantidad de paradas,Capacidad de la mochila,Numero de repeticion,Tiempo,Cantidad de instancias visitadas,Cantidad de instancias calculadas,Tamano del camino,Version de podas,Cantidad de podas 1,Cantidad de podas 2
1.0,4.0,4.0,0,200.0,5.0,5.0,2.0,3.0,1.0,15.0
1.0,4.0,4.0,1,257.0,5.0,5.0,2.0,3.0,1.0,15.0
1.0,4.0,4.0,2,256.0,5.0,5.0,2.0,3.0,1.0,15.0
1.0,4.0,4.0,3,257.0,5.0,5.0,2.0,3.0,1.0,15.0
1.0,4.0,4.0,4,341.0,5.0,5.0,2.0,3.0,1.0,15.0
1.0,4.0,4.0,5,347.0,5.0,5.0,2.0,3.0,1.0,15.0
1.0,4.0,4.0,6,254.0,5.0,5.0,2.0,3.0,1.0,15.0
1.0,4.0,4.0,7,253.0,5.0,5.0,2.0,3.0,1.0,15.0
1.0,4.0,4.0,0,279.0,10.0,10.0,2.0,3.0,6.0,13.0
1.0,4.0,4.0,1,184.0,10.0,10.0,2.0,3.0,6.0,13.0
1.0,4.0,4.0,2,193.0,10.0,10.0,2.0,3.0,6.0,13.0
1.0,4.0,4.0,3,179.0,10.0,10.0,2.0,3.0,6.0,13.0
1.0,4.0,4.0,4,234.0,10.0,10.0,2.0,3.0,6.0,13.0
1.0,4.0,4.0,5,232.0,10.0,10.0,2.0,3.0,6.0,13.0
1.0,4.0,4.0,6,221.0,10.0,10.0,2.0,3.0,6.0,13.0
1.0,4.0,4.0,7,235.0,10.0,10.0,2.0,3.0,6.0,13.0
1.0,4.0,4.0,0,186.0,12.0,12.0,2.0,3.0,8.0,12.0
1.0,4.0,4.0,1,187.0,12.0,12.0,2.0,3.0,8.0,12.0
1.0,4.0,4.0,2,188.0,12.0,12.0,2.0,3.0,8.0,12.0
1.0,4.0,4.0,3,191.0,12.0,12.0,2.0,3.0,8.0,12.0
1.0,4.0,4.0,4,186.0,12.0,12.0,2.0,3.0,8.0,12.0
1.0,4.0,4.0,5,192.0,12.0,12.0,2.0,3.0,8.0,12.0
1.0,4.0,4.0,6,184.0,12.0,12.0,2.0,3.0,8.0,12.0
1.0,4.0,4.0,7,203.0,12.0,12.0,2.0,3.0,8.0,12.0
1.0,4.0,4.0,0,293.0,21.0,21.0,2.0,3.0,17.0,6.0
1.0,4.0,4.0,1,306.0,21.0,21.0,2.0,3.0,17.0,6.0
1.0,4.0,4.0,2,290.0,21.0,21.0,2.0,3.0,17.0,6.0
1.0,4.0,4.0,3,291.0,21.0,21.0,2.0,3.0,17.0,6.0
1.0,4.0,4.0,4,303.0,21.0,21.0,2.0,3.0,17.0,6.0
1.0,4.0,4.0,5,323.0,21.0,21.0,2.0,3.0,17.0,6.0
1.0,4.0,4.0,6,224.0,21.0,21.0,2.0,3.0,17.0,6.0
1.0,4.0,4.0,7,221.0,21.0,21.0,2.0,3.0,17.0,6.0
1.0,4.0,4.0,0,162.0,6.0,6.0,2.0,3.0,2.0,14.0
1.0,4.0,4.0,1,239.0,6.0,6.0,2.0,3.0,2.0,14.0
1.0,4.0,4.0,2,236.0,6.0,6.0,2.0,3.0,2.0,14.0
1.0,4.0,4.0,3,303.0,6.0,6.0,2.0,3.0,2.0,14.0
1.0,4.0,4.0,4,306.0,6.0,6.0,2.0,3.0,2.0,14.0
1.0,4.0,4.0,5,363.0,6.0,6.0,2.0,3.0,2.0,14.0
1.0,4.0,4.0,6,354.0,6.0,6.0,2.0,3.0,2.0,14.0
1.0,4.0,4.0,7,223.0,6.0,6.0,2.0,3.0,2.0,14.0
1.0,4.0,4.0,0,262.0,8.0,8.0,2.0,3.0,4.0,13.0
1.0,4.0,4.0,1,230.0,8.0,8.0,2.0,3.0,4.0,13.0
1.0,4.0,4.0,2,226.0,8.0,8.0,2.0,3.0,4.0,13.0
1.0,4.0,4.0,3,175.0,8.0,8.0,2.0,3.0,4.0,13.0
1.0,4.0,4.0,4,177.0,8.0,8.0,2.0,3.0,4.0,13.0
1.0,4.0,4.0,5,192.0,8.0,8.0,2.0,3.0,4.0,13.0
1.0,4.0,4.0,6,320.0,8.0,8.0,2.0,3.0,4.0,13.0
1.0,4.0,4.0,7,322.0,8.0,8.0,2.0,3.0,4.0,13.0
1.0,4.0,4.0,0,327.0,10.0,10.0,2.0,3.0,6.0,13.0
1.0,4.0,4.0,1,328.0,10.0,10.0,2.0,3.0,6.0,13.0
1.0,4.0,4.0,2,275.0,10.0,10.0,2.0,3.0,6.0,13.0
1.0,4.0,4.0,3,245.0,10.0,10.0,2.0,3.0,6.0,13.0
1.0,4.0,4.0,4,331.0,10.0,10.0,2.0,3.0,6.0,13.0
1.0,4.0,4.0,5,231.0,10.0,10.0,2.0,3.0,6.0,13.0
1.0,4.0,4.0,6,231.0,10.0,10.0,2.0,3.0,6.0,13.0
1.0,4.0,4.0,7,303.0,10.0,10.0,2.0,3.0,6.0,13.0
1.0,4.0,4.0,0,321.0,12.0,12.0,2.0,3.0,8.0,11.0
1.0,4.0,4.0,1,317.0,12.0,12.0,2.0,3.0,8.0,11.0
1.0,4.0,4.0,2,317.0,12.0,12.0,2.0,3.0,8.0,11.0
1.0,4.0,4.0,3,322.0,12.0,12.0,2.0,3.0,8.0,11.0
1.0,4.0,4.0,4,307.0,12.0,12.0,2.0,3.0,8.0,11.0
1.0,4.0,4.0,5,247.0,12.0,12.0,2.0,3.0,8.0,11.0
1.0,4.0,4.0,6,332.0,12.0,12.0,2.0,3.0,8.0,11.0
1.0,4.0,4.0,7,246.0,12.0,12.0,2.0,3.0,8.0,11.0
2.0,4.0,4.0,0,852.0,81.0,75.0,3.0,3.0,52.0,40.0
2.0,4.0,4.0,1,1092.0,81.0,75.0,3.0,3.0,52.0,40.0
2.0,4.0,4.0,2,1258.0,81.0,75.0,3.0,3.0,52.0,40.0
2.0,4.0,4.0,3,1262.0,81.0,75.0,3.0,3.0,52.0,40.0
2.0,4.0,4.0,4,1224.0,81.0,75.0,3.0,3.0,52.0,40.0
2.0,4.0,4.0,5,1103.0,81.0,75.0,3.0,3.0,52.0,40.0
2.0,4.0,4.0,6,762.0,81.0,75.0,3.0,3.0,52.0,40.0
2.0,4.0,4.0,7,654.0,81.0,75.0,3.0,3.0,52.0,40.0
2.0,4.0,4.0,0,980.0,111.0,71.0,5.0,3.0,33.0,18.0
2.0,4.0,4.0,1,1054.0,111.0,71.0,5.0,3.0,33.0,18.0
2.0,4.0,4.0,2,1281.0,111.0,71.0,5.0,3.0,33.0,18.0
2.0,4.0,4.0,3,1309.0,111.0,71.0,5.0,3.0,33.0,18.0
2.0,4.0,4.0,4,1301.0,111.0,71.0,5.0,3.0,33.0,18.0
2.0,4.0,4.0,5,1100.0,111.0,71.0,5.0,3.0,33.0,18.0
2.0,4.0,4.0,6,834.0,111.0,71.0,5.0,3.0,33.0,18.0
2.0,4.0,4.0,7,739.0,111.0,71.0,5.0,3.0,33.0,18.0
2.0,4.0,4.0,0,1478.0,129.0,79.0,5.0,3.0,37.0,11.0
2.0,4.0,4.0,1,1155.0,129.0,79.0,5.0,3.0,37.0,11.0
2.0,4.0,4.0,2,1528.0,129.0,79.0,5.0,3.0,37.0,11.0
2.0,4.0,4.0,3,1159.0,129.0,79.0,5.0,3.0,37.0,11.0
2.0,4.0,4.0,4,1112.0,129.0,79.0,5.0,3.0,37.0,11.0
2.0,4.0,4.0,5,818.0,129.0,79.0,5.0,3.0,37.0,11.0
2.0,4.0,4.0,6,805.0,129.0,79.0,5.0,3.0,37.0,11.0
2.0,4.0,4.0,7,802.0,129.0,79.0,5.0,3.0,37.0,11.0
2.0,4.0,4.0,0,1012.0,132.0,87.0,5.0,3.0,55.0,0.0
2.0,4.0,4.0,1,1249.0,132.0,87.0,5.0,3.0,55.0,0.0
2.0,4.0,4.0,2,1221.0,132.0,87.0,5.0,3.0,55.0,0.0
2.0,4.0,4.0,3,1572.0,132.0,87.0,5.0,3.0,55.0,0.0
2.0,4.0,4.0,4,1119.0,132.0,87.0,5.0,3.0,55.0,0.0
2.0,4.0,4.0,5,1142.0,132.0,87.0,5.0,3.0,55.0,0.0
2.0,4.0,4.0,6,1096.0,132.0,87.0,5.0,3.0,55.0,0.0
2.0,4.0,4.0,7,1046.0,132.0,87.0,5.0,3.0,55.0,0.0
2.0,4.0,4.0,0,801.0,128.0,90.0,4.0,3.0,54.0,33.0
2.0,4.0,4.0,1,803.0,128.0,90.0,4.0,3.0,54.0,33.0
2.0,4.0,4.0,2,831.0,128.0,90.0,4.0,3.0,54.0,33.0
2.0,4.0,4.0,3,1225.0,128.0,90.0,4.0,3.0,54.0,33.0
2.0,4.0,4.0,4,1595.0,128.0,90.0,4.0,3.0,54.0,33.0
2.0,4.0,4.0,5,1593.0,128.0,90.0,4.0,3.0,54.0,33.0
2.0,4.0,4.0,6,1278.0,128.0,90.0,4.0,3.0,54.0,33.0
2.0,4.0,4.0,7,1297.0,128.0,90.0,4.0,3.0,54.0,33.0
2.0,4.0,4.0,0,579.0,40.0,40.0,3.0,3.0,20.0,48.0
2.0,4.0,4.0,1,647.0,40.0,40.0,3.0,3.0,20.0,48.0
2.0,4.0,4.0,2,472.0,40.0,40.0,3.0,3.0,20.0,48.0
2.0,4.0,4.0,3,474.0,40.0,40.0,3.0,3.0,20.0,48.0
2.0,4.0,4.0,4,807.0,40.0,40.0,3.0,3.0,20.0,48.0
2.0,4.0,4.0,5,804.0,40.0,40.0,3.0,3.0,20.0,48.0
2.0,4.0,4.0,6,801.0,40.0,40.0,3.0,3.0,20.0,48.0
2.0,4.0,4.0,7,681.0,40.0,40.0,3.0,3.0,20.0,48.0
2.0,4.0,4.0,0,751.0,57.0,55.0,3.0,3.0,38.0,32.0
2.0,4.0,4.0,1,539.0,57.0,55.0,3.0,3.0,38.0,32.0
2.0,4.0,4.0,2,561.0,57.0,55.0,3.0,3.0,38.0,32.0
2.0,4.0,4.0,3,543.0,57.0,55.0,3.0,3.0,38.0,32.0
2.0,4.0,4.0,4,689.0,57.0,55.0,3.0,3.0,38.0,32.0
2.0,4.0,4.0,5,547.0,57.0,55.0,3.0,3.0,38.0,32.0
2.0,4.0,4.0,6,859.0,57.0,55.0,3.0,3.0,38.0,32.0
2.0,4.0,4.0,7,923.0,57.0,55.0,3.0,3.0,38.0,32.0
2.0,4.0,4.0,0,1055.0,121.0,86.0,4.0,3.0,48.0,35.0
2.0,4.0,4.0,1,1046.0,121.0,86.0,4.0,3.0,48.0,35.0
2.0,4.0,4.0,2,1059.0,121.0,86.0,4.0,3.0,48.0,35.0
2.0,4.0,4.0,3,1878.0,121.0,86.0,4.0,3.0,48.0,35.0
2.0,4.0,4.0,4,1356.0,121.0,86.0,4.0,3.0,48.0,35.0
2.0,4.0,4.0,5,1348.0,121.0,86.0,4.0,3.0,48.0,35.0
2.0,4.0,4.0,6,1359.0,121.0,86.0,4.0,3.0,48.0,35.0
2.0,4.0,4.0,7,1029.0,121.0,86.0,4.0,3.0,48.0,35.0
3.0,4.0,4.0,0,3581.0,356.0,171.0,7.0,3.0,47.0,0.0
3.0,4.0,4.0,1,3548.0,356.0,171.0,7.0,3.0,47.0,0.0
3.0,4.0,4.0,2,3018.0,356.0,171.0,7.0,3.0,47.0,0.0
3.0,4.0,4.0,3,2721.0,356.0,171.0,7.0,3.0,47.0,0.0
3.0,4.0,4.0,4,2638.0,356.0,171.0,7.0,3.0,47.0,0.0
3.0,4.0,4.0,5,2117.0,356.0,171.0,7.0,3.0,47.0,0.0
3.0,4.0,4.0,6,2912.0,356.0,171.0,7.0,3.0,47.0,0.0
3.0,4.0,4.0,7,4426.0,356.0,171.0,7.0,3.0,47.0,0.0
3.0,4.0,4.0,0,2327.0,232.0,122.0,0.0,3.0,32.0,0.0
3.0,4.0,4.0,1,2338.0,232.0,122.0,0.0,3.0,32.0,0.0
3.0,4.0,4.0,2,1802.0,232.0,122.0,0.0,3.0,32.0,0.0
3.0,4.0,4.0,3,1482.0,232.0,122.0,0.0,3.0,32.0,0.0
3.0,4.0,4.0,4,1607.0,232.0,122.0,0.0,3.0,32.0,0.0
3.0,4.0,4.0,5,1345.0,232.0,122.0,0.0,3.0,32.0,0.0
3.0,4.0,4.0,6,1790.0,232.0,122.0,0.0,3.0,32.0,0.0
3.0,4.0,4.0,7,1782.0,232.0,122.0,0.0,3.0,32.0,0.0
3.0,4.0,4.0,0,1338.0,232.0,122.0,0.0,3.0,32.0,0.0
3.0,4.0,4.0,1,1291.0,232.0,122.0,0.0,3.0,32.0,0.0
3.0,4.0,4.0,2,1426.0,232.0,122.0,0.0,3.0,32.0,0.0
3.0,4.0,4.0,3,1671.0,232.0,122.0,0.0,3.0,32.0,0.0
3.0,4.0,4.0,4,1748.0,232.0,122.0,0.0,3.0,32.0,0.0
3.0,4.0,4.0,5,1728.0,232.0,122.0,0.0,3.0,32.0,0.0
3.0,4.0,4.0,6,1723.0,232.0,122.0,0.0,3.0,32.0,0.0
3.0,4.0,4.0,7,1297.0,232.0,122.0,0.0,3.0,32.0,0.0
3.0,4.0,4.0,0,2053.0,367.0,199.0,6.0,3.0,84.0,11.0
3.0,4.0,4.0,1,6763.0,367.0,199.0,6.0,3.0,84.0,11.0
3.0,4.0,4.0,2,3552.0,367.0,199.0,6.0,3.0,84.0,11.0
3.0,4.0,4.0,3,3303.0,367.0,199.0,6.0,3.0,84.0,11.0
3.0,4.0,4.0,4,2056.0,367.0,199.0,6.0,3.0,84.0,11.0
3.0,4.0,4.0,5,3149.0,367.0,199.0,6.0,3.0,84.0,11.0
3.0,4.0,4.0,6,3617.0,367.0,199.0,6.0,3.0,84.0,11.0
3.0,4.0,4.0,7,2976.0,367.0,199.0,6.0,3.0,84.0,11.0
3.0,4.0,4.0,0,2861.0,372.0,202.0,6.0,3.0,84.0,12.0
3.0,4.0,4.0,1,3697.0,372.0,202.0,6.0,3.0,84.0,12.0
3.0,4.0,4.0,2,2432.0,372.0,202.0,6.0,3.0,84.0,12.0
3.0,4.0,4.0,3,2156.0,372.0,202.0,6.0,3.0,84.0,12.0
3.0,4.0,4.0,4,4319.0,372.0,202.0,6.0,3.0,84.0,12.0
3.0,4.0,4.0,5,4191.0,372.0,202.0,6.0,3.0,84.0,12.0
3.0,4.0,4.0,6,3628.0,372.0,202.0,6.0,3.0,84.0,12.0
3.0,4.0,4.0,7,2767.0,372.0,202.0,6.0,3.0,84.0,12.0
3.0,4.0,4.0,0,3302.0,415.0,224.0,6.0,3.0,85.0,13.0
3.0,4.0,4.0,1,3491.0,415.0,224.0,6.0,3.0,85.0,13.0
3.0,4.0,4.0,2,3948.0,415.0,224.0,6.0,3.0,85.0,13.0
3.0,4.0,4.0,3,3197.0,415.0,224.0,6.0,3.0,85.0,13.0
3.0,4.0,4.0,4,2318.0,415.0,224.0,6.0,3.0,85.0,13.0
3.0,4.0,4.0,5,3084.0,415.0,224.0,6.0,3.0,85.0,13.0
3.0,4.0,4.0,6,3085.0,415.0,224.0,6.0,3.0,85.0,13.0
3.0,4.0,4.0,7,3105.0,415.0,224.0,6.0,3.0,85.0,13.0
3.0,4.0,4.0,0,2189.0,381.0,202.0,6.0,3.0,84.0,3.0
3.0,4.0,4.0,1,2207.0,381.0,202.0,6.0,3.0,84.0,3.0
3.0,4.0,4.0,2,2294.0,381.0,202.0,6.0,3.0,84.0,3.0
3.0,4.0,4.0,3,5087.0,381.0,202.0,6.0,3.0,84.0,3.0
3.0,4.0,4.0,4,3203.0,381.0,202.0,6.0,3.0,84.0,3.0
3.0,4.0,4.0,5,2947.0,381.0,202.0,6.0,3.0,84.0,3.0
3.0,4.0,4.0,6,2777.0,381.0,202.0,6.0,3.0,84.0,3.0
3.0,4.0,4.0,7,2268.0,381.0,202.0,6.0,3.0,84.0,3.0
3.0,4.0,4.0,0,1734.0,288.0,168.0,7.0,3.0,54.0,0.0
3.0,4.0,4.0,1,2373.0,288.0,168.0,7.0,3.0,54.0,0.0
3.0,4.0,4.0,2,2317.0,288.0,168.0,7.0,3.0,54.0,0.0
3.0,4.0,4.0,3,1830.0,288.0,168.0,7.0,3.0,54.0,0.0
3.0,4.0,4.0,4,1726.0,288.0,168.0,7.0,3.0,54.0,0.0
3.0,4.0,4.0,5,1763.0,288.0,168.0,7.0,3.0,54.0,0.0
3.0,4.0,4.0,6,4142.0,288.0,168.0,7.0,3.0,54.0,0.0
3.0,4.0,4.0,7,5423.0,288.0,168.0,7.0,3.0,54.0,0.0
4.0,4.0,4.0,0,10556.0,1444.0,658.0,7.0,3.0,208.0,78.0
4.0,4.0,4.0,1,9478.0,1444.0,658.0,7.0,3.0,208.0,78.0
4.0,4.0,4.0,2,10320.0,1444.0,658.0,7.0,3.0,208.0,78.0
4.0,4.0,4.0,3,9212.0,1444.0,658.0,7.0,3.0,208.0,78.0
4.0,4.0,4.0,4,7366.0,1444.0,658.0,7.0,3.0,208.0,78.0
4.0,4.0,4.0,5,9735.0,1444.0,658.0,7.0,3.0,208.0,78.0
4.0,4.0,4.0,6,7383.0,1444.0,658.0,7.0,3.0,208.0,78.0
4.0,4.0,4.0,7,10702.0,1444.0,658.0,7.0,3.0,208.0,78.0
4.0,4.0,4.0,0,6033.0,1152.0,530.0,8.0,3.0,147.0,0.0
4.0,4.0,4.0,1,7916.0,1152.0,530.0,8.0,3.0,147.0,0.0
4.0,4.0,4.0,2,11631.0,1152.0,530.0,8.0,3.0,147.0,0.0
4.0,4.0,4.0,3,8511.0,1152.0,530.0,8.0,3.0,147.0,0.0
4.0,4.0,4.0,4,6125.0,1152.0,530.0,8.0,3.0,147.0,0.0
4.0,4.0,4.0,5,7972.0,1152.0,530.0,8.0,3.0,147.0,0.0
4.0,4.0,4.0,6,6061.0,1152.0,530.0,8.0,3.0,147.0,0.0
4.0,4.0,4.0,7,6321.0,1152.0,530.0,8.0,3.0,147.0,0.0
4.0,4.0,4.0,0,7890.0,1093.0,508.0,8.0,3.0,192.0,1.0
4.0,4.0,4.0,1,7226.0,1093.0,508.0,8.0,3.0,192.0,1.0
4.0,4.0,4.0,2,5943.0,1093.0,508.0,8.0,3.0,192.0,1.0
4.0,4.0,4.0,3,5889.0,1093.0,508.0,8.0,3.0,192.0,1.0
4.0,4.0,4.0,4,8017.0,1093.0,508.0,8.0,3.0,192.0,1.0
4.0,4.0,4.0,5,5892.0,1093.0,508.0,8.0,3.0,192.0,1.0
4.0,4.0,4.0,6,7786.0,1093.0,508.0,8.0,3.0,192.0,1.0
4.0,4.0,4.0,7,8352.0,1093.0,508.0,8.0,3.0,192.0,1.0
4.0,4.0,4.0,0,14563.0,2726.0,1147.0,6.0,3.0,421.0,182.0
4.0,4.0,4.0,1,16492.0,2726.0,1147.0,6.0,3.0,421.0,182.0
4.0,4.0,4.0,2,17073.0,2726.0,1147.0,6.0,3.0,421.0,182.0
4.0,4.0,4.0,3,14658.0,2726.0,1147.0,6.0,3.0,421.0,182.0
4.0,4.0,4.0,4,15247.0,2726.0,1147.0,6.0,3.0,421.0,182.0
4.0,4.0,4.0,5,15037.0,2726.0,1147.0,6.0,3.0,421.0,182.0
4.0,4.0,4.0,6,18818.0,2726.0,1147.0,6.0,3.0,421.0,182.0
4.0,4.0,4.0,7,15607.0,2726.0,1147.0,6.0,3.0,421.0,182.0
4.0,4.0,4.0,0,6536.0,948.0,432.0,8.0,3.0,111.0,0.0
4.0,4.0,4.0,1,4878.0,948.0,432.0,8.0,3.0,111.0,0.0
4.0,4.0,4.0,2,5763.0,948.0,432.0,8.0,3.0,111.0,0.0
4.0,4.0,4.0,3,8790.0,948.0,432.0,8.0,3.0,111.0,0.0
4.0,4.0,4.0,4,8437.0,948.0,432.0,8.0,3.0,111.0,0.0
4.0,4.0,4.0,5,6582.0,948.0,432.0,8.0,3.0,111.0,0.0
4.0,4.0,4.0,6,7430.0,948.0,432.0,8.0,3.0,111.0,0.0
4.0,4.0,4.0,7,4833.0,948.0,432.0,8.0,3.0,111.0,0.0
4.0,4.0,4.0,0,7890.0,1288.0,613.0,7.0,3.0,181.0,18.0
4.0,4.0,4.0,1,6791.0,1288.0,613.0,7.0,3.0,181.0,18.0
4.0,4.0,4.0,2,6907.0,1288.0,613.0,7.0,3.0,181.0,18.0
4.0,4.0,4.0,3,7940.0,1288.0,613.0,7.0,3.0,181.0,18.0
4.0,4.0,4.0,4,7058.0,1288.0,613.0,7.0,3.0,181.0,18.0
4.0,4.0,4.0,5,8096.0,1288.0,613.0,7.0,3.0,181.0,18.0
4.0,4.0,4.0,6,12330.0,1288.0,613.0,7.0,3.0,181.0,18.0
4.0,4.0,4.0,7,6770.0,1288.0,613.0,7.0,3.0,181.0,18.0
4.0,4.0,4.0,0,7378.0,1443.0,660.0,7.0,3.0,207.0,84.0
4.0,4.0,4.0,1,7408.0,1443.0,660.0,7.0,3.0,207.0,84.0
4.0,4.0,4.0,2,9018.0,1443.0,660.0,7.0,3.0,207.0,84.0
4.0,4.0,4.0,3,9866.0,1443.0,660.0,7.0,3.0,207.0,84.0
4.0,4.0,4.0,4,8920.0,1443.0,660.0,7.0,3.0,207.0,84.0
4.0,4.0,4.0,5,11694.0,1443.0,660.0,7.0,3.0,207.0,84.0
4.0,4.0,4.0,6,10055.0,1443.0,660.0,7.0,3.0,207.0,84.0
4.0,4.0,4.0,7,7758.0,1443.0,660.0,7.0,3.0,207.0,84.0
4.0,4.0,4.0,0,13279.0,1462.0,660.0,7.0,3.0,209.0,63.0
4.0,4.0,4.0,1,7968.0,1462.0,660.0,7.0,3.0,209.0,63.0
4.0,4.0,4.0,2,13733.0,1462.0,660.0,7.0,3.0,209.0,63.0
4.0,4.0,4.0,3,7998.0,1462.0,660.0,7.0,3.0,209.0,63.0
4.0,4.0,4.0,4,17213.0,1462.0,660.0,7.0,3.0,209.0,63.0
4.0,4.0,4.0,5,7369.0,1462.0,660.0,7.0,3.0,209.0,63.0
4.0,4.0,4.0,6,9353.0,1462.0,660.0,7.0,3.0,209.0,63.0
4.0,4.0,4.0,7,9235.0,1462.0,660.0,7.0,3.0,209.0,63.0
5.0,4.0,4.0,0,25349.0,3795.0,1554.0,9.0,3.0,340.0,1.0
5.0,4.0,4.0,1,27994.0,3795.0,1554.0,9.0,3.0,340.0,1.0
5.0,4.0,4.0,2,26333.0,3795.0,1554.0,9.0,3.0,340.0,1.0
5.0,4.0,4.0,3,23191.0,3795.0,1554.0,9.0,3.0,340.0,1.0
5.0,4.0,4.0,4,26187.0,3795.0,1554.0,9.0,3.0,340.0,1.0
5.0,4.0,4.0,5,22398.0,3795.0,1554.0,9.0,3.0,340.0,1.0
5.0,4.0,4.0,6,23572.0,3795.0,1554.0,9.0,3.0,340.0,1.0
5.0,4.0,4.0,7,22957.0,3795.0,1554.0,9.0,3.0,340.0,1.0
5.0,4.0,4.0,0,17263.0,3360.0,1394.0,9.0,3.0,334.0,0.0
5.0,4.0,4.0,1,18104.0,3360.0,1394.0,9.0,3.0,334.0,0.0
5.0,4.0,4.0,2,18517.0,3360.0,1394.0,9.0,3.0,334.0,0.0
5.0,4.0,4.0,3,16222.0,3360.0,1394.0,9.0,3.0,334.0,0.0
5.0,4.0,4.0,4,18601.0,3360.0,1394.0,9.0,3.0,334.0,0.0
5.0,4.0,4.0,5,20445.0,3360.0,1394.0,9.0,3.0,334.0,0.0
5.0,4.0,4.0,6,16207.0,3360.0,1394.0,9.0,3.0,334.0,0.0
5.0,4.0,4.0,7,18648.0,3360.0,1394.0,9.0,3.0,334.0,0.0
5.0,4.0,4.0,0,26695.0,4179.0,1699.0,9.0,3.0,386.0,3.0
5.0,4.0,4.0,1,23804.0,4179.0,1699.0,9.0,3.0,386.0,3.0
5.0,4.0,4.0,2,20857.0,4179.0,1699.0,9.0,3.0,386.0,3.0
5.0,4.0,4.0,3,22503.0,4179.0,1699.0,9.0,3.0,386.0,3.0
5.0,4.0,4.0,4,23109.0,4179.0,1699.0,9.0,3.0,386.0,3.0
5.0,4.0,4.0,5,28240.0,4179.0,1699.0,9.0,3.0,386.0,3.0
5.0,4.0,4.0,6,23342.0,4179.0,1699.0,9.0,3.0,386.0,3.0
5.0,4.0,4.0,7,20860.0,4179.0,1699.0,9.0,3.0,386.0,3.0
5.0,4.0,4.0,0,16534.0,3194.0,1335.0,9.0,3.0,289.0,0.0
5.0,4.0,4.0,1,22894.0,3194.0,1335.0,9.0,3.0,289.0,0.0
5.0,4.0,4.0,2,15466.0,3194.0,1335.0,9.0,3.0,289.0,0.0
5.0,4.0,4.0,3,16585.0,3194.0,1335.0,9.0,3.0,289.0,0.0
5.0,4.0,4.0,4,25375.0,3194.0,1335.0,9.0,3.0,289.0,0.0
5.0,4.0,4.0,5,22777.0,3194.0,1335.0,9.0,3.0,289.0,0.0
5.0,4.0,4.0,6,15957.0,3194.0,1335.0,9.0,3.0,289.0,0.0
5.0,4.0,4.0,7,17249.0,3194.0,1335.0,9.0,3.0,289.0,0.0
5.0,4.0,4.0,0,23377.0,4182.0,1699.0,9.0,3.0,386.0,0.0
5.0,4.0,4.0,1,29348.0,4182.0,1699.0,9.0,3.0,386.0,0.0
5.0,4.0,4.0,2,21121.0,4182.0,1699.0,9.0,3.0,386.0,0.0
5.0,4.0,4.0,3,23289.0,4182.0,1699.0,9.0,3.0,386.0,0.0
5.0,4.0,4.0,4,34189.0,4182.0,1699.0,9.0,3.0,386.0,0.0
5.0,4.0,4.0,5,27834.0,4182.0,1699.0,9.0,3.0,386.0,0.0
5.0,4.0,4.0,6,23557.0,4182.0,1699.0,9.0,3.0,386.0,0.0
5.0,4.0,4.0,7,23067.0,4182.0,1699.0,9.0,3.0,386.0,0.0
5.0,4.0,4.0,0,17804.0,2863.0,1142.0,9.0,3.0,261.0,1.0
5.0,4.0,4.0,1,16046.0,2863.0,1142.0,9.0,3.0,261.0,1.0
5.0,4.0,4.0,2,22705.0,2863.0,1142.0,9.0,3.0,261.0,1.0
5.0,4.0,4.0,3,21316.0,2863.0,1142.0,9.0,3.0,261.0,1.0
5.0,4.0,4.0,4,14168.0,2863.0,1142.0,9.0,3.0,261.0,1.0
5.0,4.0,4.0,5,18546.0,2863.0,1142.0,9.0,3.0,261.0,1.0
5.0,4.0,4.0,6,15046.0,2863.0,1142.0,9.0,3.0,261.0,1.0
5.0,4.0,4.0,7,16144.0,2863.0,1142.0,9.0,3.0,261.0,1.0
5.0,4.0,4.0,0,21448.0,2620.0,1113.0,9.0,3.0,243.0,0.0
5.0,4.0,4.0,1,12352.0,2620.0,1113.0,9.0,3.0,243.0,0.0
5.0,4.0,4.0,2,13545.0,2620.0,1113.0,9.0,3.0,243.0,0.0
5.0,4.0,4.0,3,17860.0,2620.0,1113.0,9.0,3.0,243.0,0.0
5.0,4.0,4.0,4,13344.0,2620.0,1113.0,9.0,3.0,243.0,0.0
5.0,4.0,4.0,5,13622.0,2620.0,1113.0,9.0,3.0,243.0,0.0
5.0,4.0,4.0,6,12251.0,2620.0,1113.0,9.0,3.0,243.0,0.0
5.0,4.0,4.0,7,12209.0,2620.0,1113.0,9.0,3.0,243.0,0.0
5.0,4.0,4.0,0,26309.0,5131.0,2008.0,8.0,3.0,448.0,61.0
5.0,4.0,4.0,1,26723.0,5131.0,2008.0,8.0,3.0,448.0,61.0
5.0,4.0,4.0,2,27713.0,5131.0,2008.0,8.0,3.0,448.0,61.0
5.0,4.0,4.0,3,27646.0,5131.0,2008.0,8.0,3.0,448.0,61.0
5.0,4.0,4.0,4,27407.0,5131.0,2008.0,8.0,3.0,448.0,61.0
5.0,4.0,4.0,5,27902.0,5131.0,2008.0,8.0,3.0,448.0,61.0
5.0,4.0,4.0,6,31369.0,5131.0,2008.0,8.0,3.0,448.0,61.0
5.0,4.0,4.0,7,30261.0,5131.0,2008.0,8.0,3.0,448.0,61.0
6.0,4.0,4.0,0,45184.0,8523.0,3185.0,10.0,3.0,542.0,5.0
6.0,4.0,4.0,1,43231.0,8523.0,3185.0,10.0,3.0,542.0,5.0
6.0,4.0,4.0,2,47531.0,8523.0,3185.0,10.0,3.0,542.0,5.0
6.0,4.0,4.0,3,41469.0,8523.0,3185.0,10.0,3.0,542.0,5.0
6.0,4.0,4.0,4,51705.0,8523.0,3185.0,10.0,3.0,542.0,5.0
6.0,4.0,4.0,5,49007.0,8523.0,3185.0,10.0,3.0,542.0,5.0
6.0,4.0,4.0,6,48596.0,8523.0,3185.0,10.0,3.0,542.0,5.0
6.0,4.0,4.0,7,41517.0,8523.0,3185.0,10.0,3.0,542.0,5.0
6.0,4.0,4.0,0,62405.0,10147.0,3645.0,10.0,3.0,623.0,5.0
6.0,4.0,4.0,1,54736.0,10147.0,3645.0,10.0,3.0,623.0,5.0
6.0,4.0,4.0,2,50545.0,10147.0,3645.0,10.0,3.0,623.0,5.0
6.0,4.0,4.0,3,68392.0,10147.0,3645.0,10.0,3.0,623.0,5.0
6.0,4.0,4.0,4,60643.0,10147.0,3645.0,10.0,3.0,623.0,5.0
6.0,4.0,4.0,5,58955.0,10147.0,3645.0,10.0,3.0,623.0,5.0
6.0,4.0,4.0,6,60224.0,10147.0,3645.0,10.0,3.0,623.0,5.0
6.0,4.0,4.0,7,52630.0,10147.0,3645.0,10.0,3.0,623.0,5.0
6.0,4.0,4.0,0,42498.0,8527.0,3185.0,10.0,3.0,542.0,1.0
6.0,4.0,4.0,1,46346.0,8527.0,3185.0,10.0,3.0,542.0,1.0
6.0,4.0,4.0,2,42762.0,8527.0,3185.0,10.0,3.0,542.0,1.0
6.0,4.0,4.0,3,55153.0,8527.0,3185.0,10.0,3.0,542.0,1.0
6.0,4.0,4.0,4,44592.0,8527.0,3185.0,10.0,3.0,542.0,1.0
6.0,4.0,4.0,5,50441.0,8527.0,3185.0,10.0,3.0,542.0,1.0
6.0,4.0,4.0,6,50533.0,8527.0,3185.0,10.0,3.0,542.0,1.0
6.0,4.0,4.0,7,56735.0,8527.0,3185.0,10.0,3.0,542.0,1.0
6.0,4.0,4.0,0,43469.0,8913.0,3294.0,10.0,3.0,570.0,3.0
6.0,4.0,4.0,1,53128.0,8913.0,3294.0,10.0,3.0,570.0,3.0
6.0,4.0,4.0,2,50002.0,8913.0,3294.0,10.0,3.0,570.0,3.0
6.0,4.0,4.0,3,57028.0,8913.0,3294.0,10.0,3.0,570.0,3.0
6.0,4.0,4.0,4,52670.0,8913.0,3294.0,10.0,3.0,570.0,3.0
6.0,4.0,4.0,5,51852.0,8913.0,3294.0,10.0,3.0,570.0,3.0
6.0,4.0,4.0,6,54963.0,8913.0,3294.0,10.0,3.0,570.0,3.0
6.0,4.0,4.0,7,45302.0,8913.0,3294.0,10.0,3.0,570.0,3.0
6.0,4.0,4.0,0,35914.0,7368.0,2754.0,10.0,3.0,486.0,0.0
6.0,4.0,4.0,1,48125.0,7368.0,2754.0,10.0,3.0,486.0,0.0
6.0,4.0,4.0,2,36334.0,7368.0,2754.0,10.0,3.0,486.0,0.0
6.0,4.0,4.0,3,36215.0,7368.0,2754.0,10.0,3.0,486.0,0.0
6.0,4.0,4.0,4,35754.0,7368.0,2754.0,10.0,3.0,486.0,0.0
6.0,4.0,4.0,5,40010.0,7368.0,2754.0,10.0,3.0,486.0,0.0
6.0,4.0,4.0,6,42795.0,7368.0,2754.0,10.0,3.0,486.0,0.0
6.0,4.0,4.0,7,33655.0,7368.0,2754.0,10.0,3.0,486.0,0.0
6.0,4.0,4.0,0,35650.0,7368.0,2754.0,10.0,3.0,486.0,0.0
6.0,4.0,4.0,1,36814.0,7368.0,2754.0,10.0,3.0,486.0,0.0
6.0,4.0,4.0,2,37838.0,7368.0,2754.0,10.0,3.0,486.0,0.0
6.0,4.0,4.0,3,35551.0,7368.0,2754.0,10.0,3.0,486.0,0.0
6.0,4.0,4.0,4,41856.0,7368.0,2754.0,10.0,3.0,486.0,0.0
6.0,4.0,4.0,5,37929.0,7368.0,2754.0,10.0,3.0,486.0,0.0
6.0,4.0,4.0,6,45079.0,7368.0,2754.0,10.0,3.0,486.0,0.0
6.0,4.0,4.0,7,39781.0,7368.0,2754.0,10.0,3.0,486.0,0.0
6.0,4.0,4.0,0,59305.0,10698.0,3858.0,10.0,3.0,639.0,6.0
6.0,4.0,4.0,1,63595.0,10698.0,3858.0,10.0,3.0,639.0,6.0
6.0,4.0,4.0,2,63381.0,10698.0,3858.0,10.0,3.0,639.0,6.0
6.0,4.0,4.0,3,57719.0,10698.0,3858.0,10.0,3.0,639.0,6.0
6.0,4.0,4.0,4,57217.0,10698.0,3858.0,10.0,3.0,639.0,6.0
6.0,4.0,4.0,5,58768.0,10698.0,3858.0,10.0,3.0,639.0,6.0
6.0,4.0,4.0,6,62743.0,10698.0,3858.0,10.0,3.0,639.0,6.0
6.0,4.0,4.0,7,57847.0,10698.0,3858.0,10.0,3.0,639.0,6.0
6.0,4.0,4.0,0,48866.0,8526.0,3185.0,10.0,3.0,542.0,2.0
6.0,4.0,4.0,1,43059.0,8526.0,3185.0,10.0,3.0,542.0,2.0
6.0,4.0,4.0,2,49234.0,8526.0,3185.0,10.0,3.0,542.0,2.0
6.0,4.0,4.0,3,47265.0,8526.0,3185.0,10.0,3.0,542.0,2.0
6.0,4.0,4.0,4,41663.0,8526.0,3185.0,10.0,3.0,542.0,2.0
6.0,4.0,4.0,5,42375.0,8526.0,3185.0,10.0,3.0,542.0,2.0
6.0,4.0,4.0,6,58614.0,8526.0,3185.0,10.0,3.0,542.0,2.0
6.0,4.0,4.0,7,48803.0,8526.0,3185.0,10.0,3.0,542.0,2.0
7.0,4.0,4.0,0,122788.0,26709.0,8583.0,11.0,3.0,1147.0,1.0
7.0,4.0,4.0,1,121167.0,26709.0,8583.0,11.0,3.0,1147.0,1.0
7.0,4.0,4.0,2,141535.0,26709.0,8583.0,11.0,3.0,1147.0,1.0
7.0,4.0,4.0,3,122697.0,26709.0,8583.0,11.0,3.0,1147.0,1.0
7.0,4.0,4.0,4,130767.0,26709.0,8583.0,11.0,3.0,1147.0,1.0
7.0,4.0,4.0,5,126867.0,26709.0,8583.0,11.0,3.0,1147.0,1.0
7.0,4.0,4.0,6,129026.0,26709.0,8583.0,11.0,3.0,1147.0,1.0
7.0,4.0,4.0,7,129688.0,26709.0,8583.0,11.0,3.0,1147.0,1.0
7.0,4.0,4.0,0,116166.0,25452.0,8135.0,11.0,3.0,1115.0,9.0
7.0,4.0,4.0,1,120910.0,25452.0,8135.0,11.0,3.0,1115.0,9.0
7.0,4.0,4.0,2,122438.0,25452.0,8135.0,11.0,3.0,1115.0,9.0
7.0,4.0,4.0,3,123031.0,25452.0,8135.0,11.0,3.0,1115.0,9.0
7.0,4.0,4.0,4,118535.0,25452.0,8135.0,11.0,3.0,1115.0,9.0
7.0,4.0,4.0,5,116855.0,25452.0,8135.0,11.0,3.0,1115.0,9.0
7.0,4.0,4.0,6,122200.0,25452.0,8135.0,11.0,3.0,1115.0,9.0
7.0,4.0,4.0,7,123007.0,25452.0,8135.0,11.0,3.0,1115.0,9.0
7.0,4.0,4.0,0,133181.0,25456.0,8135.0,11.0,3.0,1115.0,5.0
7.0,4.0,4.0,1,117295.0,25456.0,8135.0,11.0,3.0,1115.0,5.0
7.0,4.0,4.0,2,121154.0,25456.0,8135.0,11.0,3.0,1115.0,5.0
7.0,4.0,4.0,3,124120.0,25456.0,8135.0,11.0,3.0,1115.0,5.0
7.0,4.0,4.0,4,117730.0,25456.0,8135.0,11.0,3.0,1115.0,5.0
7.0,4.0,4.0,5,127019.0,25456.0,8135.0,11.0,3.0,1115.0,5.0
7.0,4.0,4.0,6,124558.0,25456.0,8135.0,11.0,3.0,1115.0,5.0
7.0,4.0,4.0,7,127027.0,25456.0,8135.0,11.0,3.0,1115.0,5.0
7.0,4.0,4.0,0,126946.0,27415.0,8723.0,11.0,3.0,1191.0,1.0
7.0,4.0,4.0,1,131660.0,27415.0,8723.0,11.0,3.0,1191.0,1.0
7.0,4.0,4.0,2,130093.0,27415.0,8723.0,11.0,3.0,1191.0,1.0
7.0,4.0,4.0,3,132786.0,27415.0,8723.0,11.0,3.0,1191.0,1.0
7.0,4.0,4.0,4,134754.0,27415.0,8723.0,11.0,3.0,1191.0,1.0
7.0,4.0,4.0,5,126930.0,27415.0,8723.0,11.0,3.0,1191.0,1.0
7.0,4.0,4.0,6,136505.0,27415.0,8723.0,11.0,3.0,1191.0,1.0
7.0,4.0,4.0,7,129334.0,27415.0,8723.0,11.0,3.0,1191.0,1.0
7.0,4.0,4.0,0,133283.0,27416.0,8723.0,11.0,3.0,1191.0,0.0
7.0,4.0,4.0,1,129248.0,27416.0,8723.0,11.0,3.0,1191.0,0.0
7.0,4.0,4.0,2,129112.0,27416.0,8723.0,11.0,3.0,1191.0,0.0
7.0,4.0,4.0,3,125821.0,27416.0,8723.0,11.0,3.0,1191.0,0.0
7.0,4.0,4.0,4,135656.0,27416.0,8723.0,11.0,3.0,1191.0,0.0
7.0,4.0,4.0,5,133079.0,27416.0,8723.0,11.0,3.0,1191.0,0.0
7.0,4.0,4.0,6,125381.0,27416.0,8723.0,11.0,3.0,1191.0,0.0
7.0,4.0,4.0,7,129589.0,27416.0,8723.0,11.0,3.0,1191.0,0.0
7.0,4.0,4.0,0,124295.0,26708.0,8583.0,11.0,3.0,1147.0,2.0
7.0,4.0,4.0,1,129382.0,26708.0,8583.0,11.0,3.0,1147.0,2.0
7.0,4.0,4.0,2,130687.0,26708.0,8583.0,11.0,3.0,1147.0,2.0
7.0,4.0,4.0,3,130592.0,26708.0,8583.0,11.0,3.0,1147.0,2.0
7.0,4.0,4.0,4,126361.0,26708.0,8583.0,11.0,3.0,1147.0,2.0
7.0,4.0,4.0,5,132742.0,26708.0,8583.0,11.0,3.0,1147.0,2.0
7.0,4.0,4.0,6,123281.0,26708.0,8583.0,11.0,3.0,1147.0,2.0
7.0,4.0,4.0,7,130898.0,26708.0,8583.0,11.0,3.0,1147.0,2.0
7.0,4.0,4.0,0,128340.0,26710.0,8583.0,11.0,3.0,1147.0,0.0
7.0,4.0,4.0,1,132979.0,26710.0,8583.0,11.0,3.0,1147.0,0.0
7.0,4.0,4.0,2,128216.0,26710.0,8583.0,11.0,3.0,1147.0,0.0
7.0,4.0,4.0,3,123834.0,26710.0,8583.0,11.0,3.0,1147.0,0.0
7.0,4.0,4.0,4,120565.0,26710.0,8583.0,11.0,3.0,1147.0,0.0
7.0,4.0,4.0,5,131171.0,26710.0,8583.0,11.0,3.0,1147.0,0.0
7.0,4.0,4.0,6,122763.0,26710.0,8583.0,11.0,3.0,1147.0,0.0
7.0,4.0,4.0,7,125345.0,26710.0,8583.0,11.0,3.0,1147.0,0.0
7.0,4.0,4.0,0,123457.0,26710.0,8583.0,11.0,3.0,1147.0,0.0
7.0,4.0,4.0,1,124698.0,26710.0,8583.0,11.0,3.0,1147.0,0.0
7.0,4.0,4.0,2,130501.0,26710.0,8583.0,11.0,3.0,1147.0,0.0
7.0,4.0,4.0,3,124073.0,26710.0,8583.0,11.0,3.0,1147.0,0.0
7.0,4.0,4.0,4,124209.0,26710.0,8583.0,11.0,3.0,1147.0,0.0
7.0,4.0,4.0,5,122320.0,26710.0,8583.0,11.0,3.0,1147.0,0.0
7.0,4.0,4.0,6,131149.0,26710.0,8583.0,11.0,3.0,1147.0,0.0
7.0,4.0,4.0,7,123280.0,26710.0,8583.0,11.0,3.0,1147.0,0.0
8.0,4.0,4.0,0,321737.0,75285.0,20869.0,12.0,3.0,2328.0,3.0
8.0,4.0,4.0,1,323892.0,75285.0,20869.0,12.0,3.0,2328.0,3.0
8.0,4.0,4.0,2,323595.0,75285.0,20869.0,12.0,3.0,2328.0,3.0
8.0,4.0,4.0,3,326832.0,75285.0,20869.0,12.0,3.0,2328.0,3.0
8.0,4.0,4.0,4,323322.0,75285.0,20869.0,12.0,3.0,2328.0,3.0
8.0,4.0,4.0,5,324340.0,75285.0,20869.0,12.0,3.0,2328.0,3.0
8.0,4.0,4.0,6,321999.0,75285.0,20869.0,12.0,3.0,2328.0,3.0
8.0,4.0,4.0,7,321471.0,75285.0,20869.0,12.0,3.0,2328.0,3.0
8.0,4.0,4.0,0,320321.0,75288.0,20869.0,12.0,3.0,2328.0,0.0
8.0,4.0,4.0,1,320520.0,75288.0,20869.0,12.0,3.0,2328.0,0.0
8.0,4.0,4.0,2,323720.0,75288.0,20869.0,12.0,3.0,2328.0,0.0
8.0,4.0,4.0,3,320179.0,75288.0,20869.0,12.0,3.0,2328.0,0.0
8.0,4.0,4.0,4,317181.0,75288.0,20869.0,12.0,3.0,2328.0,0.0
8.0,4.0,4.0,5,320457.0,75288.0,20869.0,12.0,3.0,2328.0,0.0
8.0,4.0,4.0,6,317582.0,75288.0,20869.0,12.0,3.0,2328.0,0.0
8.0,4.0,4.0,7,318154.0,75288.0,20869.0,12.0,3.0,2328.0,0.0
8.0,4.0,4.0,0,321595.0,75286.0,20869.0,12.0,3.0,2328.0,2.0
8.0,4.0,4.0,1,323108.0,75286.0,20869.0,12.0,3.0,2328.0,2.0
8.0,4.0,4.0,2,322771.0,75286.0,20869.0,12.0,3.0,2328.0,2.0
8.0,4.0,4.0,3,321917.0,75286.0,20869.0,12.0,3.0,2328.0,2.0
8.0,4.0,4.0,4,319295.0,75286.0,20869.0,12.0,3.0,2328.0,2.0
8.0,4.0,4.0,5,322171.0,75286.0,20869.0,12.0,3.0,2328.0,2.0
8.0,4.0,4.0,6,318794.0,75286.0,20869.0,12.0,3.0,2328.0,2.0
8.0,4.0,4.0,7,319325.0,75286.0,20869.0,12.0,3.0,2328.0,2.0
8.0,4.0,4.0,0,326444.0,76673.0,21256.0,12.0,3.0,2356.0,5.0
8.0,4.0,4.0,1,329508.0,76673.0,21256.0,12.0,3.0,2356.0,5.0
8.0,4.0,4.0,2,328653.0,76673.0,21256.0,12.0,3.0,2356.0,5.0
8.0,4.0,4.0,3,329267.0,76673.0,21256.0,12.0,3.0,2356.0,5.0
8.0,4.0,4.0,4,326763.0,76673.0,21256.0,12.0,3.0,2356.0,5.0
8.0,4.0,4.0,5,329334.0,76673.0,21256.0,12.0,3.0,2356.0,5.0
8.0,4.0,4.0,6,329042.0,76673.0,21256.0,12.0,3.0,2356.0,5.0
8.0,4.0,4.0,7,328993.0,76673.0,21256.0,12.0,3.0,2356.0,5.0
8.0,4.0,4.0,0,335183.0,77956.0,21784.0,12.0,3.0,2296.0,0.0
8.0,4.0,4.0,1,331677.0,77956.0,21784.0,12.0,3.0,2296.0,0.0
8.0,4.0,4.0,2,332014.0,77956.0,21784.0,12.0,3.0,2296.0,0.0
8.0,4.0,4.0,3,332132.0,77956.0,21784.0,12.0,3.0,2296.0,0.0
8.0,4.0,4.0,4,334409.0,77956.0,21784.0,12.0,3.0,2296.0,0.0
8.0,4.0,4.0,5,332851.0,77956.0,21784.0,12.0,3.0,2296.0,0.0
8.0,4.0,4.0,6,332756.0,77956.0,21784.0,12.0,3.0,2296.0,0.0
8.0,4.0,4.0,7,338699.0,77956.0,21784.0,12.0,3.0,2296.0,0.0
8.0,4.0,4.0,0,334680.0,77938.0,21783.0,12.0,3.0,2296.0,17.0
8.0,4.0,4.0,1,334882.0,77938.0,21783.0,12.0,3.0,2296.0,17.0
8.0,4.0,4.0,2,331723.0,77938.0,21783.0,12.0,3.0,2296.0,17.0
8.0,4.0,4.0,3,331582.0,77938.0,21783.0,12.0,3.0,2296.0,17.0
8.0,4.0,4.0,4,340203.0,77938.0,21783.0,12.0,3.0,2296.0,17.0
8.0,4.0,4.0,5,335411.0,77938.0,21783.0,12.0,3.0,2296.0,17.0
8.0,4.0,4.0,6,334889.0,77938.0,21783.0,12.0,3.0,2296.0,17.0
8.0,4.0,4.0,7,332067.0,77938.0,21783.0,12.0,3.0,2296.0,17.0
8.0,4.0,4.0,0,332465.0,77370.0,21577.0,12.0,3.0,2340.0,2.0
8.0,4.0,4.0,1,332247.0,77370.0,21577.0,12.0,3.0,2340.0,2.0
8.0,4.0,4.0,2,334621.0,77370.0,21577.0,12.0,3.0,2340.0,2.0
8.0,4.0,4.0,3,333678.0,77370.0,21577.0,12.0,3.0,2340.0,2.0
8.0,4.0,4.0,4,332002.0,77370.0,21577.0,12.0,3.0,2340.0,2.0
8.0,4.0,4.0,5,331937.0,77370.0,21577.0,12.0,3.0,2340.0,2.0
8.0,4.0,4.0,6,334178.0,77370.0,21577.0,12.0,3.0,2340.0,2.0
8.0,4.0,4.0,7,330118.0,77370.0,21577.0,12.0,3.0,2340.0,2.0
8.0,4.0,4.0,0,332777.0,77942.0,21783.0,12.0,3.0,2296.0,13.0
8.0,4.0,4.0,1,334572.0,77942.0,21783.0,12.0,3.0,2296.0,13.0
8.0,4.0,4.0,2,334537.0,77942.0,21783.0,12.0,3.0,2296.0,13.0
8.0,4.0,4.0,3,334913.0,77942.0,21783.0,12.0,3.0,2296.0,13.0
8.0,4.0,4.0,4,331698.0,77942.0,21783.0,12.0,3.0,2296.0,13.0
8.0,4.0,4.0,5,346509.0,77942.0,21783.0,12.0,3.0,2296.0,13.0
8.0,4.0,4.0,6,339539.0,77942.0,21783.0,12.0,3.0,2296.0,13.0
8.0,4.0,4.0,7,332560.0,77942.0,21783.0,12.0,3.0,2296.0,13.0
9.0,4.0,4.0,0,856923.0,201312.0,49005.0,13.0,3.0,4709.0,0.0
9.0,4.0,4.0,1,859831.0,201312.0,49005.0,13.0,3.0,4709.0,0.0
9.0,4.0,4.0,2,872615.0,201312.0,49005.0,13.0,3.0,4709.0,0.0
9.0,4.0,4.0,3,860008.0,201312.0,49005.0,13.0,3.0,4709.0,0.0
9.0,4.0,4.0,4,859730.0,201312.0,49005.0,13.0,3.0,4709.0,0.0
9.0,4.0,4.0,5,856831.0,201312.0,49005.0,13.0,3.0,4709.0,0.0
9.0,4.0,4.0,6,861050.0,201312.0,49005.0,13.0,3.0,4709.0,0.0
9.0,4.0,4.0,7,860298.0,201312.0,49005.0,13.0,3.0,4709.0,0.0
9.0,4.0,4.0,0,891136.0,206790.0,50683.0,13.0,3.0,4641.0,4.0
9.0,4.0,4.0,1,888227.0,206790.0,50683.0,13.0,3.0,4641.0,4.0
9.0,4.0,4.0,2,891241.0,206790.0,50683.0,13.0,3.0,4641.0,4.0
9.0,4.0,4.0,3,888994.0,206790.0,50683.0,13.0,3.0,4641.0,4.0
9.0,4.0,4.0,4,892649.0,206790.0,50683.0,13.0,3.0,4641.0,4.0
9.0,4.0,4.0,5,887998.0,206790.0,50683.0,13.0,3.0,4641.0,4.0
9.0,4.0,4.0,6,892271.0,206790.0,50683.0,13.0,3.0,4641.0,4.0
9.0,4.0,4.0,7,890134.0,206790.0,50683.0,13.0,3.0,4641.0,4.0
9.0,4.0,4.0,0,888753.0,206794.0,50683.0,13.0,3.0,4641.0,0.0
9.0,4.0,4.0,1,890673.0,206794.0,50683.0,13.0,3.0,4641.0,0.0
9.0,4.0,4.0,2,888174.0,206794.0,50683.0,13.0,3.0,4641.0,0.0
9.0,4.0,4.0,3,891812.0,206794.0,50683.0,13.0,3.0,4641.0,0.0
9.0,4.0,4.0,4,891271.0,206794.0,50683.0,13.0,3.0,4641.0,0.0
9.0,4.0,4.0,5,892170.0,206794.0,50683.0,13.0,3.0,4641.0,0.0
9.0,4.0,4.0,6,892682.0,206794.0,50683.0,13.0,3.0,4641.0,0.0
9.0,4.0,4.0,7,890059.0,206794.0,50683.0,13.0,3.0,4641.0,0.0
9.0,4.0,4.0,0,860559.0,201312.0,49005.0,13.0,3.0,4709.0,0.0
9.0,4.0,4.0,1,860257.0,201312.0,49005.0,13.0,3.0,4709.0,0.0
9.0,4.0,4.0,2,857964.0,201312.0,49005.0,13.0,3.0,4709.0,0.0
9.0,4.0,4.0,3,856927.0,201312.0,49005.0,13.0,3.0,4709.0,0.0
9.0,4.0,4.0,4,862342.0,201312.0,49005.0,13.0,3.0,4709.0,0.0
9.0,4.0,4.0,5,859765.0,201312.0,49005.0,13.0,3.0,4709.0,0.0
9.0,4.0,4.0,6,859283.0,201312.0,49005.0,13.0,3.0,4709.0,0.0
9.0,4.0,4.0,7,857044.0,201312.0,49005.0,13.0,3.0,4709.0,0.0
9.0,4.0,4.0,0,900607.0,208708.0,51285.0,13.0,3.0,4573.0,0.0
9.0,4.0,4.0,1,900959.0,208708.0,51285.0,13.0,3.0,4573.0,0.0
9.0,4.0,4.0,2,900458.0,208708.0,51285.0,13.0,3.0,4573.0,0.0
9.0,4.0,4.0,3,896338.0,208708.0,51285.0,13.0,3.0,4573.0,0.0
9.0,4.0,4.0,4,896526.0,208708.0,51285.0,13.0,3.0,4573.0,0.0
9.0,4.0,4.0,5,900200.0,208708.0,51285.0,13.0,3.0,4573.0,0.0
9.0,4.0,4.0,6,897201.0,208708.0,51285.0,13.0,3.0,4573.0,0.0
9.0,4.0,4.0,7,898368.0,208708.0,51285.0,13.0,3.0,4573.0,0.0
9.0,4.0,4.0,0,895517.0,208699.0,51284.0,13.0,3.0,4573.0,8.0
9.0,4.0,4.0,1,895897.0,208699.0,51284.0,13.0,3.0,4573.0,8.0
9.0,4.0,4.0,2,898972.0,208699.0,51284.0,13.0,3.0,4573.0,8.0
9.0,4.0,4.0,3,900104.0,208699.0,51284.0,13.0,3.0,4573.0,8.0
9.0,4.0,4.0,4,896414.0,208699.0,51284.0,13.0,3.0,4573.0,8.0
9.0,4.0,4.0,5,897146.0,208699.0,51284.0,13.0,3.0,4573.0,8.0
9.0,4.0,4.0,6,896730.0,208699.0,51284.0,13.0,3.0,4573.0,8.0
9.0,4.0,4.0,7,899354.0,208699.0,51284.0,13.0,3.0,4573.0,8.0
9.0,4.0,4.0,0,856522.0,201312.0,49005.0,13.0,3.0,4709.0,0.0
9.0,4.0,4.0,1,857484.0,201312.0,49005.0,13.0,3.0,4709.0,0.0
9.0,4.0,4.0,2,856066.0,201312.0,49005.0,13.0,3.0,4709.0,0.0
9.0,4.0,4.0,3,859599.0,201312.0,49005.0,13.0,3.0,4709.0,0.0
9.0,4.0,4.0,4,859345.0,201312.0,49005.0,13.0,3.0,4709.0,0.0
9.0,4.0,4.0,5,860270.0,201312.0,49005.0,13.0,3.0,4709.0,0.0
9.0,4.0,4.0,6,856922.0,201312.0,49005.0,13.0,3.0,4709.0,0.0
9.0,4.0,4.0,7,855860.0,201312.0,49005.0,13.0,3.0,4709.0,0.0
9.0,4.0,4.0,0,899516.0,208706.0,51285.0,13.0,3.0,4573.0,2.0
9.0,4.0,4.0,1,898272.0,208706.0,51285.0,13.0,3.0,4573.0,2.0
9.0,4.0,4.0,2,897270.0,208706.0,51285.0,13.0,3.0,4573.0,2.0
9.0,4.0,4.0,3,896248.0,208706.0,51285.0,13.0,3.0,4573.0,2.0
9.0,4.0,4.0,4,898653.0,208706.0,51285.0,13.0,3.0,4573.0,2.0
9.0,4.0,4.0,5,894910.0,208706.0,51285.0,13.0,3.0,4573.0,2.0
9.0,4.0,4.0,6,899935.0,208706.0,51285.0,13.0,3.0,4573.0,2.0
9.0,4.0,4.0,7,895597.0,208706.0,51285.0,13.0,3.0,4573.0,2.0
10,4,4,0,2223320,529950,115906,14,3.0,9214,0
10,4,4,0,2227970,529950,115906,14,3.0,9214,0
10,4,4,0,2244900,529950,115906,14,3.0,9214,0
10,4,4,0,2273350,529948,115906,14,3.0,9214,2
10,4,4,0,2271340,529948,115906,14,3.0,9214,2
10,4,4,0,2278360,529948,115906,14,3.0,9214,2
10,4,4,0,2272130,529948,115906,14,3.0,9214,2
10,4,4,0,2272240,529948,115906,14,3.0,9214,2
10,4,4,0,2228950,529950,115906,14,3.0,9214,0
10,4,4,0,2226310,529950,115906,14,3.0,9214,0
10,4,4,0,2242690,529950,115906,14,3.0,9214,0
10,4,4,0,2291260,529950,115906,14,3.0,9214,0
10,4,4,0,2278830,529950,115906,14,3.0,9214,0
10,4,4,0,2277560,529950,115906,14,3.0,9214,0
10,4,4,0,2274710,529950,115906,14,3.0,9214,0
10,4,4,0,2277660,529950,115906,14,3.0,9214,0
10,4,4,0,2255150,535342,117384,14,3.0,9042,0
10,4,4,0,2254070,535342,117384,14,3.0,9042,0
10,4,4,0,2266240,535342,117384,14,3.0,9042,0
10,4,4,0,2301810,535342,117384,14,3.0,9042,0
10,4,4,0,2305080,535342,117384,14,3.0,9042,0
10,4,4,0,2298800,535342,117384,14,3.0,9042,0
10,4,4,0,2299040,535342,117384,14,3.0,9042,0
10,4,4,0,2322080,535342,117384,14,3.0,9042,0
10,4,4,0,2265480,535342,117384,14,3.0,9042,0
10,4,4,0,2257200,535342,117384,14,3.0,9042,0
10,4,4,0,2269350,535341,117384,14,3.0,9042,1
10,4,4,0,2293420,535336,117384,14,3.0,9042,6
10,4,4,0,2292200,535336,117384,14,3.0,9042,6
10,4,4,0,2297320,535336,117384,14,3.0,9042,6
10,4,4,0,2294100,535336,117384,14,3.0,9042,6
10,4,4,0,2298060,535336,117384,14,3.0,9042,6
10,4,4,0,2262160,535342,117384,14,3.0,9042,0
10,4,4,0,2255550,535342,117384,14,3.0,9042,0
10,4,4,0,2278680,535342,117384,14,3.0,9042,0
10,4,4,0,2312430,535340,117384,14,3.0,9042,2
10,4,4,0,2314830,535340,117384,14,3.0,9042,2
10,4,4,0,2313900,535340,117384,14,3.0,9042,2
10,4,4,0,2308290,535340,117384,14,3.0,9042,2
10,4,4,0,2301040,535340,117384,14,3.0,9042,2
10,4,4,0,2259940,535342,117384,14,3.0,9042,0
10,4,4,0,2249080,535342,117384,14,3.0,9042,0
10,4,4,0,2259470,535342,117384,14,3.0,9042,0
10,4,4,0,2302650,535342,117384,14,3.0,9042,0
10,4,4,0,2302240,535342,117384,14,3.0,9042,0
10,4,4,0,2302640,535342,117384,14,3.0,9042,0
10,4,4,0,2315510,535342,117384,14,3.0,9042,0
10,4,4,0,2295960,535342,117384,14,3.0,9042,0
10,4,4,0,2227620,529950,115906,14,3.0,9214,0
10,4,4,0,2227810,529950,115906,14,3.0,9214,0
10,4,4,0,2237110,529950,115906,14,3.0,9214,0
10,4,4,0,2272930,529950,115906,14,3.0,9214,0
10,4,4,0,2270940,529950,115906,14,3.0,9214,0
10,4,4,0,2267960,529950,115906,14,3.0,9214,0
10,4,4,0,2269940,529950,115906,14,3.0,9214,0
10,4,4,0,2270730,529950,115906,14,3.0,9214,0
10,4,4,0,2224240,529950,115906,14,3.0,9214,0
10,4,4,0,2223740,529950,115906,14,3.0,9214,0
10,4,4,0,2242480,529950,115906,14,3.0,9214,0
10,4,4,0,2270750,529950,115906,14,3.0,9214,0
10,4,4,0,2266600,529950,115906,14,3.0,9214,0
10,4,4,0,2271900,529950,115906,14,3.0,9214,0
10,4,4,0,2267650,529950,115906,14,3.0,9214,0
10,4,4,0,2267890,529950,115906,14,3.0,9214,0
